doctor_id,territory_id,month,drug_name,prescriptions,unit_price_inr
D0001,T09,2024-01,GlucoCare,17,607.03
D0001,T09,2024-01,DiabetoShield,10,567.47
D0001,T09,2024-01,SugarBlock,14,683.8
D0001,T09,2024-02,GlucoCare,16,629.02
D0001,T09,2024-02,DiabetoShield,17,576.39
D0001,T09,2024-02,SugarBlock,3,699.29
D0001,T09,2024-03,GlucoCare,12,622.06
D0001,T09,2024-03,DiabetoShield,9,546.15
D0001,T09,2024-03,SugarBlock,8,703.58
D0001,T09,2024-04,GlucoCare,13,627.61
D0001,T09,2024-04,DiabetoShield,10,551.04
D0001,T09,2024-04,SugarBlock,9,704.36
D0001,T09,2024-05,GlucoCare,12,631.99
D0001,T09,2024-05,DiabetoShield,1,571.61
D0001,T09,2024-05,SugarBlock,21,685.58
D0001,T09,2024-06,GlucoCare,11,628.81
D0001,T09,2024-06,DiabetoShield,12,563.39
D0001,T09,2024-06,SugarBlock,7,680.47
D0001,T09,2024-07,GlucoCare,14,609.21
D0001,T09,2024-07,DiabetoShield,12,552.52
D0001,T09,2024-07,SugarBlock,9,669.51
D0001,T09,2024-08,GlucoCare,13,604.11
D0001,T09,2024-08,DiabetoShield,9,566.89
D0001,T09,2024-08,SugarBlock,11,707.51
D0001,T09,2024-09,GlucoCare,17,634.85
D0001,T09,2024-09,DiabetoShield,18,571.68
D0001,T09,2024-09,SugarBlock,4,682.64
D0001,T09,2024-10,GlucoCare,18,610.04
D0001,T09,2024-10,DiabetoShield,6,556.93
D0001,T09,2024-10,SugarBlock,16,697.21
D0001,T09,2024-11,GlucoCare,14,634.89
D0001,T09,2024-11,DiabetoShield,19,558.77
D0001,T09,2024-11,SugarBlock,3,706.34
D0001,T09,2024-12,GlucoCare,14,633.56
D0001,T09,2024-12,DiabetoShield,14,556.63
D0001,T09,2024-12,SugarBlock,3,674.56
D0002,T05,2024-01,GlucoCare,17,607.18
D0002,T05,2024-01,DiabetoShield,6,561.75
D0002,T05,2024-01,SugarBlock,28,704.7
D0002,T05,2024-02,GlucoCare,18,607.49
D0002,T05,2024-02,DiabetoShield,21,572.35
D0002,T05,2024-02,SugarBlock,15,705.77
D0002,T05,2024-03,GlucoCare,14,605.55
D0002,T05,2024-03,DiabetoShield,17,571.81
D0002,T05,2024-03,SugarBlock,15,670.26
D0002,T05,2024-04,GlucoCare,16,624.48
D0002,T05,2024-04,DiabetoShield,16,562.53
D0002,T05,2024-04,SugarBlock,13,708.85
D0002,T05,2024-05,GlucoCare,15,623.6
D0002,T05,2024-05,DiabetoShield,22,558.45
D0002,T05,2024-05,SugarBlock,8,677.2
D0002,T05,2024-06,GlucoCare,1,628.15
D0002,T05,2024-06,DiabetoShield,5,464.01
D0002,T05,2024-06,SugarBlock,28,594.89
D0002,T05,2024-07,GlucoCare,4,616.49
D0002,T05,2024-07,DiabetoShield,23,428.81
D0002,T05,2024-07,SugarBlock,11,541.64
D0002,T05,2024-08,GlucoCare,1,636.9
D0002,T05,2024-08,DiabetoShield,14,433.77
D0002,T05,2024-08,SugarBlock,18,567.81
D0002,T05,2024-09,GlucoCare,3,607.16
D0002,T05,2024-09,DiabetoShield,21,438.35
D0002,T05,2024-09,SugarBlock,17,567.38
D0002,T05,2024-10,GlucoCare,1,614.58
D0002,T05,2024-10,DiabetoShield,1,430.86
D0002,T05,2024-10,SugarBlock,34,550.99
D0002,T05,2024-11,GlucoCare,3,614.85
D0002,T05,2024-11,DiabetoShield,4,420.62
D0002,T05,2024-11,SugarBlock,33,554.11
D0002,T05,2024-12,GlucoCare,1,607.68
D0002,T05,2024-12,DiabetoShield,10,466.31
D0002,T05,2024-12,SugarBlock,32,509.23
D0003,T05,2024-01,GlucoCare,22,607.18
D0003,T05,2024-01,DiabetoShield,18,561.75
D0003,T05,2024-01,SugarBlock,12,704.7
D0003,T05,2024-02,GlucoCare,25,607.49
D0003,T05,2024-02,DiabetoShield,11,572.35
D0003,T05,2024-02,SugarBlock,23,705.77
D0003,T05,2024-03,GlucoCare,24,605.55
D0003,T05,2024-03,DiabetoShield,18,571.81
D0003,T05,2024-03,SugarBlock,22,670.26
D0003,T05,2024-04,GlucoCare,22,624.48
D0003,T05,2024-04,DiabetoShield,18,562.53
D0003,T05,2024-04,SugarBlock,12,708.85
D0003,T05,2024-05,GlucoCare,22,623.6
D0003,T05,2024-05,DiabetoShield,20,558.45
D0003,T05,2024-05,SugarBlock,8,677.2
D0003,T05,2024-06,GlucoCare,7,628.15
D0003,T05,2024-06,DiabetoShield,21,464.01
D0003,T05,2024-06,SugarBlock,18,594.89
D0003,T05,2024-07,GlucoCare,6,616.49
D0003,T05,2024-07,DiabetoShield,19,428.81
D0003,T05,2024-07,SugarBlock,24,541.64
D0003,T05,2024-08,GlucoCare,7,636.9
D0003,T05,2024-08,DiabetoShield,32,433.77
D0003,T05,2024-08,SugarBlock,22,567.81
D0003,T05,2024-09,GlucoCare,9,607.16
D0003,T05,2024-09,DiabetoShield,19,438.35
D0003,T05,2024-09,SugarBlock,19,567.38
D0003,T05,2024-10,GlucoCare,3,614.58
D0003,T05,2024-10,DiabetoShield,30,430.86
D0003,T05,2024-10,SugarBlock,17,550.99
D0003,T05,2024-11,GlucoCare,4,614.85
D0003,T05,2024-11,DiabetoShield,3,420.62
D0003,T05,2024-11,SugarBlock,37,554.11
D0003,T05,2024-12,GlucoCare,9,607.68
D0003,T05,2024-12,DiabetoShield,27,466.31
D0003,T05,2024-12,SugarBlock,18,509.23
D0004,T09,2024-01,GlucoCare,26,607.03
D0004,T09,2024-01,DiabetoShield,0,567.47
D0004,T09,2024-01,SugarBlock,41,683.8
D0004,T09,2024-02,GlucoCare,27,629.02
D0004,T09,2024-02,DiabetoShield,32,576.39
D0004,T09,2024-02,SugarBlock,17,699.29
D0004,T09,2024-03,GlucoCare,44,622.06
D0004,T09,2024-03,DiabetoShield,34,546.15
D0004,T09,2024-03,SugarBlock,18,703.58
D0004,T09,2024-04,GlucoCare,33,627.61
D0004,T09,2024-04,DiabetoShield,11,551.04
D0004,T09,2024-04,SugarBlock,48,704.36
D0004,T09,2024-05,GlucoCare,25,631.99
D0004,T09,2024-05,DiabetoShield,24,571.61
D0004,T09,2024-05,SugarBlock,28,685.58
D0004,T09,2024-06,GlucoCare,20,628.81
D0004,T09,2024-06,DiabetoShield,34,563.39
D0004,T09,2024-06,SugarBlock,15,680.47
D0004,T09,2024-07,GlucoCare,33,609.21
D0004,T09,2024-07,DiabetoShield,14,552.52
D0004,T09,2024-07,SugarBlock,34,669.51
D0004,T09,2024-08,GlucoCare,27,604.11
D0004,T09,2024-08,DiabetoShield,31,566.89
D0004,T09,2024-08,SugarBlock,9,707.51
D0004,T09,2024-09,GlucoCare,32,634.85
D0004,T09,2024-09,DiabetoShield,37,571.68
D0004,T09,2024-09,SugarBlock,12,682.64
D0004,T09,2024-10,GlucoCare,30,610.04
D0004,T09,2024-10,DiabetoShield,37,556.93
D0004,T09,2024-10,SugarBlock,12,697.21
D0004,T09,2024-11,GlucoCare,23,634.89
D0004,T09,2024-11,DiabetoShield,24,558.77
D0004,T09,2024-11,SugarBlock,25,706.34
D0004,T09,2024-12,GlucoCare,25,633.56
D0004,T09,2024-12,DiabetoShield,12,556.63
D0004,T09,2024-12,SugarBlock,30,674.56
D0005,T07,2024-01,GlucoCare,19,613.28
D0005,T07,2024-01,DiabetoShield,20,543.71
D0005,T07,2024-01,SugarBlock,12,677.97
D0005,T07,2024-02,GlucoCare,26,612.1
D0005,T07,2024-02,DiabetoShield,15,573.04
D0005,T07,2024-02,SugarBlock,17,707.05
D0005,T07,2024-03,GlucoCare,23,610.51
D0005,T07,2024-03,DiabetoShield,27,551.66
D0005,T07,2024-03,SugarBlock,6,687.12
D0005,T07,2024-04,GlucoCare,21,611.2
D0005,T07,2024-04,DiabetoShield,1,570.85
D0005,T07,2024-04,SugarBlock,33,698.24
D0005,T07,2024-05,GlucoCare,14,636.2
D0005,T07,2024-05,DiabetoShield,21,557.23
D0005,T07,2024-05,SugarBlock,2,710.52
D0005,T07,2024-06,GlucoCare,18,616.5
D0005,T07,2024-06,DiabetoShield,11,551.15
D0005,T07,2024-06,SugarBlock,17,703.48
D0005,T07,2024-07,GlucoCare,13,626.91
D0005,T07,2024-07,DiabetoShield,8,558.06
D0005,T07,2024-07,SugarBlock,15,695.42
D0005,T07,2024-08,GlucoCare,14,603.04
D0005,T07,2024-08,DiabetoShield,2,561.75
D0005,T07,2024-08,SugarBlock,25,670.02
D0005,T07,2024-09,GlucoCare,22,620.92
D0005,T07,2024-09,DiabetoShield,22,571.9
D0005,T07,2024-09,SugarBlock,4,672.66
D0005,T07,2024-10,GlucoCare,22,612.68
D0005,T07,2024-10,DiabetoShield,26,554.25
D0005,T07,2024-10,SugarBlock,2,673.03
D0005,T07,2024-11,GlucoCare,22,621.64
D0005,T07,2024-11,DiabetoShield,1,570.54
D0005,T07,2024-11,SugarBlock,34,694.51
D0005,T07,2024-12,GlucoCare,19,605.15
D0005,T07,2024-12,DiabetoShield,26,551.02
D0005,T07,2024-12,SugarBlock,2,688.97
D0006,T02,2024-01,GlucoCare,36,638.1
D0006,T02,2024-01,DiabetoShield,17,575.44
D0006,T02,2024-01,SugarBlock,31,707.18
D0006,T02,2024-02,GlucoCare,21,634.21
D0006,T02,2024-02,DiabetoShield,10,545.53
D0006,T02,2024-02,SugarBlock,27,706.91
D0006,T02,2024-03,GlucoCare,22,610.52
D0006,T02,2024-03,DiabetoShield,40,571.37
D0006,T02,2024-03,SugarBlock,10,700.1
D0006,T02,2024-04,GlucoCare,36,632.36
D0006,T02,2024-04,DiabetoShield,45,559.53
D0006,T02,2024-04,SugarBlock,7,686.89
D0006,T02,2024-05,GlucoCare,28,623.69
D0006,T02,2024-05,DiabetoShield,29,572.17
D0006,T02,2024-05,SugarBlock,18,696.11
D0006,T02,2024-06,GlucoCare,23,619.23
D0006,T02,2024-06,DiabetoShield,25,549.45
D0006,T02,2024-06,SugarBlock,9,691.97
D0006,T02,2024-07,GlucoCare,35,638.08
D0006,T02,2024-07,DiabetoShield,18,551.25
D0006,T02,2024-07,SugarBlock,26,701.28
D0006,T02,2024-08,GlucoCare,32,631.24
D0006,T02,2024-08,DiabetoShield,34,575.36
D0006,T02,2024-08,SugarBlock,6,702.69
D0006,T02,2024-09,GlucoCare,34,624.81
D0006,T02,2024-09,DiabetoShield,11,559.86
D0006,T02,2024-09,SugarBlock,30,687.28
D0006,T02,2024-10,GlucoCare,40,624.56
D0006,T02,2024-10,DiabetoShield,32,550.84
D0006,T02,2024-10,SugarBlock,11,682.91
D0006,T02,2024-11,GlucoCare,24,634.01
D0006,T02,2024-11,DiabetoShield,19,546.12
D0006,T02,2024-11,SugarBlock,20,707.67
D0006,T02,2024-12,GlucoCare,24,628.23
D0006,T02,2024-12,DiabetoShield,0,544.17
D0006,T02,2024-12,SugarBlock,42,689.81
D0007,T07,2024-01,GlucoCare,6,613.28
D0007,T07,2024-01,DiabetoShield,1,543.71
D0007,T07,2024-01,SugarBlock,11,677.97
D0007,T07,2024-02,GlucoCare,5,612.1
D0007,T07,2024-02,DiabetoShield,2,573.04
D0007,T07,2024-02,SugarBlock,11,707.05
D0007,T07,2024-03,GlucoCare,8,610.51
D0007,T07,2024-03,DiabetoShield,14,551.66
D0007,T07,2024-03,SugarBlock,1,687.12
D0007,T07,2024-04,GlucoCare,7,611.2
D0007,T07,2024-04,DiabetoShield,10,570.85
D0007,T07,2024-04,SugarBlock,5,698.24
D0007,T07,2024-05,GlucoCare,8,636.2
D0007,T07,2024-05,DiabetoShield,7,557.23
D0007,T07,2024-05,SugarBlock,6,710.52
D0007,T07,2024-06,GlucoCare,5,616.5
D0007,T07,2024-06,DiabetoShield,3,551.15
D0007,T07,2024-06,SugarBlock,12,703.48
D0007,T07,2024-07,GlucoCare,7,626.91
D0007,T07,2024-07,DiabetoShield,3,558.06
D0007,T07,2024-07,SugarBlock,10,695.42
D0007,T07,2024-08,GlucoCare,5,603.04
D0007,T07,2024-08,DiabetoShield,5,561.75
D0007,T07,2024-08,SugarBlock,9,670.02
D0007,T07,2024-09,GlucoCare,6,620.92
D0007,T07,2024-09,DiabetoShield,13,571.9
D0007,T07,2024-09,SugarBlock,1,672.66
D0007,T07,2024-10,GlucoCare,7,612.68
D0007,T07,2024-10,DiabetoShield,11,554.25
D0007,T07,2024-10,SugarBlock,1,673.03
D0007,T07,2024-11,GlucoCare,5,621.64
D0007,T07,2024-11,DiabetoShield,4,570.54
D0007,T07,2024-11,SugarBlock,10,694.51
D0007,T07,2024-12,GlucoCare,6,605.15
D0007,T07,2024-12,DiabetoShield,5,551.02
D0007,T07,2024-12,SugarBlock,6,688.97
D0008,T10,2024-01,GlucoCare,14,625.16
D0008,T10,2024-01,DiabetoShield,19,556.67
D0008,T10,2024-01,SugarBlock,19,706.76
D0008,T10,2024-02,GlucoCare,10,620.02
D0008,T10,2024-02,DiabetoShield,20,561.81
D0008,T10,2024-02,SugarBlock,12,694.63
D0008,T10,2024-03,GlucoCare,14,613.18
D0008,T10,2024-03,DiabetoShield,21,550.51
D0008,T10,2024-03,SugarBlock,16,692.26
D0008,T10,2024-04,GlucoCare,13,605.08
D0008,T10,2024-04,DiabetoShield,17,563.35
D0008,T10,2024-04,SugarBlock,17,692.18
D0008,T10,2024-05,GlucoCare,13,635.95
D0008,T10,2024-05,DiabetoShield,32,544.47
D0008,T10,2024-05,SugarBlock,11,679.63
D0008,T10,2024-06,GlucoCare,18,610.47
D0008,T10,2024-06,DiabetoShield,6,574.24
D0008,T10,2024-06,SugarBlock,27,689.61
D0008,T10,2024-07,GlucoCare,17,637.08
D0008,T10,2024-07,DiabetoShield,14,560.97
D0008,T10,2024-07,SugarBlock,14,678.12
D0008,T10,2024-08,GlucoCare,8,603.83
D0008,T10,2024-08,DiabetoShield,29,564.59
D0008,T10,2024-08,SugarBlock,2,707.67
D0008,T10,2024-09,GlucoCare,9,618.77
D0008,T10,2024-09,DiabetoShield,10,574.82
D0008,T10,2024-09,SugarBlock,20,686.21
D0008,T10,2024-10,GlucoCare,18,601.68
D0008,T10,2024-10,DiabetoShield,5,573.58
D0008,T10,2024-10,SugarBlock,36,687.63
D0008,T10,2024-11,GlucoCare,15,614.55
D0008,T10,2024-11,DiabetoShield,17,576.61
D0008,T10,2024-11,SugarBlock,13,687.55
D0008,T10,2024-12,GlucoCare,15,607.8
D0008,T10,2024-12,DiabetoShield,13,555.29
D0008,T10,2024-12,SugarBlock,20,692.56
D0009,T03,2024-01,GlucoCare,13,618.03
D0009,T03,2024-01,DiabetoShield,3,564.57
D0009,T03,2024-01,SugarBlock,27,686.67
D0009,T03,2024-02,GlucoCare,20,637.81
D0009,T03,2024-02,DiabetoShield,1,558.6
D0009,T03,2024-02,SugarBlock,26,670.51
D0009,T03,2024-03,GlucoCare,17,612.18
D0009,T03,2024-03,DiabetoShield,3,552.19
D0009,T03,2024-03,SugarBlock,28,673.73
D0009,T03,2024-04,GlucoCare,25,603.73
D0009,T03,2024-04,DiabetoShield,22,571.56
D0009,T03,2024-04,SugarBlock,18,671.69
D0009,T03,2024-05,GlucoCare,18,604.54
D0009,T03,2024-05,DiabetoShield,8,545.82
D0009,T03,2024-05,SugarBlock,23,696.02
D0009,T03,2024-06,GlucoCare,20,618.48
D0009,T03,2024-06,DiabetoShield,21,556.75
D0009,T03,2024-06,SugarBlock,17,701.21
D0009,T03,2024-07,GlucoCare,15,619.15
D0009,T03,2024-07,DiabetoShield,19,557.5
D0009,T03,2024-07,SugarBlock,3,698.91
D0009,T03,2024-08,GlucoCare,19,613.87
D0009,T03,2024-08,DiabetoShield,25,551.6
D0009,T03,2024-08,SugarBlock,5,705.1
D0009,T03,2024-09,GlucoCare,15,602.28
D0009,T03,2024-09,DiabetoShield,5,564.56
D0009,T03,2024-09,SugarBlock,23,671.21
D0009,T03,2024-10,GlucoCare,17,605.99
D0009,T03,2024-10,DiabetoShield,20,550.99
D0009,T03,2024-10,SugarBlock,15,679.33
D0009,T03,2024-11,GlucoCare,20,623.43
D0009,T03,2024-11,DiabetoShield,16,563.63
D0009,T03,2024-11,SugarBlock,11,708.2
D0009,T03,2024-12,GlucoCare,18,630.46
D0009,T03,2024-12,DiabetoShield,13,543.98
D0009,T03,2024-12,SugarBlock,19,686.2
D0010,T09,2024-01,GlucoCare,16,607.03
D0010,T09,2024-01,DiabetoShield,14,567.47
D0010,T09,2024-01,SugarBlock,12,683.8
D0010,T09,2024-02,GlucoCare,16,629.02
D0010,T09,2024-02,DiabetoShield,9,576.39
D0010,T09,2024-02,SugarBlock,14,699.29
D0010,T09,2024-03,GlucoCare,17,622.06
D0010,T09,2024-03,DiabetoShield,20,546.15
D0010,T09,2024-03,SugarBlock,4,703.58
D0010,T09,2024-04,GlucoCare,17,627.61
D0010,T09,2024-04,DiabetoShield,19,551.04
D0010,T09,2024-04,SugarBlock,8,704.36
D0010,T09,2024-05,GlucoCare,19,631.99
D0010,T09,2024-05,DiabetoShield,24,571.61
D0010,T09,2024-05,SugarBlock,1,685.58
D0010,T09,2024-06,GlucoCare,9,628.81
D0010,T09,2024-06,DiabetoShield,2,563.39
D0010,T09,2024-06,SugarBlock,23,680.47
D0010,T09,2024-07,GlucoCare,19,609.21
D0010,T09,2024-07,DiabetoShield,5,552.52
D0010,T09,2024-07,SugarBlock,21,669.51
D0010,T09,2024-08,GlucoCare,19,604.11
D0010,T09,2024-08,DiabetoShield,3,566.89
D0010,T09,2024-08,SugarBlock,24,707.51
D0010,T09,2024-09,GlucoCare,17,634.85
D0010,T09,2024-09,DiabetoShield,9,571.68
D0010,T09,2024-09,SugarBlock,15,682.64
D0010,T09,2024-10,GlucoCare,23,610.04
D0010,T09,2024-10,DiabetoShield,17,556.93
D0010,T09,2024-10,SugarBlock,4,697.21
D0010,T09,2024-11,GlucoCare,20,634.89
D0010,T09,2024-11,DiabetoShield,17,558.77
D0010,T09,2024-11,SugarBlock,10,706.34
D0010,T09,2024-12,GlucoCare,13,633.56
D0010,T09,2024-12,DiabetoShield,9,556.63
D0010,T09,2024-12,SugarBlock,14,674.56
D0011,T06,2024-01,GlucoCare,13,611.27
D0011,T06,2024-01,DiabetoShield,5,554.84
D0011,T06,2024-01,SugarBlock,20,690.22
D0011,T06,2024-02,GlucoCare,19,607.59
D0011,T06,2024-02,DiabetoShield,18,574.29
D0011,T06,2024-02,SugarBlock,5,675.89
D0011,T06,2024-03,GlucoCare,21,634.59
D0011,T06,2024-03,DiabetoShield,8,552.55
D0011,T06,2024-03,SugarBlock,14,693.38
D0011,T06,2024-04,GlucoCare,18,617.98
D0011,T06,2024-04,DiabetoShield,9,549.04
D0011,T06,2024-04,SugarBlock,15,674.05
D0011,T06,2024-05,GlucoCare,17,617.89
D0011,T06,2024-05,DiabetoShield,6,557.73
D0011,T06,2024-05,SugarBlock,15,670.85
D0011,T06,2024-06,GlucoCare,18,614.8
D0011,T06,2024-06,DiabetoShield,9,544.12
D0011,T06,2024-06,SugarBlock,14,671.82
D0011,T06,2024-07,GlucoCare,17,628.77
D0011,T06,2024-07,DiabetoShield,12,573.7
D0011,T06,2024-07,SugarBlock,10,677.41
D0011,T06,2024-08,GlucoCare,17,618.13
D0011,T06,2024-08,DiabetoShield,2,573.99
D0011,T06,2024-08,SugarBlock,19,682.39
D0011,T06,2024-09,GlucoCare,21,607.77
D0011,T06,2024-09,DiabetoShield,14,566.77
D0011,T06,2024-09,SugarBlock,11,679.38
D0011,T06,2024-10,GlucoCare,21,619.7
D0011,T06,2024-10,DiabetoShield,19,553.39
D0011,T06,2024-10,SugarBlock,0,685.51
D0011,T06,2024-11,GlucoCare,20,609.09
D0011,T06,2024-11,DiabetoShield,20,543.78
D0011,T06,2024-11,SugarBlock,4,685.03
D0011,T06,2024-12,GlucoCare,16,633.8
D0011,T06,2024-12,DiabetoShield,12,566.06
D0011,T06,2024-12,SugarBlock,8,705.71
D0012,T07,2024-01,GlucoCare,4,613.28
D0012,T07,2024-01,DiabetoShield,5,543.71
D0012,T07,2024-01,SugarBlock,5,677.97
D0012,T07,2024-02,GlucoCare,5,612.1
D0012,T07,2024-02,DiabetoShield,6,573.04
D0012,T07,2024-02,SugarBlock,3,707.05
D0012,T07,2024-03,GlucoCare,6,610.51
D0012,T07,2024-03,DiabetoShield,2,551.66
D0012,T07,2024-03,SugarBlock,8,687.12
D0012,T07,2024-04,GlucoCare,6,611.2
D0012,T07,2024-04,DiabetoShield,10,570.85
D0012,T07,2024-04,SugarBlock,0,698.24
D0012,T07,2024-05,GlucoCare,7,636.2
D0012,T07,2024-05,DiabetoShield,5,557.23
D0012,T07,2024-05,SugarBlock,5,710.52
D0012,T07,2024-06,GlucoCare,6,616.5
D0012,T07,2024-06,DiabetoShield,6,551.15
D0012,T07,2024-06,SugarBlock,2,703.48
D0012,T07,2024-07,GlucoCare,7,626.91
D0012,T07,2024-07,DiabetoShield,6,558.06
D0012,T07,2024-07,SugarBlock,4,695.42
D0012,T07,2024-08,GlucoCare,7,603.04
D0012,T07,2024-08,DiabetoShield,7,561.75
D0012,T07,2024-08,SugarBlock,2,670.02
D0012,T07,2024-09,GlucoCare,9,620.92
D0012,T07,2024-09,DiabetoShield,0,571.9
D0012,T07,2024-09,SugarBlock,10,672.66
D0012,T07,2024-10,GlucoCare,7,612.68
D0012,T07,2024-10,DiabetoShield,8,554.25
D0012,T07,2024-10,SugarBlock,1,673.03
D0012,T07,2024-11,GlucoCare,6,621.64
D0012,T07,2024-11,DiabetoShield,5,570.54
D0012,T07,2024-11,SugarBlock,5,694.51
D0012,T07,2024-12,GlucoCare,7,605.15
D0012,T07,2024-12,DiabetoShield,6,551.02
D0012,T07,2024-12,SugarBlock,3,688.97
D0013,T04,2024-01,GlucoCare,8,629.41
D0013,T04,2024-01,DiabetoShield,15,576.26
D0013,T04,2024-01,SugarBlock,3,687.25
D0013,T04,2024-02,GlucoCare,9,603.63
D0013,T04,2024-02,DiabetoShield,7,547.56
D0013,T04,2024-02,SugarBlock,12,700.46
D0013,T04,2024-03,GlucoCare,4,630.21
D0013,T04,2024-03,DiabetoShield,3,562.2
D0013,T04,2024-03,SugarBlock,14,696.25
D0013,T04,2024-04,GlucoCare,8,631.44
D0013,T04,2024-04,DiabetoShield,12,560.95
D0013,T04,2024-04,SugarBlock,8,680.33
D0013,T04,2024-05,GlucoCare,7,625.0
D0013,T04,2024-05,DiabetoShield,7,547.02
D0013,T04,2024-05,SugarBlock,12,698.83
D0013,T04,2024-06,GlucoCare,1,616.83
D0013,T04,2024-06,DiabetoShield,10,446.67
D0013,T04,2024-06,SugarBlock,14,562.6
D0013,T04,2024-07,GlucoCare,2,634.68
D0013,T04,2024-07,DiabetoShield,17,486.11
D0013,T04,2024-07,SugarBlock,6,582.06
D0013,T04,2024-08,GlucoCare,2,610.9
D0013,T04,2024-08,DiabetoShield,18,468.93
D0013,T04,2024-08,SugarBlock,2,538.59
D0013,T04,2024-09,GlucoCare,0,617.06
D0013,T04,2024-09,DiabetoShield,12,458.4
D0013,T04,2024-09,SugarBlock,8,547.24
D0013,T04,2024-10,GlucoCare,0,629.25
D0013,T04,2024-10,DiabetoShield,13,473.5
D0013,T04,2024-10,SugarBlock,10,517.62
D0013,T04,2024-11,GlucoCare,3,635.66
D0013,T04,2024-11,DiabetoShield,1,441.71
D0013,T04,2024-11,SugarBlock,25,572.72
D0013,T04,2024-12,GlucoCare,3,610.98
D0013,T04,2024-12,DiabetoShield,6,452.74
D0013,T04,2024-12,SugarBlock,15,588.28
D0014,T01,2024-01,GlucoCare,13,609.43
D0014,T01,2024-01,DiabetoShield,3,543.32
D0014,T01,2024-01,SugarBlock,18,707.52
D0014,T01,2024-02,GlucoCare,11,626.11
D0014,T01,2024-02,DiabetoShield,13,548.16
D0014,T01,2024-02,SugarBlock,9,676.94
D0014,T01,2024-03,GlucoCare,19,612.0
D0014,T01,2024-03,DiabetoShield,8,549.67
D0014,T01,2024-03,SugarBlock,15,702.79
D0014,T01,2024-04,GlucoCare,16,637.86
D0014,T01,2024-04,DiabetoShield,1,557.53
D0014,T01,2024-04,SugarBlock,20,679.34
D0014,T01,2024-05,GlucoCare,11,612.19
D0014,T01,2024-05,DiabetoShield,9,574.04
D0014,T01,2024-05,SugarBlock,8,697.01
D0014,T01,2024-06,GlucoCare,16,635.52
D0014,T01,2024-06,DiabetoShield,1,568.66
D0014,T01,2024-06,SugarBlock,18,680.21
D0014,T01,2024-07,GlucoCare,12,609.94
D0014,T01,2024-07,DiabetoShield,0,569.85
D0014,T01,2024-07,SugarBlock,20,706.3
D0014,T01,2024-08,GlucoCare,14,604.89
D0014,T01,2024-08,DiabetoShield,16,552.0
D0014,T01,2024-08,SugarBlock,4,682.64
D0014,T01,2024-09,GlucoCare,13,627.39
D0014,T01,2024-09,DiabetoShield,7,550.7
D0014,T01,2024-09,SugarBlock,11,689.19
D0014,T01,2024-10,GlucoCare,14,620.06
D0014,T01,2024-10,DiabetoShield,16,572.64
D0014,T01,2024-10,SugarBlock,5,670.43
D0014,T01,2024-11,GlucoCare,11,619.86
D0014,T01,2024-11,DiabetoShield,15,560.15
D0014,T01,2024-11,SugarBlock,5,685.43
D0014,T01,2024-12,GlucoCare,15,604.65
D0014,T01,2024-12,DiabetoShield,16,556.69
D0014,T01,2024-12,SugarBlock,9,699.1
D0015,T01,2024-01,GlucoCare,12,609.43
D0015,T01,2024-01,DiabetoShield,9,543.32
D0015,T01,2024-01,SugarBlock,17,707.52
D0015,T01,2024-02,GlucoCare,12,626.11
D0015,T01,2024-02,DiabetoShield,20,548.16
D0015,T01,2024-02,SugarBlock,5,676.94
D0015,T01,2024-03,GlucoCare,16,612.0
D0015,T01,2024-03,DiabetoShield,9,549.67
D0015,T01,2024-03,SugarBlock,16,702.79
D0015,T01,2024-04,GlucoCare,12,637.86
D0015,T01,2024-04,DiabetoShield,16,557.53
D0015,T01,2024-04,SugarBlock,8,679.34
D0015,T01,2024-05,GlucoCare,11,612.19
D0015,T01,2024-05,DiabetoShield,1,574.04
D0015,T01,2024-05,SugarBlock,19,697.01
D0015,T01,2024-06,GlucoCare,13,635.52
D0015,T01,2024-06,DiabetoShield,19,568.66
D0015,T01,2024-06,SugarBlock,6,680.21
D0015,T01,2024-07,GlucoCare,12,609.94
D0015,T01,2024-07,DiabetoShield,1,569.85
D0015,T01,2024-07,SugarBlock,21,706.3
D0015,T01,2024-08,GlucoCare,13,604.89
D0015,T01,2024-08,DiabetoShield,1,552.0
D0015,T01,2024-08,SugarBlock,25,682.64
D0015,T01,2024-09,GlucoCare,17,627.39
D0015,T01,2024-09,DiabetoShield,5,550.7
D0015,T01,2024-09,SugarBlock,22,689.19
D0015,T01,2024-10,GlucoCare,12,620.06
D0015,T01,2024-10,DiabetoShield,14,572.64
D0015,T01,2024-10,SugarBlock,9,670.43
D0015,T01,2024-11,GlucoCare,11,619.86
D0015,T01,2024-11,DiabetoShield,18,560.15
D0015,T01,2024-11,SugarBlock,3,685.43
D0015,T01,2024-12,GlucoCare,12,604.65
D0015,T01,2024-12,DiabetoShield,13,556.69
D0015,T01,2024-12,SugarBlock,10,699.1
D0016,T07,2024-01,GlucoCare,7,613.28
D0016,T07,2024-01,DiabetoShield,2,543.71
D0016,T07,2024-01,SugarBlock,14,677.97
D0016,T07,2024-02,GlucoCare,11,612.1
D0016,T07,2024-02,DiabetoShield,16,573.04
D0016,T07,2024-02,SugarBlock,1,707.05
D0016,T07,2024-03,GlucoCare,10,610.51
D0016,T07,2024-03,DiabetoShield,10,551.66
D0016,T07,2024-03,SugarBlock,11,687.12
D0016,T07,2024-04,GlucoCare,9,611.2
D0016,T07,2024-04,DiabetoShield,4,570.85
D0016,T07,2024-04,SugarBlock,16,698.24
D0016,T07,2024-05,GlucoCare,7,636.2
D0016,T07,2024-05,DiabetoShield,6,557.23
D0016,T07,2024-05,SugarBlock,12,710.52
D0016,T07,2024-06,GlucoCare,8,616.5
D0016,T07,2024-06,DiabetoShield,3,551.15
D0016,T07,2024-06,SugarBlock,16,703.48
D0016,T07,2024-07,GlucoCare,6,626.91
D0016,T07,2024-07,DiabetoShield,7,558.06
D0016,T07,2024-07,SugarBlock,12,695.42
D0016,T07,2024-08,GlucoCare,7,603.04
D0016,T07,2024-08,DiabetoShield,7,561.75
D0016,T07,2024-08,SugarBlock,15,670.02
D0016,T07,2024-09,GlucoCare,8,620.92
D0016,T07,2024-09,DiabetoShield,3,571.9
D0016,T07,2024-09,SugarBlock,16,672.66
D0016,T07,2024-10,GlucoCare,11,612.68
D0016,T07,2024-10,DiabetoShield,3,554.25
D0016,T07,2024-10,SugarBlock,18,673.03
D0016,T07,2024-11,GlucoCare,9,621.64
D0016,T07,2024-11,DiabetoShield,6,570.54
D0016,T07,2024-11,SugarBlock,15,694.51
D0016,T07,2024-12,GlucoCare,11,605.15
D0016,T07,2024-12,DiabetoShield,19,551.02
D0016,T07,2024-12,SugarBlock,1,688.97
D0017,T10,2024-01,GlucoCare,10,625.16
D0017,T10,2024-01,DiabetoShield,18,556.67
D0017,T10,2024-01,SugarBlock,10,706.76
D0017,T10,2024-02,GlucoCare,15,620.02
D0017,T10,2024-02,DiabetoShield,15,561.81
D0017,T10,2024-02,SugarBlock,18,694.63
D0017,T10,2024-03,GlucoCare,11,613.18
D0017,T10,2024-03,DiabetoShield,2,550.51
D0017,T10,2024-03,SugarBlock,23,692.26
D0017,T10,2024-04,GlucoCare,8,605.08
D0017,T10,2024-04,DiabetoShield,2,563.35
D0017,T10,2024-04,SugarBlock,23,692.18
D0017,T10,2024-05,GlucoCare,12,635.95
D0017,T10,2024-05,DiabetoShield,4,544.47
D0017,T10,2024-05,SugarBlock,22,679.63
D0017,T10,2024-06,GlucoCare,11,610.47
D0017,T10,2024-06,DiabetoShield,23,574.24
D0017,T10,2024-06,SugarBlock,0,689.61
D0017,T10,2024-07,GlucoCare,12,637.08
D0017,T10,2024-07,DiabetoShield,27,560.97
D0017,T10,2024-07,SugarBlock,1,678.12
D0017,T10,2024-08,GlucoCare,13,603.83
D0017,T10,2024-08,DiabetoShield,20,564.59
D0017,T10,2024-08,SugarBlock,12,707.67
D0017,T10,2024-09,GlucoCare,10,618.77
D0017,T10,2024-09,DiabetoShield,12,574.82
D0017,T10,2024-09,SugarBlock,20,686.21
D0017,T10,2024-10,GlucoCare,13,601.68
D0017,T10,2024-10,DiabetoShield,16,573.58
D0017,T10,2024-10,SugarBlock,13,687.63
D0017,T10,2024-11,GlucoCare,16,614.55
D0017,T10,2024-11,DiabetoShield,9,576.61
D0017,T10,2024-11,SugarBlock,23,687.55
D0017,T10,2024-12,GlucoCare,9,607.8
D0017,T10,2024-12,DiabetoShield,23,555.29
D0017,T10,2024-12,SugarBlock,6,692.56
D0018,T07,2024-01,GlucoCare,21,613.28
D0018,T07,2024-01,DiabetoShield,2,543.71
D0018,T07,2024-01,SugarBlock,20,677.97
D0018,T07,2024-02,GlucoCare,18,612.1
D0018,T07,2024-02,DiabetoShield,6,573.04
D0018,T07,2024-02,SugarBlock,17,707.05
D0018,T07,2024-03,GlucoCare,14,610.51
D0018,T07,2024-03,DiabetoShield,1,551.66
D0018,T07,2024-03,SugarBlock,23,687.12
D0018,T07,2024-04,GlucoCare,9,611.2
D0018,T07,2024-04,DiabetoShield,1,570.85
D0018,T07,2024-04,SugarBlock,19,698.24
D0018,T07,2024-05,GlucoCare,17,636.2
D0018,T07,2024-05,DiabetoShield,6,557.23
D0018,T07,2024-05,SugarBlock,17,710.52
D0018,T07,2024-06,GlucoCare,12,616.5
D0018,T07,2024-06,DiabetoShield,10,551.15
D0018,T07,2024-06,SugarBlock,11,703.48
D0018,T07,2024-07,GlucoCare,18,626.91
D0018,T07,2024-07,DiabetoShield,2,558.06
D0018,T07,2024-07,SugarBlock,22,695.42
D0018,T07,2024-08,GlucoCare,15,603.04
D0018,T07,2024-08,DiabetoShield,19,561.75
D0018,T07,2024-08,SugarBlock,5,670.02
D0018,T07,2024-09,GlucoCare,17,620.92
D0018,T07,2024-09,DiabetoShield,2,571.9
D0018,T07,2024-09,SugarBlock,18,672.66
D0018,T07,2024-10,GlucoCare,18,612.68
D0018,T07,2024-10,DiabetoShield,19,554.25
D0018,T07,2024-10,SugarBlock,1,673.03
D0018,T07,2024-11,GlucoCare,17,621.64
D0018,T07,2024-11,DiabetoShield,10,570.54
D0018,T07,2024-11,SugarBlock,10,694.51
D0018,T07,2024-12,GlucoCare,10,605.15
D0018,T07,2024-12,DiabetoShield,10,551.02
D0018,T07,2024-12,SugarBlock,6,688.97
D0019,T04,2024-01,GlucoCare,18,629.41
D0019,T04,2024-01,DiabetoShield,20,576.26
D0019,T04,2024-01,SugarBlock,2,687.25
D0019,T04,2024-02,GlucoCare,17,603.63
D0019,T04,2024-02,DiabetoShield,11,547.56
D0019,T04,2024-02,SugarBlock,8,700.46
D0019,T04,2024-03,GlucoCare,18,630.21
D0019,T04,2024-03,DiabetoShield,20,562.2
D0019,T04,2024-03,SugarBlock,0,696.25
D0019,T04,2024-04,GlucoCare,16,631.44
D0019,T04,2024-04,DiabetoShield,14,560.95
D0019,T04,2024-04,SugarBlock,8,680.33
D0019,T04,2024-05,GlucoCare,14,625.0
D0019,T04,2024-05,DiabetoShield,17,547.02
D0019,T04,2024-05,SugarBlock,3,698.83
D0019,T04,2024-06,GlucoCare,11,616.83
D0019,T04,2024-06,DiabetoShield,1,446.67
D0019,T04,2024-06,SugarBlock,29,562.6
D0019,T04,2024-07,GlucoCare,6,634.68
D0019,T04,2024-07,DiabetoShield,3,486.11
D0019,T04,2024-07,SugarBlock,23,582.06
D0019,T04,2024-08,GlucoCare,8,610.9
D0019,T04,2024-08,DiabetoShield,21,468.93
D0019,T04,2024-08,SugarBlock,13,538.59
D0019,T04,2024-09,GlucoCare,4,617.06
D0019,T04,2024-09,DiabetoShield,0,458.4
D0019,T04,2024-09,SugarBlock,21,547.24
D0019,T04,2024-10,GlucoCare,5,629.25
D0019,T04,2024-10,DiabetoShield,25,473.5
D0019,T04,2024-10,SugarBlock,2,517.62
D0019,T04,2024-11,GlucoCare,5,635.66
D0019,T04,2024-11,DiabetoShield,17,441.71
D0019,T04,2024-11,SugarBlock,11,572.72
D0019,T04,2024-12,GlucoCare,6,610.98
D0019,T04,2024-12,DiabetoShield,1,452.74
D0019,T04,2024-12,SugarBlock,28,588.28
D0020,T08,2024-01,GlucoCare,17,628.82
D0020,T08,2024-01,DiabetoShield,18,555.74
D0020,T08,2024-01,SugarBlock,8,710.43
D0020,T08,2024-02,GlucoCare,11,619.89
D0020,T08,2024-02,DiabetoShield,14,576.63
D0020,T08,2024-02,SugarBlock,5,702.8
D0020,T08,2024-03,GlucoCare,10,608.44
D0020,T08,2024-03,DiabetoShield,18,573.31
D0020,T08,2024-03,SugarBlock,1,687.25
D0020,T08,2024-04,GlucoCare,7,636.52
D0020,T08,2024-04,DiabetoShield,6,556.39
D0020,T08,2024-04,SugarBlock,15,701.72
D0020,T08,2024-05,GlucoCare,14,628.79
D0020,T08,2024-05,DiabetoShield,22,552.07
D0020,T08,2024-05,SugarBlock,1,672.19
D0020,T08,2024-06,GlucoCare,12,607.82
D0020,T08,2024-06,DiabetoShield,11,556.23
D0020,T08,2024-06,SugarBlock,10,706.85
D0020,T08,2024-07,GlucoCare,12,620.8
D0020,T08,2024-07,DiabetoShield,1,574.08
D0020,T08,2024-07,SugarBlock,17,704.0
D0020,T08,2024-08,GlucoCare,13,635.05
D0020,T08,2024-08,DiabetoShield,17,562.38
D0020,T08,2024-08,SugarBlock,4,695.84
D0020,T08,2024-09,GlucoCare,8,625.84
D0020,T08,2024-09,DiabetoShield,16,575.34
D0020,T08,2024-09,SugarBlock,3,704.58
D0020,T08,2024-10,GlucoCare,13,623.58
D0020,T08,2024-10,DiabetoShield,13,563.96
D0020,T08,2024-10,SugarBlock,5,693.21
D0020,T08,2024-11,GlucoCare,11,626.91
D0020,T08,2024-11,DiabetoShield,3,571.35
D0020,T08,2024-11,SugarBlock,18,670.16
D0020,T08,2024-12,GlucoCare,12,624.64
D0020,T08,2024-12,DiabetoShield,11,566.48
D0020,T08,2024-12,SugarBlock,8,673.75
D0021,T10,2024-01,GlucoCare,11,625.16
D0021,T10,2024-01,DiabetoShield,27,556.67
D0021,T10,2024-01,SugarBlock,5,706.76
D0021,T10,2024-02,GlucoCare,11,620.02
D0021,T10,2024-02,DiabetoShield,26,561.81
D0021,T10,2024-02,SugarBlock,4,694.63
D0021,T10,2024-03,GlucoCare,13,613.18
D0021,T10,2024-03,DiabetoShield,19,550.51
D0021,T10,2024-03,SugarBlock,19,692.26
D0021,T10,2024-04,GlucoCare,8,605.08
D0021,T10,2024-04,DiabetoShield,1,563.35
D0021,T10,2024-04,SugarBlock,31,692.18
D0021,T10,2024-05,GlucoCare,9,635.95
D0021,T10,2024-05,DiabetoShield,19,544.47
D0021,T10,2024-05,SugarBlock,9,679.63
D0021,T10,2024-06,GlucoCare,13,610.47
D0021,T10,2024-06,DiabetoShield,7,574.24
D0021,T10,2024-06,SugarBlock,26,689.61
D0021,T10,2024-07,GlucoCare,16,637.08
D0021,T10,2024-07,DiabetoShield,12,560.97
D0021,T10,2024-07,SugarBlock,26,678.12
D0021,T10,2024-08,GlucoCare,9,603.83
D0021,T10,2024-08,DiabetoShield,17,564.59
D0021,T10,2024-08,SugarBlock,18,707.67
D0021,T10,2024-09,GlucoCare,12,618.77
D0021,T10,2024-09,DiabetoShield,23,574.82
D0021,T10,2024-09,SugarBlock,13,686.21
D0021,T10,2024-10,GlucoCare,12,601.68
D0021,T10,2024-10,DiabetoShield,3,573.58
D0021,T10,2024-10,SugarBlock,31,687.63
D0021,T10,2024-11,GlucoCare,11,614.55
D0021,T10,2024-11,DiabetoShield,17,576.61
D0021,T10,2024-11,SugarBlock,13,687.55
D0021,T10,2024-12,GlucoCare,9,607.8
D0021,T10,2024-12,DiabetoShield,14,555.29
D0021,T10,2024-12,SugarBlock,20,692.56
D0022,T03,2024-01,GlucoCare,6,618.03
D0022,T03,2024-01,DiabetoShield,14,564.57
D0022,T03,2024-01,SugarBlock,16,686.67
D0022,T03,2024-02,GlucoCare,12,637.81
D0022,T03,2024-02,DiabetoShield,1,558.6
D0022,T03,2024-02,SugarBlock,24,670.51
D0022,T03,2024-03,GlucoCare,6,612.18
D0022,T03,2024-03,DiabetoShield,21,552.19
D0022,T03,2024-03,SugarBlock,5,673.73
D0022,T03,2024-04,GlucoCare,6,603.73
D0022,T03,2024-04,DiabetoShield,8,571.56
D0022,T03,2024-04,SugarBlock,17,671.69
D0022,T03,2024-05,GlucoCare,8,604.54
D0022,T03,2024-05,DiabetoShield,9,545.82
D0022,T03,2024-05,SugarBlock,17,696.02
D0022,T03,2024-06,GlucoCare,8,618.48
D0022,T03,2024-06,DiabetoShield,20,556.75
D0022,T03,2024-06,SugarBlock,3,701.21
D0022,T03,2024-07,GlucoCare,8,619.15
D0022,T03,2024-07,DiabetoShield,20,557.5
D0022,T03,2024-07,SugarBlock,3,698.91
D0022,T03,2024-08,GlucoCare,8,613.87
D0022,T03,2024-08,DiabetoShield,15,551.6
D0022,T03,2024-08,SugarBlock,10,705.1
D0022,T03,2024-09,GlucoCare,12,602.28
D0022,T03,2024-09,DiabetoShield,1,564.56
D0022,T03,2024-09,SugarBlock,27,671.21
D0022,T03,2024-10,GlucoCare,8,605.99
D0022,T03,2024-10,DiabetoShield,4,550.99
D0022,T03,2024-10,SugarBlock,19,679.33
D0022,T03,2024-11,GlucoCare,9,623.43
D0022,T03,2024-11,DiabetoShield,20,563.63
D0022,T03,2024-11,SugarBlock,5,708.2
D0022,T03,2024-12,GlucoCare,6,630.46
D0022,T03,2024-12,DiabetoShield,12,543.98
D0022,T03,2024-12,SugarBlock,13,686.2
D0023,T02,2024-01,GlucoCare,10,638.1
D0023,T02,2024-01,DiabetoShield,8,575.44
D0023,T02,2024-01,SugarBlock,18,707.18
D0023,T02,2024-02,GlucoCare,8,634.21
D0023,T02,2024-02,DiabetoShield,16,545.53
D0023,T02,2024-02,SugarBlock,9,706.91
D0023,T02,2024-03,GlucoCare,9,610.52
D0023,T02,2024-03,DiabetoShield,5,571.37
D0023,T02,2024-03,SugarBlock,17,700.1
D0023,T02,2024-04,GlucoCare,12,632.36
D0023,T02,2024-04,DiabetoShield,4,559.53
D0023,T02,2024-04,SugarBlock,26,686.89
D0023,T02,2024-05,GlucoCare,12,623.69
D0023,T02,2024-05,DiabetoShield,9,572.17
D0023,T02,2024-05,SugarBlock,19,696.11
D0023,T02,2024-06,GlucoCare,9,619.23
D0023,T02,2024-06,DiabetoShield,11,549.45
D0023,T02,2024-06,SugarBlock,18,691.97
D0023,T02,2024-07,GlucoCare,9,638.08
D0023,T02,2024-07,DiabetoShield,16,551.25
D0023,T02,2024-07,SugarBlock,13,701.28
D0023,T02,2024-08,GlucoCare,9,631.24
D0023,T02,2024-08,DiabetoShield,9,575.36
D0023,T02,2024-08,SugarBlock,17,702.69
D0023,T02,2024-09,GlucoCare,12,624.81
D0023,T02,2024-09,DiabetoShield,13,559.86
D0023,T02,2024-09,SugarBlock,19,687.28
D0023,T02,2024-10,GlucoCare,10,624.56
D0023,T02,2024-10,DiabetoShield,1,550.84
D0023,T02,2024-10,SugarBlock,29,682.91
D0023,T02,2024-11,GlucoCare,5,634.01
D0023,T02,2024-11,DiabetoShield,8,546.12
D0023,T02,2024-11,SugarBlock,17,707.67
D0023,T02,2024-12,GlucoCare,9,628.23
D0023,T02,2024-12,DiabetoShield,3,544.17
D0023,T02,2024-12,SugarBlock,21,689.81
D0024,T10,2024-01,GlucoCare,12,625.16
D0024,T10,2024-01,DiabetoShield,2,556.67
D0024,T10,2024-01,SugarBlock,18,706.76
D0024,T10,2024-02,GlucoCare,11,620.02
D0024,T10,2024-02,DiabetoShield,7,561.81
D0024,T10,2024-02,SugarBlock,14,694.63
D0024,T10,2024-03,GlucoCare,9,613.18
D0024,T10,2024-03,DiabetoShield,7,550.51
D0024,T10,2024-03,SugarBlock,10,692.26
D0024,T10,2024-04,GlucoCare,12,605.08
D0024,T10,2024-04,DiabetoShield,7,563.35
D0024,T10,2024-04,SugarBlock,14,692.18
D0024,T10,2024-05,GlucoCare,13,635.95
D0024,T10,2024-05,DiabetoShield,7,544.47
D0024,T10,2024-05,SugarBlock,9,679.63
D0024,T10,2024-06,GlucoCare,14,610.47
D0024,T10,2024-06,DiabetoShield,15,574.24
D0024,T10,2024-06,SugarBlock,2,689.61
D0024,T10,2024-07,GlucoCare,12,637.08
D0024,T10,2024-07,DiabetoShield,11,560.97
D0024,T10,2024-07,SugarBlock,8,678.12
D0024,T10,2024-08,GlucoCare,9,603.83
D0024,T10,2024-08,DiabetoShield,11,564.59
D0024,T10,2024-08,SugarBlock,8,707.67
D0024,T10,2024-09,GlucoCare,10,618.77
D0024,T10,2024-09,DiabetoShield,1,574.82
D0024,T10,2024-09,SugarBlock,16,686.21
D0024,T10,2024-10,GlucoCare,11,601.68
D0024,T10,2024-10,DiabetoShield,5,573.58
D0024,T10,2024-10,SugarBlock,11,687.63
D0024,T10,2024-11,GlucoCare,11,614.55
D0024,T10,2024-11,DiabetoShield,7,576.61
D0024,T10,2024-11,SugarBlock,13,687.55
D0024,T10,2024-12,GlucoCare,11,607.8
D0024,T10,2024-12,DiabetoShield,19,555.29
D0024,T10,2024-12,SugarBlock,2,692.56
D0025,T01,2024-01,GlucoCare,7,609.43
D0025,T01,2024-01,DiabetoShield,4,543.32
D0025,T01,2024-01,SugarBlock,14,707.52
D0025,T01,2024-02,GlucoCare,10,626.11
D0025,T01,2024-02,DiabetoShield,0,548.16
D0025,T01,2024-02,SugarBlock,24,676.94
D0025,T01,2024-03,GlucoCare,9,612.0
D0025,T01,2024-03,DiabetoShield,7,549.67
D0025,T01,2024-03,SugarBlock,11,702.79
D0025,T01,2024-04,GlucoCare,9,637.86
D0025,T01,2024-04,DiabetoShield,14,557.53
D0025,T01,2024-04,SugarBlock,6,679.34
D0025,T01,2024-05,GlucoCare,10,612.19
D0025,T01,2024-05,DiabetoShield,17,574.04
D0025,T01,2024-05,SugarBlock,2,697.01
D0025,T01,2024-06,GlucoCare,8,635.52
D0025,T01,2024-06,DiabetoShield,9,568.66
D0025,T01,2024-06,SugarBlock,8,680.21
D0025,T01,2024-07,GlucoCare,11,609.94
D0025,T01,2024-07,DiabetoShield,15,569.85
D0025,T01,2024-07,SugarBlock,3,706.3
D0025,T01,2024-08,GlucoCare,11,604.89
D0025,T01,2024-08,DiabetoShield,6,552.0
D0025,T01,2024-08,SugarBlock,12,682.64
D0025,T01,2024-09,GlucoCare,12,627.39
D0025,T01,2024-09,DiabetoShield,5,550.7
D0025,T01,2024-09,SugarBlock,14,689.19
D0025,T01,2024-10,GlucoCare,9,620.06
D0025,T01,2024-10,DiabetoShield,1,572.64
D0025,T01,2024-10,SugarBlock,17,670.43
D0025,T01,2024-11,GlucoCare,9,619.86
D0025,T01,2024-11,DiabetoShield,8,560.15
D0025,T01,2024-11,SugarBlock,8,685.43
D0025,T01,2024-12,GlucoCare,10,604.65
D0025,T01,2024-12,DiabetoShield,16,556.69
D0025,T01,2024-12,SugarBlock,2,699.1
D0026,T09,2024-01,GlucoCare,9,607.03
D0026,T09,2024-01,DiabetoShield,4,567.47
D0026,T09,2024-01,SugarBlock,13,683.8
D0026,T09,2024-02,GlucoCare,16,629.02
D0026,T09,2024-02,DiabetoShield,9,576.39
D0026,T09,2024-02,SugarBlock,8,699.29
D0026,T09,2024-03,GlucoCare,11,622.06
D0026,T09,2024-03,DiabetoShield,11,546.15
D0026,T09,2024-03,SugarBlock,6,703.58
D0026,T09,2024-04,GlucoCare,11,627.61
D0026,T09,2024-04,DiabetoShield,4,551.04
D0026,T09,2024-04,SugarBlock,12,704.36
D0026,T09,2024-05,GlucoCare,11,631.99
D0026,T09,2024-05,DiabetoShield,9,571.61
D0026,T09,2024-05,SugarBlock,10,685.58
D0026,T09,2024-06,GlucoCare,11,628.81
D0026,T09,2024-06,DiabetoShield,4,563.39
D0026,T09,2024-06,SugarBlock,16,680.47
D0026,T09,2024-07,GlucoCare,14,609.21
D0026,T09,2024-07,DiabetoShield,3,552.52
D0026,T09,2024-07,SugarBlock,17,669.51
D0026,T09,2024-08,GlucoCare,11,604.11
D0026,T09,2024-08,DiabetoShield,10,566.89
D0026,T09,2024-08,SugarBlock,8,707.51
D0026,T09,2024-09,GlucoCare,8,634.85
D0026,T09,2024-09,DiabetoShield,3,571.68
D0026,T09,2024-09,SugarBlock,12,682.64
D0026,T09,2024-10,GlucoCare,8,610.04
D0026,T09,2024-10,DiabetoShield,17,556.93
D0026,T09,2024-10,SugarBlock,1,697.21
D0026,T09,2024-11,GlucoCare,12,634.89
D0026,T09,2024-11,DiabetoShield,12,558.77
D0026,T09,2024-11,SugarBlock,7,706.34
D0026,T09,2024-12,GlucoCare,12,633.56
D0026,T09,2024-12,DiabetoShield,11,556.63
D0026,T09,2024-12,SugarBlock,5,674.56
D0027,T02,2024-01,GlucoCare,15,638.1
D0027,T02,2024-01,DiabetoShield,12,575.44
D0027,T02,2024-01,SugarBlock,11,707.18
D0027,T02,2024-02,GlucoCare,16,634.21
D0027,T02,2024-02,DiabetoShield,10,545.53
D0027,T02,2024-02,SugarBlock,12,706.91
D0027,T02,2024-03,GlucoCare,19,610.52
D0027,T02,2024-03,DiabetoShield,11,571.37
D0027,T02,2024-03,SugarBlock,15,700.1
D0027,T02,2024-04,GlucoCare,19,632.36
D0027,T02,2024-04,DiabetoShield,7,559.53
D0027,T02,2024-04,SugarBlock,17,686.89
D0027,T02,2024-05,GlucoCare,18,623.69
D0027,T02,2024-05,DiabetoShield,12,572.17
D0027,T02,2024-05,SugarBlock,18,696.11
D0027,T02,2024-06,GlucoCare,23,619.23
D0027,T02,2024-06,DiabetoShield,15,549.45
D0027,T02,2024-06,SugarBlock,13,691.97
D0027,T02,2024-07,GlucoCare,20,638.08
D0027,T02,2024-07,DiabetoShield,11,551.25
D0027,T02,2024-07,SugarBlock,14,701.28
D0027,T02,2024-08,GlucoCare,20,631.24
D0027,T02,2024-08,DiabetoShield,14,575.36
D0027,T02,2024-08,SugarBlock,14,702.69
D0027,T02,2024-09,GlucoCare,23,624.81
D0027,T02,2024-09,DiabetoShield,7,559.86
D0027,T02,2024-09,SugarBlock,22,687.28
D0027,T02,2024-10,GlucoCare,18,624.56
D0027,T02,2024-10,DiabetoShield,12,550.84
D0027,T02,2024-10,SugarBlock,12,682.91
D0027,T02,2024-11,GlucoCare,27,634.01
D0027,T02,2024-11,DiabetoShield,1,546.12
D0027,T02,2024-11,SugarBlock,29,707.67
D0027,T02,2024-12,GlucoCare,22,628.23
D0027,T02,2024-12,DiabetoShield,21,544.17
D0027,T02,2024-12,SugarBlock,5,689.81
D0028,T02,2024-01,GlucoCare,35,638.1
D0028,T02,2024-01,DiabetoShield,9,575.44
D0028,T02,2024-01,SugarBlock,36,707.18
D0028,T02,2024-02,GlucoCare,47,634.21
D0028,T02,2024-02,DiabetoShield,32,545.53
D0028,T02,2024-02,SugarBlock,15,706.91
D0028,T02,2024-03,GlucoCare,37,610.52
D0028,T02,2024-03,DiabetoShield,20,571.37
D0028,T02,2024-03,SugarBlock,21,700.1
D0028,T02,2024-04,GlucoCare,38,632.36
D0028,T02,2024-04,DiabetoShield,17,559.53
D0028,T02,2024-04,SugarBlock,28,686.89
D0028,T02,2024-05,GlucoCare,36,623.69
D0028,T02,2024-05,DiabetoShield,39,572.17
D0028,T02,2024-05,SugarBlock,8,696.11
D0028,T02,2024-06,GlucoCare,39,619.23
D0028,T02,2024-06,DiabetoShield,40,549.45
D0028,T02,2024-06,SugarBlock,0,691.97
D0028,T02,2024-07,GlucoCare,45,638.08
D0028,T02,2024-07,DiabetoShield,18,551.25
D0028,T02,2024-07,SugarBlock,22,701.28
D0028,T02,2024-08,GlucoCare,41,631.24
D0028,T02,2024-08,DiabetoShield,34,575.36
D0028,T02,2024-08,SugarBlock,13,702.69
D0028,T02,2024-09,GlucoCare,30,624.81
D0028,T02,2024-09,DiabetoShield,36,559.86
D0028,T02,2024-09,SugarBlock,11,687.28
D0028,T02,2024-10,GlucoCare,35,624.56
D0028,T02,2024-10,DiabetoShield,22,550.84
D0028,T02,2024-10,SugarBlock,29,682.91
D0028,T02,2024-11,GlucoCare,37,634.01
D0028,T02,2024-11,DiabetoShield,42,546.12
D0028,T02,2024-11,SugarBlock,4,707.67
D0028,T02,2024-12,GlucoCare,39,628.23
D0028,T02,2024-12,DiabetoShield,1,544.17
D0028,T02,2024-12,SugarBlock,49,689.81
D0029,T03,2024-01,GlucoCare,22,618.03
D0029,T03,2024-01,DiabetoShield,12,564.57
D0029,T03,2024-01,SugarBlock,44,686.67
D0029,T03,2024-02,GlucoCare,20,637.81
D0029,T03,2024-02,DiabetoShield,10,558.6
D0029,T03,2024-02,SugarBlock,41,670.51
D0029,T03,2024-03,GlucoCare,15,612.18
D0029,T03,2024-03,DiabetoShield,44,552.19
D0029,T03,2024-03,SugarBlock,13,673.73
D0029,T03,2024-04,GlucoCare,13,603.73
D0029,T03,2024-04,DiabetoShield,33,571.56
D0029,T03,2024-04,SugarBlock,14,671.69
D0029,T03,2024-05,GlucoCare,19,604.54
D0029,T03,2024-05,DiabetoShield,34,545.82
D0029,T03,2024-05,SugarBlock,15,696.02
D0029,T03,2024-06,GlucoCare,10,618.48
D0029,T03,2024-06,DiabetoShield,19,556.75
D0029,T03,2024-06,SugarBlock,29,701.21
D0029,T03,2024-07,GlucoCare,20,619.15
D0029,T03,2024-07,DiabetoShield,10,557.5
D0029,T03,2024-07,SugarBlock,42,698.91
D0029,T03,2024-08,GlucoCare,17,613.87
D0029,T03,2024-08,DiabetoShield,47,551.6
D0029,T03,2024-08,SugarBlock,10,705.1
D0029,T03,2024-09,GlucoCare,21,602.28
D0029,T03,2024-09,DiabetoShield,44,564.56
D0029,T03,2024-09,SugarBlock,3,671.21
D0029,T03,2024-10,GlucoCare,17,605.99
D0029,T03,2024-10,DiabetoShield,1,550.99
D0029,T03,2024-10,SugarBlock,49,679.33
D0029,T03,2024-11,GlucoCare,12,623.43
D0029,T03,2024-11,DiabetoShield,32,563.63
D0029,T03,2024-11,SugarBlock,13,708.2
D0029,T03,2024-12,GlucoCare,18,630.46
D0029,T03,2024-12,DiabetoShield,20,543.98
D0029,T03,2024-12,SugarBlock,37,686.2
D0030,T04,2024-01,GlucoCare,10,629.41
D0030,T04,2024-01,DiabetoShield,16,576.26
D0030,T04,2024-01,SugarBlock,4,687.25
D0030,T04,2024-02,GlucoCare,10,603.63
D0030,T04,2024-02,DiabetoShield,14,547.56
D0030,T04,2024-02,SugarBlock,8,700.46
D0030,T04,2024-03,GlucoCare,13,630.21
D0030,T04,2024-03,DiabetoShield,13,562.2
D0030,T04,2024-03,SugarBlock,10,696.25
D0030,T04,2024-04,GlucoCare,10,631.44
D0030,T04,2024-04,DiabetoShield,21,560.95
D0030,T04,2024-04,SugarBlock,2,680.33
D0030,T04,2024-05,GlucoCare,8,625.0
D0030,T04,2024-05,DiabetoShield,11,547.02
D0030,T04,2024-05,SugarBlock,12,698.83
D0030,T04,2024-06,GlucoCare,5,616.83
D0030,T04,2024-06,DiabetoShield,30,446.67
D0030,T04,2024-06,SugarBlock,0,562.6
D0030,T04,2024-07,GlucoCare,1,634.68
D0030,T04,2024-07,DiabetoShield,10,486.11
D0030,T04,2024-07,SugarBlock,14,582.06
D0030,T04,2024-08,GlucoCare,3,610.9
D0030,T04,2024-08,DiabetoShield,15,468.93
D0030,T04,2024-08,SugarBlock,18,538.59
D0030,T04,2024-09,GlucoCare,4,617.06
D0030,T04,2024-09,DiabetoShield,19,458.4
D0030,T04,2024-09,SugarBlock,7,547.24
D0030,T04,2024-10,GlucoCare,1,629.25
D0030,T04,2024-10,DiabetoShield,6,473.5
D0030,T04,2024-10,SugarBlock,19,517.62
D0030,T04,2024-11,GlucoCare,4,635.66
D0030,T04,2024-11,DiabetoShield,22,441.71
D0030,T04,2024-11,SugarBlock,6,572.72
D0030,T04,2024-12,GlucoCare,2,610.98
D0030,T04,2024-12,DiabetoShield,11,452.74
D0030,T04,2024-12,SugarBlock,11,588.28
D0031,T04,2024-01,GlucoCare,15,629.41
D0031,T04,2024-01,DiabetoShield,10,576.26
D0031,T04,2024-01,SugarBlock,14,687.25
D0031,T04,2024-02,GlucoCare,18,603.63
D0031,T04,2024-02,DiabetoShield,12,547.56
D0031,T04,2024-02,SugarBlock,15,700.46
D0031,T04,2024-03,GlucoCare,12,630.21
D0031,T04,2024-03,DiabetoShield,18,562.2
D0031,T04,2024-03,SugarBlock,6,696.25
D0031,T04,2024-04,GlucoCare,17,631.44
D0031,T04,2024-04,DiabetoShield,4,560.95
D0031,T04,2024-04,SugarBlock,26,680.33
D0031,T04,2024-05,GlucoCare,14,625.0
D0031,T04,2024-05,DiabetoShield,25,547.02
D0031,T04,2024-05,SugarBlock,6,698.83
D0031,T04,2024-06,GlucoCare,5,616.83
D0031,T04,2024-06,DiabetoShield,24,446.67
D0031,T04,2024-06,SugarBlock,3,562.6
D0031,T04,2024-07,GlucoCare,7,634.68
D0031,T04,2024-07,DiabetoShield,7,486.11
D0031,T04,2024-07,SugarBlock,20,582.06
D0031,T04,2024-08,GlucoCare,7,610.9
D0031,T04,2024-08,DiabetoShield,16,468.93
D0031,T04,2024-08,SugarBlock,16,538.59
D0031,T04,2024-09,GlucoCare,5,617.06
D0031,T04,2024-09,DiabetoShield,27,458.4
D0031,T04,2024-09,SugarBlock,8,547.24
D0031,T04,2024-10,GlucoCare,6,629.25
D0031,T04,2024-10,DiabetoShield,11,473.5
D0031,T04,2024-10,SugarBlock,19,517.62
D0031,T04,2024-11,GlucoCare,5,635.66
D0031,T04,2024-11,DiabetoShield,33,441.71
D0031,T04,2024-11,SugarBlock,9,572.72
D0031,T04,2024-12,GlucoCare,8,610.98
D0031,T04,2024-12,DiabetoShield,8,452.74
D0031,T04,2024-12,SugarBlock,24,588.28
D0032,T01,2024-01,GlucoCare,9,609.43
D0032,T01,2024-01,DiabetoShield,5,543.32
D0032,T01,2024-01,SugarBlock,18,707.52
D0032,T01,2024-02,GlucoCare,10,626.11
D0032,T01,2024-02,DiabetoShield,9,548.16
D0032,T01,2024-02,SugarBlock,8,676.94
D0032,T01,2024-03,GlucoCare,11,612.0
D0032,T01,2024-03,DiabetoShield,9,549.67
D0032,T01,2024-03,SugarBlock,9,702.79
D0032,T01,2024-04,GlucoCare,13,637.86
D0032,T01,2024-04,DiabetoShield,18,557.53
D0032,T01,2024-04,SugarBlock,5,679.34
D0032,T01,2024-05,GlucoCare,12,612.19
D0032,T01,2024-05,DiabetoShield,19,574.04
D0032,T01,2024-05,SugarBlock,3,697.01
D0032,T01,2024-06,GlucoCare,15,635.52
D0032,T01,2024-06,DiabetoShield,12,568.66
D0032,T01,2024-06,SugarBlock,10,680.21
D0032,T01,2024-07,GlucoCare,16,609.94
D0032,T01,2024-07,DiabetoShield,15,569.85
D0032,T01,2024-07,SugarBlock,10,706.3
D0032,T01,2024-08,GlucoCare,12,604.89
D0032,T01,2024-08,DiabetoShield,19,552.0
D0032,T01,2024-08,SugarBlock,2,682.64
D0032,T01,2024-09,GlucoCare,14,627.39
D0032,T01,2024-09,DiabetoShield,1,550.7
D0032,T01,2024-09,SugarBlock,19,689.19
D0032,T01,2024-10,GlucoCare,13,620.06
D0032,T01,2024-10,DiabetoShield,4,572.64
D0032,T01,2024-10,SugarBlock,14,670.43
D0032,T01,2024-11,GlucoCare,10,619.86
D0032,T01,2024-11,DiabetoShield,13,560.15
D0032,T01,2024-11,SugarBlock,8,685.43
D0032,T01,2024-12,GlucoCare,9,604.65
D0032,T01,2024-12,DiabetoShield,11,556.69
D0032,T01,2024-12,SugarBlock,9,699.1
D0033,T09,2024-01,GlucoCare,7,607.03
D0033,T09,2024-01,DiabetoShield,2,567.47
D0033,T09,2024-01,SugarBlock,10,683.8
D0033,T09,2024-02,GlucoCare,7,629.02
D0033,T09,2024-02,DiabetoShield,1,576.39
D0033,T09,2024-02,SugarBlock,10,699.29
D0033,T09,2024-03,GlucoCare,9,622.06
D0033,T09,2024-03,DiabetoShield,8,546.15
D0033,T09,2024-03,SugarBlock,5,703.58
D0033,T09,2024-04,GlucoCare,7,627.61
D0033,T09,2024-04,DiabetoShield,4,551.04
D0033,T09,2024-04,SugarBlock,7,704.36
D0033,T09,2024-05,GlucoCare,9,631.99
D0033,T09,2024-05,DiabetoShield,7,571.61
D0033,T09,2024-05,SugarBlock,6,685.58
D0033,T09,2024-06,GlucoCare,10,628.81
D0033,T09,2024-06,DiabetoShield,3,563.39
D0033,T09,2024-06,SugarBlock,12,680.47
D0033,T09,2024-07,GlucoCare,6,609.21
D0033,T09,2024-07,DiabetoShield,8,552.52
D0033,T09,2024-07,SugarBlock,3,669.51
D0033,T09,2024-08,GlucoCare,7,604.11
D0033,T09,2024-08,DiabetoShield,9,566.89
D0033,T09,2024-08,SugarBlock,5,707.51
D0033,T09,2024-09,GlucoCare,10,634.85
D0033,T09,2024-09,DiabetoShield,7,571.68
D0033,T09,2024-09,SugarBlock,7,682.64
D0033,T09,2024-10,GlucoCare,9,610.04
D0033,T09,2024-10,DiabetoShield,3,556.93
D0033,T09,2024-10,SugarBlock,7,697.21
D0033,T09,2024-11,GlucoCare,5,634.89
D0033,T09,2024-11,DiabetoShield,5,558.77
D0033,T09,2024-11,SugarBlock,7,706.34
D0033,T09,2024-12,GlucoCare,5,633.56
D0033,T09,2024-12,DiabetoShield,5,556.63
D0033,T09,2024-12,SugarBlock,7,674.56
D0034,T09,2024-01,GlucoCare,7,607.03
D0034,T09,2024-01,DiabetoShield,6,567.47
D0034,T09,2024-01,SugarBlock,4,683.8
D0034,T09,2024-02,GlucoCare,7,629.02
D0034,T09,2024-02,DiabetoShield,10,576.39
D0034,T09,2024-02,SugarBlock,0,699.29
D0034,T09,2024-03,GlucoCare,7,622.06
D0034,T09,2024-03,DiabetoShield,6,546.15
D0034,T09,2024-03,SugarBlock,5,703.58
D0034,T09,2024-04,GlucoCare,9,627.61
D0034,T09,2024-04,DiabetoShield,5,551.04
D0034,T09,2024-04,SugarBlock,7,704.36
D0034,T09,2024-05,GlucoCare,6,631.99
D0034,T09,2024-05,DiabetoShield,4,571.61
D0034,T09,2024-05,SugarBlock,8,685.58
D0034,T09,2024-06,GlucoCare,5,628.81
D0034,T09,2024-06,DiabetoShield,7,563.39
D0034,T09,2024-06,SugarBlock,4,680.47
D0034,T09,2024-07,GlucoCare,4,609.21
D0034,T09,2024-07,DiabetoShield,6,552.52
D0034,T09,2024-07,SugarBlock,2,669.51
D0034,T09,2024-08,GlucoCare,6,604.11
D0034,T09,2024-08,DiabetoShield,9,566.89
D0034,T09,2024-08,SugarBlock,1,707.51
D0034,T09,2024-09,GlucoCare,8,634.85
D0034,T09,2024-09,DiabetoShield,1,571.68
D0034,T09,2024-09,SugarBlock,11,682.64
D0034,T09,2024-10,GlucoCare,7,610.04
D0034,T09,2024-10,DiabetoShield,6,556.93
D0034,T09,2024-10,SugarBlock,4,697.21
D0034,T09,2024-11,GlucoCare,7,634.89
D0034,T09,2024-11,DiabetoShield,9,558.77
D0034,T09,2024-11,SugarBlock,1,706.34
D0034,T09,2024-12,GlucoCare,5,633.56
D0034,T09,2024-12,DiabetoShield,8,556.63
D0034,T09,2024-12,SugarBlock,2,674.56
D0035,T07,2024-01,GlucoCare,9,613.28
D0035,T07,2024-01,DiabetoShield,1,543.71
D0035,T07,2024-01,SugarBlock,20,677.97
D0035,T07,2024-02,GlucoCare,10,612.1
D0035,T07,2024-02,DiabetoShield,6,573.04
D0035,T07,2024-02,SugarBlock,14,707.05
D0035,T07,2024-03,GlucoCare,10,610.51
D0035,T07,2024-03,DiabetoShield,12,551.66
D0035,T07,2024-03,SugarBlock,10,687.12
D0035,T07,2024-04,GlucoCare,8,611.2
D0035,T07,2024-04,DiabetoShield,3,570.85
D0035,T07,2024-04,SugarBlock,19,698.24
D0035,T07,2024-05,GlucoCare,13,636.2
D0035,T07,2024-05,DiabetoShield,5,557.23
D0035,T07,2024-05,SugarBlock,15,710.52
D0035,T07,2024-06,GlucoCare,11,616.5
D0035,T07,2024-06,DiabetoShield,3,551.15
D0035,T07,2024-06,SugarBlock,17,703.48
D0035,T07,2024-07,GlucoCare,9,626.91
D0035,T07,2024-07,DiabetoShield,14,558.06
D0035,T07,2024-07,SugarBlock,3,695.42
D0035,T07,2024-08,GlucoCare,12,603.04
D0035,T07,2024-08,DiabetoShield,12,561.75
D0035,T07,2024-08,SugarBlock,10,670.02
D0035,T07,2024-09,GlucoCare,13,620.92
D0035,T07,2024-09,DiabetoShield,19,571.9
D0035,T07,2024-09,SugarBlock,4,672.66
D0035,T07,2024-10,GlucoCare,7,612.68
D0035,T07,2024-10,DiabetoShield,14,554.25
D0035,T07,2024-10,SugarBlock,4,673.03
D0035,T07,2024-11,GlucoCare,11,621.64
D0035,T07,2024-11,DiabetoShield,8,570.54
D0035,T07,2024-11,SugarBlock,15,694.51
D0035,T07,2024-12,GlucoCare,11,605.15
D0035,T07,2024-12,DiabetoShield,13,551.02
D0035,T07,2024-12,SugarBlock,5,688.97
D0036,T10,2024-01,GlucoCare,7,625.16
D0036,T10,2024-01,DiabetoShield,7,556.67
D0036,T10,2024-01,SugarBlock,18,706.76
D0036,T10,2024-02,GlucoCare,10,620.02
D0036,T10,2024-02,DiabetoShield,8,561.81
D0036,T10,2024-02,SugarBlock,14,694.63
D0036,T10,2024-03,GlucoCare,10,613.18
D0036,T10,2024-03,DiabetoShield,18,550.51
D0036,T10,2024-03,SugarBlock,9,692.26
D0036,T10,2024-04,GlucoCare,10,605.08
D0036,T10,2024-04,DiabetoShield,23,563.35
D0036,T10,2024-04,SugarBlock,4,692.18
D0036,T10,2024-05,GlucoCare,12,635.95
D0036,T10,2024-05,DiabetoShield,8,544.47
D0036,T10,2024-05,SugarBlock,17,679.63
D0036,T10,2024-06,GlucoCare,7,610.47
D0036,T10,2024-06,DiabetoShield,2,574.24
D0036,T10,2024-06,SugarBlock,18,689.61
D0036,T10,2024-07,GlucoCare,13,637.08
D0036,T10,2024-07,DiabetoShield,1,560.97
D0036,T10,2024-07,SugarBlock,26,678.12
D0036,T10,2024-08,GlucoCare,8,603.83
D0036,T10,2024-08,DiabetoShield,12,564.59
D0036,T10,2024-08,SugarBlock,17,707.67
D0036,T10,2024-09,GlucoCare,10,618.77
D0036,T10,2024-09,DiabetoShield,8,574.82
D0036,T10,2024-09,SugarBlock,17,686.21
D0036,T10,2024-10,GlucoCare,12,601.68
D0036,T10,2024-10,DiabetoShield,9,573.58
D0036,T10,2024-10,SugarBlock,14,687.63
D0036,T10,2024-11,GlucoCare,8,614.55
D0036,T10,2024-11,DiabetoShield,16,576.61
D0036,T10,2024-11,SugarBlock,7,687.55
D0036,T10,2024-12,GlucoCare,9,607.8
D0036,T10,2024-12,DiabetoShield,1,555.29
D0036,T10,2024-12,SugarBlock,25,692.56
D0037,T10,2024-01,GlucoCare,6,625.16
D0037,T10,2024-01,DiabetoShield,1,556.67
D0037,T10,2024-01,SugarBlock,17,706.76
D0037,T10,2024-02,GlucoCare,7,620.02
D0037,T10,2024-02,DiabetoShield,12,561.81
D0037,T10,2024-02,SugarBlock,1,694.63
D0037,T10,2024-03,GlucoCare,6,613.18
D0037,T10,2024-03,DiabetoShield,6,550.51
D0037,T10,2024-03,SugarBlock,9,692.26
D0037,T10,2024-04,GlucoCare,8,605.08
D0037,T10,2024-04,DiabetoShield,16,563.35
D0037,T10,2024-04,SugarBlock,0,692.18
D0037,T10,2024-05,GlucoCare,4,635.95
D0037,T10,2024-05,DiabetoShield,3,544.47
D0037,T10,2024-05,SugarBlock,11,679.63
D0037,T10,2024-06,GlucoCare,6,610.47
D0037,T10,2024-06,DiabetoShield,0,574.24
D0037,T10,2024-06,SugarBlock,15,689.61
D0037,T10,2024-07,GlucoCare,7,637.08
D0037,T10,2024-07,DiabetoShield,8,560.97
D0037,T10,2024-07,SugarBlock,8,678.12
D0037,T10,2024-08,GlucoCare,7,603.83
D0037,T10,2024-08,DiabetoShield,2,564.59
D0037,T10,2024-08,SugarBlock,12,707.67
D0037,T10,2024-09,GlucoCare,6,618.77
D0037,T10,2024-09,DiabetoShield,3,574.82
D0037,T10,2024-09,SugarBlock,11,686.21
D0037,T10,2024-10,GlucoCare,4,601.68
D0037,T10,2024-10,DiabetoShield,12,573.58
D0037,T10,2024-10,SugarBlock,3,687.63
D0037,T10,2024-11,GlucoCare,8,614.55
D0037,T10,2024-11,DiabetoShield,5,576.61
D0037,T10,2024-11,SugarBlock,11,687.55
D0037,T10,2024-12,GlucoCare,4,607.8
D0037,T10,2024-12,DiabetoShield,3,555.29
D0037,T10,2024-12,SugarBlock,13,692.56
D0038,T10,2024-01,GlucoCare,12,625.16
D0038,T10,2024-01,DiabetoShield,7,556.67
D0038,T10,2024-01,SugarBlock,11,706.76
D0038,T10,2024-02,GlucoCare,12,620.02
D0038,T10,2024-02,DiabetoShield,11,561.81
D0038,T10,2024-02,SugarBlock,5,694.63
D0038,T10,2024-03,GlucoCare,13,613.18
D0038,T10,2024-03,DiabetoShield,13,550.51
D0038,T10,2024-03,SugarBlock,0,692.26
D0038,T10,2024-04,GlucoCare,14,605.08
D0038,T10,2024-04,DiabetoShield,3,563.35
D0038,T10,2024-04,SugarBlock,12,692.18
D0038,T10,2024-05,GlucoCare,13,635.95
D0038,T10,2024-05,DiabetoShield,4,544.47
D0038,T10,2024-05,SugarBlock,10,679.63
D0038,T10,2024-06,GlucoCare,10,610.47
D0038,T10,2024-06,DiabetoShield,14,574.24
D0038,T10,2024-06,SugarBlock,2,689.61
D0038,T10,2024-07,GlucoCare,12,637.08
D0038,T10,2024-07,DiabetoShield,11,560.97
D0038,T10,2024-07,SugarBlock,1,678.12
D0038,T10,2024-08,GlucoCare,12,603.83
D0038,T10,2024-08,DiabetoShield,1,564.59
D0038,T10,2024-08,SugarBlock,16,707.67
D0038,T10,2024-09,GlucoCare,12,618.77
D0038,T10,2024-09,DiabetoShield,16,574.82
D0038,T10,2024-09,SugarBlock,0,686.21
D0038,T10,2024-10,GlucoCare,10,601.68
D0038,T10,2024-10,DiabetoShield,5,573.58
D0038,T10,2024-10,SugarBlock,11,687.63
D0038,T10,2024-11,GlucoCare,8,614.55
D0038,T10,2024-11,DiabetoShield,10,576.61
D0038,T10,2024-11,SugarBlock,3,687.55
D0038,T10,2024-12,GlucoCare,17,607.8
D0038,T10,2024-12,DiabetoShield,15,555.29
D0038,T10,2024-12,SugarBlock,1,692.56
D0039,T04,2024-01,GlucoCare,10,629.41
D0039,T04,2024-01,DiabetoShield,1,576.26
D0039,T04,2024-01,SugarBlock,15,687.25
D0039,T04,2024-02,GlucoCare,9,603.63
D0039,T04,2024-02,DiabetoShield,9,547.56
D0039,T04,2024-02,SugarBlock,7,700.46
D0039,T04,2024-03,GlucoCare,13,630.21
D0039,T04,2024-03,DiabetoShield,6,562.2
D0039,T04,2024-03,SugarBlock,8,696.25
D0039,T04,2024-04,GlucoCare,10,631.44
D0039,T04,2024-04,DiabetoShield,12,560.95
D0039,T04,2024-04,SugarBlock,2,680.33
D0039,T04,2024-05,GlucoCare,13,625.0
D0039,T04,2024-05,DiabetoShield,12,547.02
D0039,T04,2024-05,SugarBlock,4,698.83
D0039,T04,2024-06,GlucoCare,4,616.83
D0039,T04,2024-06,DiabetoShield,9,446.67
D0039,T04,2024-06,SugarBlock,8,562.6
D0039,T04,2024-07,GlucoCare,6,634.68
D0039,T04,2024-07,DiabetoShield,17,486.11
D0039,T04,2024-07,SugarBlock,1,582.06
D0039,T04,2024-08,GlucoCare,6,610.9
D0039,T04,2024-08,DiabetoShield,17,468.93
D0039,T04,2024-08,SugarBlock,3,538.59
D0039,T04,2024-09,GlucoCare,4,617.06
D0039,T04,2024-09,DiabetoShield,8,458.4
D0039,T04,2024-09,SugarBlock,8,547.24
D0039,T04,2024-10,GlucoCare,3,629.25
D0039,T04,2024-10,DiabetoShield,15,473.5
D0039,T04,2024-10,SugarBlock,6,517.62
D0039,T04,2024-11,GlucoCare,4,635.66
D0039,T04,2024-11,DiabetoShield,4,441.71
D0039,T04,2024-11,SugarBlock,13,572.72
D0039,T04,2024-12,GlucoCare,4,610.98
D0039,T04,2024-12,DiabetoShield,6,452.74
D0039,T04,2024-12,SugarBlock,12,588.28
D0040,T07,2024-01,GlucoCare,9,613.28
D0040,T07,2024-01,DiabetoShield,8,543.71
D0040,T07,2024-01,SugarBlock,4,677.97
D0040,T07,2024-02,GlucoCare,11,612.1
D0040,T07,2024-02,DiabetoShield,6,573.04
D0040,T07,2024-02,SugarBlock,6,707.05
D0040,T07,2024-03,GlucoCare,12,610.51
D0040,T07,2024-03,DiabetoShield,11,551.66
D0040,T07,2024-03,SugarBlock,6,687.12
D0040,T07,2024-04,GlucoCare,7,611.2
D0040,T07,2024-04,DiabetoShield,4,570.85
D0040,T07,2024-04,SugarBlock,9,698.24
D0040,T07,2024-05,GlucoCare,8,636.2
D0040,T07,2024-05,DiabetoShield,6,557.23
D0040,T07,2024-05,SugarBlock,8,710.52
D0040,T07,2024-06,GlucoCare,9,616.5
D0040,T07,2024-06,DiabetoShield,0,551.15
D0040,T07,2024-06,SugarBlock,14,703.48
D0040,T07,2024-07,GlucoCare,12,626.91
D0040,T07,2024-07,DiabetoShield,11,558.06
D0040,T07,2024-07,SugarBlock,3,695.42
D0040,T07,2024-08,GlucoCare,13,603.04
D0040,T07,2024-08,DiabetoShield,14,561.75
D0040,T07,2024-08,SugarBlock,2,670.02
D0040,T07,2024-09,GlucoCare,9,620.92
D0040,T07,2024-09,DiabetoShield,10,571.9
D0040,T07,2024-09,SugarBlock,6,672.66
D0040,T07,2024-10,GlucoCare,8,612.68
D0040,T07,2024-10,DiabetoShield,3,554.25
D0040,T07,2024-10,SugarBlock,11,673.03
D0040,T07,2024-11,GlucoCare,10,621.64
D0040,T07,2024-11,DiabetoShield,14,570.54
D0040,T07,2024-11,SugarBlock,2,694.51
D0040,T07,2024-12,GlucoCare,9,605.15
D0040,T07,2024-12,DiabetoShield,2,551.02
D0040,T07,2024-12,SugarBlock,12,688.97
D0041,T08,2024-01,GlucoCare,8,628.82
D0041,T08,2024-01,DiabetoShield,1,555.74
D0041,T08,2024-01,SugarBlock,12,710.43
D0041,T08,2024-02,GlucoCare,10,619.89
D0041,T08,2024-02,DiabetoShield,2,576.63
D0041,T08,2024-02,SugarBlock,12,702.8
D0041,T08,2024-03,GlucoCare,11,608.44
D0041,T08,2024-03,DiabetoShield,13,573.31
D0041,T08,2024-03,SugarBlock,3,687.25
D0041,T08,2024-04,GlucoCare,9,636.52
D0041,T08,2024-04,DiabetoShield,6,556.39
D0041,T08,2024-04,SugarBlock,6,701.72
D0041,T08,2024-05,GlucoCare,11,628.79
D0041,T08,2024-05,DiabetoShield,6,552.07
D0041,T08,2024-05,SugarBlock,10,672.19
D0041,T08,2024-06,GlucoCare,9,607.82
D0041,T08,2024-06,DiabetoShield,5,556.23
D0041,T08,2024-06,SugarBlock,9,706.85
D0041,T08,2024-07,GlucoCare,13,620.8
D0041,T08,2024-07,DiabetoShield,5,574.08
D0041,T08,2024-07,SugarBlock,8,704.0
D0041,T08,2024-08,GlucoCare,13,635.05
D0041,T08,2024-08,DiabetoShield,12,562.38
D0041,T08,2024-08,SugarBlock,3,695.84
D0041,T08,2024-09,GlucoCare,1,625.84
D0041,T08,2024-09,DiabetoShield,13,575.34
D0041,T08,2024-09,SugarBlock,10,704.58
D0041,T08,2024-10,GlucoCare,3,623.58
D0041,T08,2024-10,DiabetoShield,10,563.96
D0041,T08,2024-10,SugarBlock,11,693.21
D0041,T08,2024-11,GlucoCare,2,626.91
D0041,T08,2024-11,DiabetoShield,7,571.35
D0041,T08,2024-11,SugarBlock,16,670.16
D0041,T08,2024-12,GlucoCare,3,624.64
D0041,T08,2024-12,DiabetoShield,9,566.48
D0041,T08,2024-12,SugarBlock,15,673.75
D0042,T07,2024-01,GlucoCare,13,613.28
D0042,T07,2024-01,DiabetoShield,13,543.71
D0042,T07,2024-01,SugarBlock,8,677.97
D0042,T07,2024-02,GlucoCare,13,612.1
D0042,T07,2024-02,DiabetoShield,3,573.04
D0042,T07,2024-02,SugarBlock,14,707.05
D0042,T07,2024-03,GlucoCare,14,610.51
D0042,T07,2024-03,DiabetoShield,11,551.66
D0042,T07,2024-03,SugarBlock,11,687.12
D0042,T07,2024-04,GlucoCare,13,611.2
D0042,T07,2024-04,DiabetoShield,10,570.85
D0042,T07,2024-04,SugarBlock,10,698.24
D0042,T07,2024-05,GlucoCare,14,636.2
D0042,T07,2024-05,DiabetoShield,3,557.23
D0042,T07,2024-05,SugarBlock,17,710.52
D0042,T07,2024-06,GlucoCare,11,616.5
D0042,T07,2024-06,DiabetoShield,16,551.15
D0042,T07,2024-06,SugarBlock,3,703.48
D0042,T07,2024-07,GlucoCare,13,626.91
D0042,T07,2024-07,DiabetoShield,1,558.06
D0042,T07,2024-07,SugarBlock,17,695.42
D0042,T07,2024-08,GlucoCare,16,603.04
D0042,T07,2024-08,DiabetoShield,20,561.75
D0042,T07,2024-08,SugarBlock,5,670.02
D0042,T07,2024-09,GlucoCare,10,620.92
D0042,T07,2024-09,DiabetoShield,12,571.9
D0042,T07,2024-09,SugarBlock,5,672.66
D0042,T07,2024-10,GlucoCare,17,612.68
D0042,T07,2024-10,DiabetoShield,15,554.25
D0042,T07,2024-10,SugarBlock,7,673.03
D0042,T07,2024-11,GlucoCare,11,621.64
D0042,T07,2024-11,DiabetoShield,12,570.54
D0042,T07,2024-11,SugarBlock,4,694.51
D0042,T07,2024-12,GlucoCare,14,605.15
D0042,T07,2024-12,DiabetoShield,11,551.02
D0042,T07,2024-12,SugarBlock,10,688.97
D0043,T08,2024-01,GlucoCare,16,628.82
D0043,T08,2024-01,DiabetoShield,24,555.74
D0043,T08,2024-01,SugarBlock,5,710.43
D0043,T08,2024-02,GlucoCare,10,619.89
D0043,T08,2024-02,DiabetoShield,10,576.63
D0043,T08,2024-02,SugarBlock,23,702.8
D0043,T08,2024-03,GlucoCare,12,608.44
D0043,T08,2024-03,DiabetoShield,28,573.31
D0043,T08,2024-03,SugarBlock,12,687.25
D0043,T08,2024-04,GlucoCare,13,636.52
D0043,T08,2024-04,DiabetoShield,31,556.39
D0043,T08,2024-04,SugarBlock,2,701.72
D0043,T08,2024-05,GlucoCare,14,628.79
D0043,T08,2024-05,DiabetoShield,18,552.07
D0043,T08,2024-05,SugarBlock,17,672.19
D0043,T08,2024-06,GlucoCare,17,607.82
D0043,T08,2024-06,DiabetoShield,13,556.23
D0043,T08,2024-06,SugarBlock,27,706.85
D0043,T08,2024-07,GlucoCare,12,620.8
D0043,T08,2024-07,DiabetoShield,18,574.08
D0043,T08,2024-07,SugarBlock,15,704.0
D0043,T08,2024-08,GlucoCare,14,635.05
D0043,T08,2024-08,DiabetoShield,22,562.38
D0043,T08,2024-08,SugarBlock,10,695.84
D0043,T08,2024-09,GlucoCare,12,625.84
D0043,T08,2024-09,DiabetoShield,12,575.34
D0043,T08,2024-09,SugarBlock,24,704.58
D0043,T08,2024-10,GlucoCare,11,623.58
D0043,T08,2024-10,DiabetoShield,20,563.96
D0043,T08,2024-10,SugarBlock,11,693.21
D0043,T08,2024-11,GlucoCare,14,626.91
D0043,T08,2024-11,DiabetoShield,36,571.35
D0043,T08,2024-11,SugarBlock,1,670.16
D0043,T08,2024-12,GlucoCare,16,624.64
D0043,T08,2024-12,DiabetoShield,10,566.48
D0043,T08,2024-12,SugarBlock,25,673.75
D0044,T07,2024-01,GlucoCare,16,613.28
D0044,T07,2024-01,DiabetoShield,4,543.71
D0044,T07,2024-01,SugarBlock,25,677.97
D0044,T07,2024-02,GlucoCare,19,612.1
D0044,T07,2024-02,DiabetoShield,1,573.04
D0044,T07,2024-02,SugarBlock,25,707.05
D0044,T07,2024-03,GlucoCare,13,610.51
D0044,T07,2024-03,DiabetoShield,1,551.66
D0044,T07,2024-03,SugarBlock,20,687.12
D0044,T07,2024-04,GlucoCare,19,611.2
D0044,T07,2024-04,DiabetoShield,11,570.85
D0044,T07,2024-04,SugarBlock,14,698.24
D0044,T07,2024-05,GlucoCare,16,636.2
D0044,T07,2024-05,DiabetoShield,19,557.23
D0044,T07,2024-05,SugarBlock,5,710.52
D0044,T07,2024-06,GlucoCare,4,616.5
D0044,T07,2024-06,DiabetoShield,15,551.15
D0044,T07,2024-06,SugarBlock,26,703.48
D0044,T07,2024-07,GlucoCare,4,626.91
D0044,T07,2024-07,DiabetoShield,23,558.06
D0044,T07,2024-07,SugarBlock,20,695.42
D0044,T07,2024-08,GlucoCare,6,603.04
D0044,T07,2024-08,DiabetoShield,22,561.75
D0044,T07,2024-08,SugarBlock,22,670.02
D0044,T07,2024-09,GlucoCare,4,620.92
D0044,T07,2024-09,DiabetoShield,12,571.9
D0044,T07,2024-09,SugarBlock,19,672.66
D0044,T07,2024-10,GlucoCare,4,612.68
D0044,T07,2024-10,DiabetoShield,0,554.25
D0044,T07,2024-10,SugarBlock,33,673.03
D0044,T07,2024-11,GlucoCare,2,621.64
D0044,T07,2024-11,DiabetoShield,1,570.54
D0044,T07,2024-11,SugarBlock,26,694.51
D0044,T07,2024-12,GlucoCare,1,605.15
D0044,T07,2024-12,DiabetoShield,31,551.02
D0044,T07,2024-12,SugarBlock,2,688.97
D0045,T04,2024-01,GlucoCare,11,629.41
D0045,T04,2024-01,DiabetoShield,4,576.26
D0045,T04,2024-01,SugarBlock,12,687.25
D0045,T04,2024-02,GlucoCare,9,603.63
D0045,T04,2024-02,DiabetoShield,6,547.56
D0045,T04,2024-02,SugarBlock,8,700.46
D0045,T04,2024-03,GlucoCare,13,630.21
D0045,T04,2024-03,DiabetoShield,7,562.2
D0045,T04,2024-03,SugarBlock,11,696.25
D0045,T04,2024-04,GlucoCare,11,631.44
D0045,T04,2024-04,DiabetoShield,3,560.95
D0045,T04,2024-04,SugarBlock,16,680.33
D0045,T04,2024-05,GlucoCare,11,625.0
D0045,T04,2024-05,DiabetoShield,15,547.02
D0045,T04,2024-05,SugarBlock,1,698.83
D0045,T04,2024-06,GlucoCare,6,616.83
D0045,T04,2024-06,DiabetoShield,16,446.67
D0045,T04,2024-06,SugarBlock,2,562.6
D0045,T04,2024-07,GlucoCare,3,634.68
D0045,T04,2024-07,DiabetoShield,16,486.11
D0045,T04,2024-07,SugarBlock,4,582.06
D0045,T04,2024-08,GlucoCare,6,610.9
D0045,T04,2024-08,DiabetoShield,2,468.93
D0045,T04,2024-08,SugarBlock,17,538.59
D0045,T04,2024-09,GlucoCare,3,617.06
D0045,T04,2024-09,DiabetoShield,6,458.4
D0045,T04,2024-09,SugarBlock,12,547.24
D0045,T04,2024-10,GlucoCare,6,629.25
D0045,T04,2024-10,DiabetoShield,9,473.5
D0045,T04,2024-10,SugarBlock,10,517.62
D0045,T04,2024-11,GlucoCare,4,635.66
D0045,T04,2024-11,DiabetoShield,2,441.71
D0045,T04,2024-11,SugarBlock,20,572.72
D0045,T04,2024-12,GlucoCare,8,610.98
D0045,T04,2024-12,DiabetoShield,9,452.74
D0045,T04,2024-12,SugarBlock,10,588.28
D0046,T06,2024-01,GlucoCare,13,611.27
D0046,T06,2024-01,DiabetoShield,22,554.84
D0046,T06,2024-01,SugarBlock,1,690.22
D0046,T06,2024-02,GlucoCare,8,607.59
D0046,T06,2024-02,DiabetoShield,1,574.29
D0046,T06,2024-02,SugarBlock,24,675.89
D0046,T06,2024-03,GlucoCare,11,634.59
D0046,T06,2024-03,DiabetoShield,4,552.55
D0046,T06,2024-03,SugarBlock,20,693.38
D0046,T06,2024-04,GlucoCare,10,617.98
D0046,T06,2024-04,DiabetoShield,3,549.04
D0046,T06,2024-04,SugarBlock,20,674.05
D0046,T06,2024-05,GlucoCare,11,617.89
D0046,T06,2024-05,DiabetoShield,5,557.73
D0046,T06,2024-05,SugarBlock,21,670.85
D0046,T06,2024-06,GlucoCare,14,614.8
D0046,T06,2024-06,DiabetoShield,16,544.12
D0046,T06,2024-06,SugarBlock,9,671.82
D0046,T06,2024-07,GlucoCare,12,628.77
D0046,T06,2024-07,DiabetoShield,16,573.7
D0046,T06,2024-07,SugarBlock,8,677.41
D0046,T06,2024-08,GlucoCare,10,618.13
D0046,T06,2024-08,DiabetoShield,16,573.99
D0046,T06,2024-08,SugarBlock,10,682.39
D0046,T06,2024-09,GlucoCare,8,607.77
D0046,T06,2024-09,DiabetoShield,19,566.77
D0046,T06,2024-09,SugarBlock,6,679.38
D0046,T06,2024-10,GlucoCare,16,619.7
D0046,T06,2024-10,DiabetoShield,11,553.39
D0046,T06,2024-10,SugarBlock,14,685.51
D0046,T06,2024-11,GlucoCare,12,609.09
D0046,T06,2024-11,DiabetoShield,17,543.78
D0046,T06,2024-11,SugarBlock,11,685.03
D0046,T06,2024-12,GlucoCare,10,633.8
D0046,T06,2024-12,DiabetoShield,8,566.06
D0046,T06,2024-12,SugarBlock,15,705.71
D0047,T02,2024-01,GlucoCare,18,638.1
D0047,T02,2024-01,DiabetoShield,12,575.44
D0047,T02,2024-01,SugarBlock,9,707.18
D0047,T02,2024-02,GlucoCare,16,634.21
D0047,T02,2024-02,DiabetoShield,27,545.53
D0047,T02,2024-02,SugarBlock,0,706.91
D0047,T02,2024-03,GlucoCare,19,610.52
D0047,T02,2024-03,DiabetoShield,3,571.37
D0047,T02,2024-03,SugarBlock,21,700.1
D0047,T02,2024-04,GlucoCare,19,632.36
D0047,T02,2024-04,DiabetoShield,4,559.53
D0047,T02,2024-04,SugarBlock,21,686.89
D0047,T02,2024-05,GlucoCare,12,623.69
D0047,T02,2024-05,DiabetoShield,3,572.17
D0047,T02,2024-05,SugarBlock,21,696.11
D0047,T02,2024-06,GlucoCare,16,619.23
D0047,T02,2024-06,DiabetoShield,23,549.45
D0047,T02,2024-06,SugarBlock,3,691.97
D0047,T02,2024-07,GlucoCare,14,638.08
D0047,T02,2024-07,DiabetoShield,15,551.25
D0047,T02,2024-07,SugarBlock,5,701.28
D0047,T02,2024-08,GlucoCare,18,631.24
D0047,T02,2024-08,DiabetoShield,6,575.36
D0047,T02,2024-08,SugarBlock,18,702.69
D0047,T02,2024-09,GlucoCare,15,624.81
D0047,T02,2024-09,DiabetoShield,6,559.86
D0047,T02,2024-09,SugarBlock,15,687.28
D0047,T02,2024-10,GlucoCare,14,624.56
D0047,T02,2024-10,DiabetoShield,20,550.84
D0047,T02,2024-10,SugarBlock,1,682.91
D0047,T02,2024-11,GlucoCare,18,634.01
D0047,T02,2024-11,DiabetoShield,9,546.12
D0047,T02,2024-11,SugarBlock,15,707.67
D0047,T02,2024-12,GlucoCare,12,628.23
D0047,T02,2024-12,DiabetoShield,13,544.17
D0047,T02,2024-12,SugarBlock,8,689.81
D0048,T10,2024-01,GlucoCare,10,625.16
D0048,T10,2024-01,DiabetoShield,6,556.67
D0048,T10,2024-01,SugarBlock,6,706.76
D0048,T10,2024-02,GlucoCare,9,620.02
D0048,T10,2024-02,DiabetoShield,0,561.81
D0048,T10,2024-02,SugarBlock,12,694.63
D0048,T10,2024-03,GlucoCare,7,613.18
D0048,T10,2024-03,DiabetoShield,4,550.51
D0048,T10,2024-03,SugarBlock,7,692.26
D0048,T10,2024-04,GlucoCare,7,605.08
D0048,T10,2024-04,DiabetoShield,5,563.35
D0048,T10,2024-04,SugarBlock,7,692.18
D0048,T10,2024-05,GlucoCare,9,635.95
D0048,T10,2024-05,DiabetoShield,6,544.47
D0048,T10,2024-05,SugarBlock,6,679.63
D0048,T10,2024-06,GlucoCare,7,610.47
D0048,T10,2024-06,DiabetoShield,8,574.24
D0048,T10,2024-06,SugarBlock,1,689.61
D0048,T10,2024-07,GlucoCare,9,637.08
D0048,T10,2024-07,DiabetoShield,2,560.97
D0048,T10,2024-07,SugarBlock,7,678.12
D0048,T10,2024-08,GlucoCare,7,603.83
D0048,T10,2024-08,DiabetoShield,7,564.59
D0048,T10,2024-08,SugarBlock,4,707.67
D0048,T10,2024-09,GlucoCare,8,618.77
D0048,T10,2024-09,DiabetoShield,10,574.82
D0048,T10,2024-09,SugarBlock,3,686.21
D0048,T10,2024-10,GlucoCare,6,601.68
D0048,T10,2024-10,DiabetoShield,5,573.58
D0048,T10,2024-10,SugarBlock,5,687.63
D0048,T10,2024-11,GlucoCare,10,614.55
D0048,T10,2024-11,DiabetoShield,1,576.61
D0048,T10,2024-11,SugarBlock,9,687.55
D0048,T10,2024-12,GlucoCare,8,607.8
D0048,T10,2024-12,DiabetoShield,3,555.29
D0048,T10,2024-12,SugarBlock,10,692.56
D0049,T09,2024-01,GlucoCare,18,607.03
D0049,T09,2024-01,DiabetoShield,17,567.47
D0049,T09,2024-01,SugarBlock,9,683.8
D0049,T09,2024-02,GlucoCare,17,629.02
D0049,T09,2024-02,DiabetoShield,10,576.39
D0049,T09,2024-02,SugarBlock,19,699.29
D0049,T09,2024-03,GlucoCare,20,622.06
D0049,T09,2024-03,DiabetoShield,7,546.15
D0049,T09,2024-03,SugarBlock,28,703.58
D0049,T09,2024-04,GlucoCare,16,627.61
D0049,T09,2024-04,DiabetoShield,3,551.04
D0049,T09,2024-04,SugarBlock,31,704.36
D0049,T09,2024-05,GlucoCare,3,631.99
D0049,T09,2024-05,DiabetoShield,14,571.61
D0049,T09,2024-05,SugarBlock,23,685.58
D0049,T09,2024-06,GlucoCare,4,628.81
D0049,T09,2024-06,DiabetoShield,31,563.39
D0049,T09,2024-06,SugarBlock,19,680.47
D0049,T09,2024-07,GlucoCare,4,609.21
D0049,T09,2024-07,DiabetoShield,12,552.52
D0049,T09,2024-07,SugarBlock,28,669.51
D0049,T09,2024-08,GlucoCare,0,604.11
D0049,T09,2024-08,DiabetoShield,8,566.89
D0049,T09,2024-08,SugarBlock,29,707.51
D0049,T09,2024-09,GlucoCare,3,634.85
D0049,T09,2024-09,DiabetoShield,30,571.68
D0049,T09,2024-09,SugarBlock,8,682.64
D0049,T09,2024-10,GlucoCare,4,610.04
D0049,T09,2024-10,DiabetoShield,23,556.93
D0049,T09,2024-10,SugarBlock,19,697.21
D0049,T09,2024-11,GlucoCare,2,634.89
D0049,T09,2024-11,DiabetoShield,33,558.77
D0049,T09,2024-11,SugarBlock,11,706.34
D0049,T09,2024-12,GlucoCare,4,633.56
D0049,T09,2024-12,DiabetoShield,35,556.63
D0049,T09,2024-12,SugarBlock,4,674.56
D0050,T07,2024-01,GlucoCare,9,613.28
D0050,T07,2024-01,DiabetoShield,3,543.71
D0050,T07,2024-01,SugarBlock,13,677.97
D0050,T07,2024-02,GlucoCare,14,612.1
D0050,T07,2024-02,DiabetoShield,11,573.04
D0050,T07,2024-02,SugarBlock,6,707.05
D0050,T07,2024-03,GlucoCare,15,610.51
D0050,T07,2024-03,DiabetoShield,2,551.66
D0050,T07,2024-03,SugarBlock,17,687.12
D0050,T07,2024-04,GlucoCare,11,611.2
D0050,T07,2024-04,DiabetoShield,1,570.85
D0050,T07,2024-04,SugarBlock,14,698.24
D0050,T07,2024-05,GlucoCare,10,636.2
D0050,T07,2024-05,DiabetoShield,9,557.23
D0050,T07,2024-05,SugarBlock,6,710.52
D0050,T07,2024-06,GlucoCare,13,616.5
D0050,T07,2024-06,DiabetoShield,9,551.15
D0050,T07,2024-06,SugarBlock,10,703.48
D0050,T07,2024-07,GlucoCare,11,626.91
D0050,T07,2024-07,DiabetoShield,10,558.06
D0050,T07,2024-07,SugarBlock,5,695.42
D0050,T07,2024-08,GlucoCare,14,603.04
D0050,T07,2024-08,DiabetoShield,13,561.75
D0050,T07,2024-08,SugarBlock,5,670.02
D0050,T07,2024-09,GlucoCare,15,620.92
D0050,T07,2024-09,DiabetoShield,16,571.9
D0050,T07,2024-09,SugarBlock,0,672.66
D0050,T07,2024-10,GlucoCare,11,612.68
D0050,T07,2024-10,DiabetoShield,6,554.25
D0050,T07,2024-10,SugarBlock,11,673.03
D0050,T07,2024-11,GlucoCare,9,621.64
D0050,T07,2024-11,DiabetoShield,3,570.54
D0050,T07,2024-11,SugarBlock,11,694.51
D0050,T07,2024-12,GlucoCare,12,605.15
D0050,T07,2024-12,DiabetoShield,8,551.02
D0050,T07,2024-12,SugarBlock,8,688.97
D0051,T08,2024-01,GlucoCare,6,628.82
D0051,T08,2024-01,DiabetoShield,1,555.74
D0051,T08,2024-01,SugarBlock,9,710.43
D0051,T08,2024-02,GlucoCare,7,619.89
D0051,T08,2024-02,DiabetoShield,8,576.63
D0051,T08,2024-02,SugarBlock,5,702.8
D0051,T08,2024-03,GlucoCare,6,608.44
D0051,T08,2024-03,DiabetoShield,6,573.31
D0051,T08,2024-03,SugarBlock,8,687.25
D0051,T08,2024-04,GlucoCare,7,636.52
D0051,T08,2024-04,DiabetoShield,11,556.39
D0051,T08,2024-04,SugarBlock,3,701.72
D0051,T08,2024-05,GlucoCare,5,628.79
D0051,T08,2024-05,DiabetoShield,11,552.07
D0051,T08,2024-05,SugarBlock,1,672.19
D0051,T08,2024-06,GlucoCare,7,607.82
D0051,T08,2024-06,DiabetoShield,13,556.23
D0051,T08,2024-06,SugarBlock,0,706.85
D0051,T08,2024-07,GlucoCare,7,620.8
D0051,T08,2024-07,DiabetoShield,7,574.08
D0051,T08,2024-07,SugarBlock,5,704.0
D0051,T08,2024-08,GlucoCare,7,635.05
D0051,T08,2024-08,DiabetoShield,12,562.38
D0051,T08,2024-08,SugarBlock,2,695.84
D0051,T08,2024-09,GlucoCare,8,625.84
D0051,T08,2024-09,DiabetoShield,9,575.34
D0051,T08,2024-09,SugarBlock,4,704.58
D0051,T08,2024-10,GlucoCare,7,623.58
D0051,T08,2024-10,DiabetoShield,10,563.96
D0051,T08,2024-10,SugarBlock,2,693.21
D0051,T08,2024-11,GlucoCare,9,626.91
D0051,T08,2024-11,DiabetoShield,12,571.35
D0051,T08,2024-11,SugarBlock,1,670.16
D0051,T08,2024-12,GlucoCare,6,624.64
D0051,T08,2024-12,DiabetoShield,0,566.48
D0051,T08,2024-12,SugarBlock,10,673.75
D0052,T04,2024-01,GlucoCare,26,629.41
D0052,T04,2024-01,DiabetoShield,48,576.26
D0052,T04,2024-01,SugarBlock,6,687.25
D0052,T04,2024-02,GlucoCare,31,603.63
D0052,T04,2024-02,DiabetoShield,10,547.56
D0052,T04,2024-02,SugarBlock,49,700.46
D0052,T04,2024-03,GlucoCare,18,630.21
D0052,T04,2024-03,DiabetoShield,42,562.2
D0052,T04,2024-03,SugarBlock,1,696.25
D0052,T04,2024-04,GlucoCare,31,631.44
D0052,T04,2024-04,DiabetoShield,18,560.95
D0052,T04,2024-04,SugarBlock,32,680.33
D0052,T04,2024-05,GlucoCare,27,625.0
D0052,T04,2024-05,DiabetoShield,38,547.02
D0052,T04,2024-05,SugarBlock,5,698.83
D0052,T04,2024-06,GlucoCare,11,616.83
D0052,T04,2024-06,DiabetoShield,54,446.67
D0052,T04,2024-06,SugarBlock,15,562.6
D0052,T04,2024-07,GlucoCare,10,634.68
D0052,T04,2024-07,DiabetoShield,37,486.11
D0052,T04,2024-07,SugarBlock,19,582.06
D0052,T04,2024-08,GlucoCare,8,610.9
D0052,T04,2024-08,DiabetoShield,10,468.93
D0052,T04,2024-08,SugarBlock,49,538.59
D0052,T04,2024-09,GlucoCare,16,617.06
D0052,T04,2024-09,DiabetoShield,21,458.4
D0052,T04,2024-09,SugarBlock,44,547.24
D0052,T04,2024-10,GlucoCare,8,629.25
D0052,T04,2024-10,DiabetoShield,4,473.5
D0052,T04,2024-10,SugarBlock,51,517.62
D0052,T04,2024-11,GlucoCare,14,635.66
D0052,T04,2024-11,DiabetoShield,30,441.71
D0052,T04,2024-11,SugarBlock,28,572.72
D0052,T04,2024-12,GlucoCare,14,610.98
D0052,T04,2024-12,DiabetoShield,33,452.74
D0052,T04,2024-12,SugarBlock,31,588.28
D0053,T04,2024-01,GlucoCare,9,629.41
D0053,T04,2024-01,DiabetoShield,17,576.26
D0053,T04,2024-01,SugarBlock,2,687.25
D0053,T04,2024-02,GlucoCare,10,603.63
D0053,T04,2024-02,DiabetoShield,3,547.56
D0053,T04,2024-02,SugarBlock,13,700.46
D0053,T04,2024-03,GlucoCare,11,630.21
D0053,T04,2024-03,DiabetoShield,13,562.2
D0053,T04,2024-03,SugarBlock,4,696.25
D0053,T04,2024-04,GlucoCare,12,631.44
D0053,T04,2024-04,DiabetoShield,9,560.95
D0053,T04,2024-04,SugarBlock,5,680.33
D0053,T04,2024-05,GlucoCare,16,625.0
D0053,T04,2024-05,DiabetoShield,8,547.02
D0053,T04,2024-05,SugarBlock,8,698.83
D0053,T04,2024-06,GlucoCare,5,616.83
D0053,T04,2024-06,DiabetoShield,1,446.67
D0053,T04,2024-06,SugarBlock,19,562.6
D0053,T04,2024-07,GlucoCare,5,634.68
D0053,T04,2024-07,DiabetoShield,0,486.11
D0053,T04,2024-07,SugarBlock,18,582.06
D0053,T04,2024-08,GlucoCare,4,610.9
D0053,T04,2024-08,DiabetoShield,6,468.93
D0053,T04,2024-08,SugarBlock,11,538.59
D0053,T04,2024-09,GlucoCare,3,617.06
D0053,T04,2024-09,DiabetoShield,8,458.4
D0053,T04,2024-09,SugarBlock,12,547.24
D0053,T04,2024-10,GlucoCare,4,629.25
D0053,T04,2024-10,DiabetoShield,1,473.5
D0053,T04,2024-10,SugarBlock,21,517.62
D0053,T04,2024-11,GlucoCare,6,635.66
D0053,T04,2024-11,DiabetoShield,8,441.71
D0053,T04,2024-11,SugarBlock,10,572.72
D0053,T04,2024-12,GlucoCare,6,610.98
D0053,T04,2024-12,DiabetoShield,2,452.74
D0053,T04,2024-12,SugarBlock,18,588.28
D0054,T06,2024-01,GlucoCare,13,611.27
D0054,T06,2024-01,DiabetoShield,15,554.84
D0054,T06,2024-01,SugarBlock,1,690.22
D0054,T06,2024-02,GlucoCare,18,607.59
D0054,T06,2024-02,DiabetoShield,16,574.29
D0054,T06,2024-02,SugarBlock,7,675.89
D0054,T06,2024-03,GlucoCare,17,634.59
D0054,T06,2024-03,DiabetoShield,3,552.55
D0054,T06,2024-03,SugarBlock,15,693.38
D0054,T06,2024-04,GlucoCare,15,617.98
D0054,T06,2024-04,DiabetoShield,8,549.04
D0054,T06,2024-04,SugarBlock,9,674.05
D0054,T06,2024-05,GlucoCare,15,617.89
D0054,T06,2024-05,DiabetoShield,2,557.73
D0054,T06,2024-05,SugarBlock,15,670.85
D0054,T06,2024-06,GlucoCare,11,614.8
D0054,T06,2024-06,DiabetoShield,2,544.12
D0054,T06,2024-06,SugarBlock,14,671.82
D0054,T06,2024-07,GlucoCare,17,628.77
D0054,T06,2024-07,DiabetoShield,11,573.7
D0054,T06,2024-07,SugarBlock,7,677.41
D0054,T06,2024-08,GlucoCare,16,618.13
D0054,T06,2024-08,DiabetoShield,12,573.99
D0054,T06,2024-08,SugarBlock,9,682.39
D0054,T06,2024-09,GlucoCare,16,607.77
D0054,T06,2024-09,DiabetoShield,1,566.77
D0054,T06,2024-09,SugarBlock,20,679.38
D0054,T06,2024-10,GlucoCare,17,619.7
D0054,T06,2024-10,DiabetoShield,2,553.39
D0054,T06,2024-10,SugarBlock,17,685.51
D0054,T06,2024-11,GlucoCare,17,609.09
D0054,T06,2024-11,DiabetoShield,13,543.78
D0054,T06,2024-11,SugarBlock,6,685.03
D0054,T06,2024-12,GlucoCare,16,633.8
D0054,T06,2024-12,DiabetoShield,1,566.06
D0054,T06,2024-12,SugarBlock,17,705.71
D0055,T03,2024-01,GlucoCare,5,618.03
D0055,T03,2024-01,DiabetoShield,7,564.57
D0055,T03,2024-01,SugarBlock,15,686.67
D0055,T03,2024-02,GlucoCare,10,637.81
D0055,T03,2024-02,DiabetoShield,5,558.6
D0055,T03,2024-02,SugarBlock,17,670.51
D0055,T03,2024-03,GlucoCare,2,612.18
D0055,T03,2024-03,DiabetoShield,15,552.19
D0055,T03,2024-03,SugarBlock,4,673.73
D0055,T03,2024-04,GlucoCare,6,603.73
D0055,T03,2024-04,DiabetoShield,12,571.56
D0055,T03,2024-04,SugarBlock,11,671.69
D0055,T03,2024-05,GlucoCare,7,604.54
D0055,T03,2024-05,DiabetoShield,7,545.82
D0055,T03,2024-05,SugarBlock,18,696.02
D0055,T03,2024-06,GlucoCare,6,618.48
D0055,T03,2024-06,DiabetoShield,15,556.75
D0055,T03,2024-06,SugarBlock,7,701.21
D0055,T03,2024-07,GlucoCare,9,619.15
D0055,T03,2024-07,DiabetoShield,5,557.5
D0055,T03,2024-07,SugarBlock,19,698.91
D0055,T03,2024-08,GlucoCare,7,613.87
D0055,T03,2024-08,DiabetoShield,2,551.6
D0055,T03,2024-08,SugarBlock,24,705.1
D0055,T03,2024-09,GlucoCare,9,602.28
D0055,T03,2024-09,DiabetoShield,13,564.56
D0055,T03,2024-09,SugarBlock,5,671.21
D0055,T03,2024-10,GlucoCare,7,605.99
D0055,T03,2024-10,DiabetoShield,2,550.99
D0055,T03,2024-10,SugarBlock,17,679.33
D0055,T03,2024-11,GlucoCare,6,623.43
D0055,T03,2024-11,DiabetoShield,14,563.63
D0055,T03,2024-11,SugarBlock,5,708.2
D0055,T03,2024-12,GlucoCare,7,630.46
D0055,T03,2024-12,DiabetoShield,12,543.98
D0055,T03,2024-12,SugarBlock,7,686.2
D0056,T01,2024-01,GlucoCare,15,609.43
D0056,T01,2024-01,DiabetoShield,26,543.32
D0056,T01,2024-01,SugarBlock,9,707.52
D0056,T01,2024-02,GlucoCare,15,626.11
D0056,T01,2024-02,DiabetoShield,17,548.16
D0056,T01,2024-02,SugarBlock,18,676.94
D0056,T01,2024-03,GlucoCare,15,612.0
D0056,T01,2024-03,DiabetoShield,27,549.67
D0056,T01,2024-03,SugarBlock,4,702.79
D0056,T01,2024-04,GlucoCare,17,637.86
D0056,T01,2024-04,DiabetoShield,35,557.53
D0056,T01,2024-04,SugarBlock,3,679.34
D0056,T01,2024-05,GlucoCare,18,612.19
D0056,T01,2024-05,DiabetoShield,25,574.04
D0056,T01,2024-05,SugarBlock,17,697.01
D0056,T01,2024-06,GlucoCare,14,635.52
D0056,T01,2024-06,DiabetoShield,4,568.66
D0056,T01,2024-06,SugarBlock,32,680.21
D0056,T01,2024-07,GlucoCare,12,609.94
D0056,T01,2024-07,DiabetoShield,5,569.85
D0056,T01,2024-07,SugarBlock,34,706.3
D0056,T01,2024-08,GlucoCare,15,604.89
D0056,T01,2024-08,DiabetoShield,14,552.0
D0056,T01,2024-08,SugarBlock,21,682.64
D0056,T01,2024-09,GlucoCare,19,627.39
D0056,T01,2024-09,DiabetoShield,32,550.7
D0056,T01,2024-09,SugarBlock,6,689.19
D0056,T01,2024-10,GlucoCare,16,620.06
D0056,T01,2024-10,DiabetoShield,1,572.64
D0056,T01,2024-10,SugarBlock,33,670.43
D0056,T01,2024-11,GlucoCare,19,619.86
D0056,T01,2024-11,DiabetoShield,32,560.15
D0056,T01,2024-11,SugarBlock,2,685.43
D0056,T01,2024-12,GlucoCare,10,604.65
D0056,T01,2024-12,DiabetoShield,8,556.69
D0056,T01,2024-12,SugarBlock,29,699.1
D0057,T04,2024-01,GlucoCare,15,629.41
D0057,T04,2024-01,DiabetoShield,13,576.26
D0057,T04,2024-01,SugarBlock,8,687.25
D0057,T04,2024-02,GlucoCare,12,603.63
D0057,T04,2024-02,DiabetoShield,9,547.56
D0057,T04,2024-02,SugarBlock,14,700.46
D0057,T04,2024-03,GlucoCare,13,630.21
D0057,T04,2024-03,DiabetoShield,2,562.2
D0057,T04,2024-03,SugarBlock,19,696.25
D0057,T04,2024-04,GlucoCare,13,631.44
D0057,T04,2024-04,DiabetoShield,7,560.95
D0057,T04,2024-04,SugarBlock,14,680.33
D0057,T04,2024-05,GlucoCare,16,625.0
D0057,T04,2024-05,DiabetoShield,4,547.02
D0057,T04,2024-05,SugarBlock,20,698.83
D0057,T04,2024-06,GlucoCare,9,616.83
D0057,T04,2024-06,DiabetoShield,6,446.67
D0057,T04,2024-06,SugarBlock,20,562.6
D0057,T04,2024-07,GlucoCare,5,634.68
D0057,T04,2024-07,DiabetoShield,8,486.11
D0057,T04,2024-07,SugarBlock,18,582.06
D0057,T04,2024-08,GlucoCare,7,610.9
D0057,T04,2024-08,DiabetoShield,6,468.93
D0057,T04,2024-08,SugarBlock,17,538.59
D0057,T04,2024-09,GlucoCare,7,617.06
D0057,T04,2024-09,DiabetoShield,27,458.4
D0057,T04,2024-09,SugarBlock,1,547.24
D0057,T04,2024-10,GlucoCare,2,629.25
D0057,T04,2024-10,DiabetoShield,7,473.5
D0057,T04,2024-10,SugarBlock,19,517.62
D0057,T04,2024-11,GlucoCare,6,635.66
D0057,T04,2024-11,DiabetoShield,12,441.71
D0057,T04,2024-11,SugarBlock,11,572.72
D0057,T04,2024-12,GlucoCare,5,610.98
D0057,T04,2024-12,DiabetoShield,11,452.74
D0057,T04,2024-12,SugarBlock,14,588.28
D0058,T08,2024-01,GlucoCare,11,628.82
D0058,T08,2024-01,DiabetoShield,10,555.74
D0058,T08,2024-01,SugarBlock,3,710.43
D0058,T08,2024-02,GlucoCare,9,619.89
D0058,T08,2024-02,DiabetoShield,3,576.63
D0058,T08,2024-02,SugarBlock,7,702.8
D0058,T08,2024-03,GlucoCare,6,608.44
D0058,T08,2024-03,DiabetoShield,5,573.31
D0058,T08,2024-03,SugarBlock,9,687.25
D0058,T08,2024-04,GlucoCare,9,636.52
D0058,T08,2024-04,DiabetoShield,2,556.39
D0058,T08,2024-04,SugarBlock,11,701.72
D0058,T08,2024-05,GlucoCare,13,628.79
D0058,T08,2024-05,DiabetoShield,5,552.07
D0058,T08,2024-05,SugarBlock,7,672.19
D0058,T08,2024-06,GlucoCare,9,607.82
D0058,T08,2024-06,DiabetoShield,7,556.23
D0058,T08,2024-06,SugarBlock,7,706.85
D0058,T08,2024-07,GlucoCare,11,620.8
D0058,T08,2024-07,DiabetoShield,5,574.08
D0058,T08,2024-07,SugarBlock,8,704.0
D0058,T08,2024-08,GlucoCare,9,635.05
D0058,T08,2024-08,DiabetoShield,8,562.38
D0058,T08,2024-08,SugarBlock,5,695.84
D0058,T08,2024-09,GlucoCare,11,625.84
D0058,T08,2024-09,DiabetoShield,0,575.34
D0058,T08,2024-09,SugarBlock,14,704.58
D0058,T08,2024-10,GlucoCare,9,623.58
D0058,T08,2024-10,DiabetoShield,9,563.96
D0058,T08,2024-10,SugarBlock,2,693.21
D0058,T08,2024-11,GlucoCare,10,626.91
D0058,T08,2024-11,DiabetoShield,1,571.35
D0058,T08,2024-11,SugarBlock,12,670.16
D0058,T08,2024-12,GlucoCare,10,624.64
D0058,T08,2024-12,DiabetoShield,9,566.48
D0058,T08,2024-12,SugarBlock,3,673.75
D0059,T03,2024-01,GlucoCare,3,618.03
D0059,T03,2024-01,DiabetoShield,9,564.57
D0059,T03,2024-01,SugarBlock,3,686.67
D0059,T03,2024-02,GlucoCare,6,637.81
D0059,T03,2024-02,DiabetoShield,2,558.6
D0059,T03,2024-02,SugarBlock,13,670.51
D0059,T03,2024-03,GlucoCare,4,612.18
D0059,T03,2024-03,DiabetoShield,2,552.19
D0059,T03,2024-03,SugarBlock,11,673.73
D0059,T03,2024-04,GlucoCare,4,603.73
D0059,T03,2024-04,DiabetoShield,11,571.56
D0059,T03,2024-04,SugarBlock,2,671.69
D0059,T03,2024-05,GlucoCare,5,604.54
D0059,T03,2024-05,DiabetoShield,2,545.82
D0059,T03,2024-05,SugarBlock,12,696.02
D0059,T03,2024-06,GlucoCare,3,618.48
D0059,T03,2024-06,DiabetoShield,2,556.75
D0059,T03,2024-06,SugarBlock,12,701.21
D0059,T03,2024-07,GlucoCare,4,619.15
D0059,T03,2024-07,DiabetoShield,5,557.5
D0059,T03,2024-07,SugarBlock,5,698.91
D0059,T03,2024-08,GlucoCare,5,613.87
D0059,T03,2024-08,DiabetoShield,8,551.6
D0059,T03,2024-08,SugarBlock,6,705.1
D0059,T03,2024-09,GlucoCare,3,602.28
D0059,T03,2024-09,DiabetoShield,9,564.56
D0059,T03,2024-09,SugarBlock,2,671.21
D0059,T03,2024-10,GlucoCare,3,605.99
D0059,T03,2024-10,DiabetoShield,5,550.99
D0059,T03,2024-10,SugarBlock,10,679.33
D0059,T03,2024-11,GlucoCare,5,623.43
D0059,T03,2024-11,DiabetoShield,13,563.63
D0059,T03,2024-11,SugarBlock,1,708.2
D0059,T03,2024-12,GlucoCare,5,630.46
D0059,T03,2024-12,DiabetoShield,5,543.98
D0059,T03,2024-12,SugarBlock,7,686.2
D0060,T07,2024-01,GlucoCare,9,613.28
D0060,T07,2024-01,DiabetoShield,0,543.71
D0060,T07,2024-01,SugarBlock,18,677.97
D0060,T07,2024-02,GlucoCare,10,612.1
D0060,T07,2024-02,DiabetoShield,4,573.04
D0060,T07,2024-02,SugarBlock,14,707.05
D0060,T07,2024-03,GlucoCare,10,610.51
D0060,T07,2024-03,DiabetoShield,3,551.66
D0060,T07,2024-03,SugarBlock,14,687.12
D0060,T07,2024-04,GlucoCare,10,611.2
D0060,T07,2024-04,DiabetoShield,13,570.85
D0060,T07,2024-04,SugarBlock,5,698.24
D0060,T07,2024-05,GlucoCare,14,636.2
D0060,T07,2024-05,DiabetoShield,16,557.23
D0060,T07,2024-05,SugarBlock,4,710.52
D0060,T07,2024-06,GlucoCare,3,616.5
D0060,T07,2024-06,DiabetoShield,10,551.15
D0060,T07,2024-06,SugarBlock,16,703.48
D0060,T07,2024-07,GlucoCare,2,626.91
D0060,T07,2024-07,DiabetoShield,16,558.06
D0060,T07,2024-07,SugarBlock,8,695.42
D0060,T07,2024-08,GlucoCare,2,603.04
D0060,T07,2024-08,DiabetoShield,9,561.75
D0060,T07,2024-08,SugarBlock,14,670.02
D0060,T07,2024-09,GlucoCare,3,620.92
D0060,T07,2024-09,DiabetoShield,19,571.9
D0060,T07,2024-09,SugarBlock,2,672.66
D0060,T07,2024-10,GlucoCare,3,612.68
D0060,T07,2024-10,DiabetoShield,5,554.25
D0060,T07,2024-10,SugarBlock,19,673.03
D0060,T07,2024-11,GlucoCare,3,621.64
D0060,T07,2024-11,DiabetoShield,13,570.54
D0060,T07,2024-11,SugarBlock,10,694.51
D0060,T07,2024-12,GlucoCare,1,605.15
D0060,T07,2024-12,DiabetoShield,10,551.02
D0060,T07,2024-12,SugarBlock,10,688.97
D0061,T06,2024-01,GlucoCare,33,611.27
D0061,T06,2024-01,DiabetoShield,5,554.84
D0061,T06,2024-01,SugarBlock,30,690.22
D0061,T06,2024-02,GlucoCare,26,607.59
D0061,T06,2024-02,DiabetoShield,10,574.29
D0061,T06,2024-02,SugarBlock,32,675.89
D0061,T06,2024-03,GlucoCare,24,634.59
D0061,T06,2024-03,DiabetoShield,35,552.55
D0061,T06,2024-03,SugarBlock,2,693.38
D0061,T06,2024-04,GlucoCare,27,617.98
D0061,T06,2024-04,DiabetoShield,3,549.04
D0061,T06,2024-04,SugarBlock,31,674.05
D0061,T06,2024-05,GlucoCare,27,617.89
D0061,T06,2024-05,DiabetoShield,10,557.73
D0061,T06,2024-05,SugarBlock,23,670.85
D0061,T06,2024-06,GlucoCare,30,614.8
D0061,T06,2024-06,DiabetoShield,9,544.12
D0061,T06,2024-06,SugarBlock,37,671.82
D0061,T06,2024-07,GlucoCare,38,628.77
D0061,T06,2024-07,DiabetoShield,31,573.7
D0061,T06,2024-07,SugarBlock,13,677.41
D0061,T06,2024-08,GlucoCare,23,618.13
D0061,T06,2024-08,DiabetoShield,6,573.99
D0061,T06,2024-08,SugarBlock,33,682.39
D0061,T06,2024-09,GlucoCare,26,607.77
D0061,T06,2024-09,DiabetoShield,38,566.77
D0061,T06,2024-09,SugarBlock,7,679.38
D0061,T06,2024-10,GlucoCare,34,619.7
D0061,T06,2024-10,DiabetoShield,26,553.39
D0061,T06,2024-10,SugarBlock,15,685.51
D0061,T06,2024-11,GlucoCare,33,609.09
D0061,T06,2024-11,DiabetoShield,32,543.78
D0061,T06,2024-11,SugarBlock,7,685.03
D0061,T06,2024-12,GlucoCare,28,633.8
D0061,T06,2024-12,DiabetoShield,31,566.06
D0061,T06,2024-12,SugarBlock,17,705.71
D0062,T05,2024-01,GlucoCare,13,607.18
D0062,T05,2024-01,DiabetoShield,6,561.75
D0062,T05,2024-01,SugarBlock,11,704.7
D0062,T05,2024-02,GlucoCare,13,607.49
D0062,T05,2024-02,DiabetoShield,15,572.35
D0062,T05,2024-02,SugarBlock,1,705.77
D0062,T05,2024-03,GlucoCare,12,605.55
D0062,T05,2024-03,DiabetoShield,9,571.81
D0062,T05,2024-03,SugarBlock,4,670.26
D0062,T05,2024-04,GlucoCare,10,624.48
D0062,T05,2024-04,DiabetoShield,9,562.53
D0062,T05,2024-04,SugarBlock,5,708.85
D0062,T05,2024-05,GlucoCare,12,623.6
D0062,T05,2024-05,DiabetoShield,2,558.45
D0062,T05,2024-05,SugarBlock,14,677.2
D0062,T05,2024-06,GlucoCare,6,628.15
D0062,T05,2024-06,DiabetoShield,16,464.01
D0062,T05,2024-06,SugarBlock,6,594.89
D0062,T05,2024-07,GlucoCare,1,616.49
D0062,T05,2024-07,DiabetoShield,5,428.81
D0062,T05,2024-07,SugarBlock,14,541.64
D0062,T05,2024-08,GlucoCare,1,636.9
D0062,T05,2024-08,DiabetoShield,12,433.77
D0062,T05,2024-08,SugarBlock,7,567.81
D0062,T05,2024-09,GlucoCare,4,607.16
D0062,T05,2024-09,DiabetoShield,13,438.35
D0062,T05,2024-09,SugarBlock,5,567.38
D0062,T05,2024-10,GlucoCare,1,614.58
D0062,T05,2024-10,DiabetoShield,15,430.86
D0062,T05,2024-10,SugarBlock,2,550.99
D0062,T05,2024-11,GlucoCare,2,614.85
D0062,T05,2024-11,DiabetoShield,17,420.62
D0062,T05,2024-11,SugarBlock,1,554.11
D0062,T05,2024-12,GlucoCare,4,607.68
D0062,T05,2024-12,DiabetoShield,21,466.31
D0062,T05,2024-12,SugarBlock,1,509.23
D0063,T08,2024-01,GlucoCare,16,628.82
D0063,T08,2024-01,DiabetoShield,30,555.74
D0063,T08,2024-01,SugarBlock,12,710.43
D0063,T08,2024-02,GlucoCare,15,619.89
D0063,T08,2024-02,DiabetoShield,14,576.63
D0063,T08,2024-02,SugarBlock,29,702.8
D0063,T08,2024-03,GlucoCare,18,608.44
D0063,T08,2024-03,DiabetoShield,3,573.31
D0063,T08,2024-03,SugarBlock,31,687.25
D0063,T08,2024-04,GlucoCare,23,636.52
D0063,T08,2024-04,DiabetoShield,15,556.39
D0063,T08,2024-04,SugarBlock,25,701.72
D0063,T08,2024-05,GlucoCare,19,628.79
D0063,T08,2024-05,DiabetoShield,45,552.07
D0063,T08,2024-05,SugarBlock,4,672.19
D0063,T08,2024-06,GlucoCare,20,607.82
D0063,T08,2024-06,DiabetoShield,27,556.23
D0063,T08,2024-06,SugarBlock,15,706.85
D0063,T08,2024-07,GlucoCare,14,620.8
D0063,T08,2024-07,DiabetoShield,3,574.08
D0063,T08,2024-07,SugarBlock,28,704.0
D0063,T08,2024-08,GlucoCare,16,635.05
D0063,T08,2024-08,DiabetoShield,21,562.38
D0063,T08,2024-08,SugarBlock,19,695.84
D0063,T08,2024-09,GlucoCare,19,625.84
D0063,T08,2024-09,DiabetoShield,33,575.34
D0063,T08,2024-09,SugarBlock,8,704.58
D0063,T08,2024-10,GlucoCare,22,623.58
D0063,T08,2024-10,DiabetoShield,32,563.96
D0063,T08,2024-10,SugarBlock,16,693.21
D0063,T08,2024-11,GlucoCare,20,626.91
D0063,T08,2024-11,DiabetoShield,9,571.35
D0063,T08,2024-11,SugarBlock,39,670.16
D0063,T08,2024-12,GlucoCare,15,624.64
D0063,T08,2024-12,DiabetoShield,7,566.48
D0063,T08,2024-12,SugarBlock,31,673.75
D0064,T09,2024-01,GlucoCare,12,607.03
D0064,T09,2024-01,DiabetoShield,13,567.47
D0064,T09,2024-01,SugarBlock,2,683.8
D0064,T09,2024-02,GlucoCare,10,629.02
D0064,T09,2024-02,DiabetoShield,6,576.39
D0064,T09,2024-02,SugarBlock,9,699.29
D0064,T09,2024-03,GlucoCare,9,622.06
D0064,T09,2024-03,DiabetoShield,8,546.15
D0064,T09,2024-03,SugarBlock,7,703.58
D0064,T09,2024-04,GlucoCare,10,627.61
D0064,T09,2024-04,DiabetoShield,10,551.04
D0064,T09,2024-04,SugarBlock,6,704.36
D0064,T09,2024-05,GlucoCare,10,631.99
D0064,T09,2024-05,DiabetoShield,3,571.61
D0064,T09,2024-05,SugarBlock,13,685.58
D0064,T09,2024-06,GlucoCare,10,628.81
D0064,T09,2024-06,DiabetoShield,4,563.39
D0064,T09,2024-06,SugarBlock,12,680.47
D0064,T09,2024-07,GlucoCare,9,609.21
D0064,T09,2024-07,DiabetoShield,2,552.52
D0064,T09,2024-07,SugarBlock,13,669.51
D0064,T09,2024-08,GlucoCare,12,604.11
D0064,T09,2024-08,DiabetoShield,4,566.89
D0064,T09,2024-08,SugarBlock,15,707.51
D0064,T09,2024-09,GlucoCare,10,634.85
D0064,T09,2024-09,DiabetoShield,3,571.68
D0064,T09,2024-09,SugarBlock,12,682.64
D0064,T09,2024-10,GlucoCare,10,610.04
D0064,T09,2024-10,DiabetoShield,9,556.93
D0064,T09,2024-10,SugarBlock,6,697.21
D0064,T09,2024-11,GlucoCare,9,634.89
D0064,T09,2024-11,DiabetoShield,8,558.77
D0064,T09,2024-11,SugarBlock,4,706.34
D0064,T09,2024-12,GlucoCare,11,633.56
D0064,T09,2024-12,DiabetoShield,12,556.63
D0064,T09,2024-12,SugarBlock,2,674.56
D0065,T10,2024-01,GlucoCare,5,625.16
D0065,T10,2024-01,DiabetoShield,6,556.67
D0065,T10,2024-01,SugarBlock,6,706.76
D0065,T10,2024-02,GlucoCare,7,620.02
D0065,T10,2024-02,DiabetoShield,6,561.81
D0065,T10,2024-02,SugarBlock,6,694.63
D0065,T10,2024-03,GlucoCare,5,613.18
D0065,T10,2024-03,DiabetoShield,9,550.51
D0065,T10,2024-03,SugarBlock,1,692.26
D0065,T10,2024-04,GlucoCare,5,605.08
D0065,T10,2024-04,DiabetoShield,4,563.35
D0065,T10,2024-04,SugarBlock,8,692.18
D0065,T10,2024-05,GlucoCare,5,635.95
D0065,T10,2024-05,DiabetoShield,9,544.47
D0065,T10,2024-05,SugarBlock,3,679.63
D0065,T10,2024-06,GlucoCare,7,610.47
D0065,T10,2024-06,DiabetoShield,10,574.24
D0065,T10,2024-06,SugarBlock,0,689.61
D0065,T10,2024-07,GlucoCare,8,637.08
D0065,T10,2024-07,DiabetoShield,14,560.97
D0065,T10,2024-07,SugarBlock,0,678.12
D0065,T10,2024-08,GlucoCare,7,603.83
D0065,T10,2024-08,DiabetoShield,2,564.59
D0065,T10,2024-08,SugarBlock,12,707.67
D0065,T10,2024-09,GlucoCare,5,618.77
D0065,T10,2024-09,DiabetoShield,8,574.82
D0065,T10,2024-09,SugarBlock,3,686.21
D0065,T10,2024-10,GlucoCare,7,601.68
D0065,T10,2024-10,DiabetoShield,6,573.58
D0065,T10,2024-10,SugarBlock,6,687.63
D0065,T10,2024-11,GlucoCare,6,614.55
D0065,T10,2024-11,DiabetoShield,9,576.61
D0065,T10,2024-11,SugarBlock,1,687.55
D0065,T10,2024-12,GlucoCare,7,607.8
D0065,T10,2024-12,DiabetoShield,10,555.29
D0065,T10,2024-12,SugarBlock,2,692.56
D0066,T08,2024-01,GlucoCare,5,628.82
D0066,T08,2024-01,DiabetoShield,0,555.74
D0066,T08,2024-01,SugarBlock,11,710.43
D0066,T08,2024-02,GlucoCare,3,619.89
D0066,T08,2024-02,DiabetoShield,8,576.63
D0066,T08,2024-02,SugarBlock,1,702.8
D0066,T08,2024-03,GlucoCare,3,608.44
D0066,T08,2024-03,DiabetoShield,4,573.31
D0066,T08,2024-03,SugarBlock,6,687.25
D0066,T08,2024-04,GlucoCare,5,636.52
D0066,T08,2024-04,DiabetoShield,7,556.39
D0066,T08,2024-04,SugarBlock,4,701.72
D0066,T08,2024-05,GlucoCare,4,628.79
D0066,T08,2024-05,DiabetoShield,7,552.07
D0066,T08,2024-05,SugarBlock,6,672.19
D0066,T08,2024-06,GlucoCare,4,607.82
D0066,T08,2024-06,DiabetoShield,11,556.23
D0066,T08,2024-06,SugarBlock,1,706.85
D0066,T08,2024-07,GlucoCare,5,620.8
D0066,T08,2024-07,DiabetoShield,7,574.08
D0066,T08,2024-07,SugarBlock,3,704.0
D0066,T08,2024-08,GlucoCare,3,635.05
D0066,T08,2024-08,DiabetoShield,11,562.38
D0066,T08,2024-08,SugarBlock,0,695.84
D0066,T08,2024-09,GlucoCare,5,625.84
D0066,T08,2024-09,DiabetoShield,7,575.34
D0066,T08,2024-09,SugarBlock,7,704.58
D0066,T08,2024-10,GlucoCare,6,623.58
D0066,T08,2024-10,DiabetoShield,6,563.96
D0066,T08,2024-10,SugarBlock,4,693.21
D0066,T08,2024-11,GlucoCare,5,626.91
D0066,T08,2024-11,DiabetoShield,3,571.35
D0066,T08,2024-11,SugarBlock,10,670.16
D0066,T08,2024-12,GlucoCare,4,624.64
D0066,T08,2024-12,DiabetoShield,7,566.48
D0066,T08,2024-12,SugarBlock,5,673.75
D0067,T01,2024-01,GlucoCare,13,609.43
D0067,T01,2024-01,DiabetoShield,8,543.32
D0067,T01,2024-01,SugarBlock,15,707.52
D0067,T01,2024-02,GlucoCare,19,626.11
D0067,T01,2024-02,DiabetoShield,4,548.16
D0067,T01,2024-02,SugarBlock,20,676.94
D0067,T01,2024-03,GlucoCare,18,612.0
D0067,T01,2024-03,DiabetoShield,16,549.67
D0067,T01,2024-03,SugarBlock,4,702.79
D0067,T01,2024-04,GlucoCare,12,637.86
D0067,T01,2024-04,DiabetoShield,6,557.53
D0067,T01,2024-04,SugarBlock,15,679.34
D0067,T01,2024-05,GlucoCare,12,612.19
D0067,T01,2024-05,DiabetoShield,9,574.04
D0067,T01,2024-05,SugarBlock,8,697.01
D0067,T01,2024-06,GlucoCare,14,635.52
D0067,T01,2024-06,DiabetoShield,13,568.66
D0067,T01,2024-06,SugarBlock,4,680.21
D0067,T01,2024-07,GlucoCare,13,609.94
D0067,T01,2024-07,DiabetoShield,8,569.85
D0067,T01,2024-07,SugarBlock,11,706.3
D0067,T01,2024-08,GlucoCare,14,604.89
D0067,T01,2024-08,DiabetoShield,17,552.0
D0067,T01,2024-08,SugarBlock,1,682.64
D0067,T01,2024-09,GlucoCare,18,627.39
D0067,T01,2024-09,DiabetoShield,9,550.7
D0067,T01,2024-09,SugarBlock,16,689.19
D0067,T01,2024-10,GlucoCare,15,620.06
D0067,T01,2024-10,DiabetoShield,2,572.64
D0067,T01,2024-10,SugarBlock,21,670.43
D0067,T01,2024-11,GlucoCare,21,619.86
D0067,T01,2024-11,DiabetoShield,12,560.15
D0067,T01,2024-11,SugarBlock,7,685.43
D0067,T01,2024-12,GlucoCare,13,604.65
D0067,T01,2024-12,DiabetoShield,19,556.69
D0067,T01,2024-12,SugarBlock,1,699.1
D0068,T04,2024-01,GlucoCare,18,629.41
D0068,T04,2024-01,DiabetoShield,21,576.26
D0068,T04,2024-01,SugarBlock,0,687.25
D0068,T04,2024-02,GlucoCare,16,603.63
D0068,T04,2024-02,DiabetoShield,3,547.56
D0068,T04,2024-02,SugarBlock,20,700.46
D0068,T04,2024-03,GlucoCare,16,630.21
D0068,T04,2024-03,DiabetoShield,18,562.2
D0068,T04,2024-03,SugarBlock,3,696.25
D0068,T04,2024-04,GlucoCare,22,631.44
D0068,T04,2024-04,DiabetoShield,22,560.95
D0068,T04,2024-04,SugarBlock,1,680.33
D0068,T04,2024-05,GlucoCare,20,625.0
D0068,T04,2024-05,DiabetoShield,13,547.02
D0068,T04,2024-05,SugarBlock,8,698.83
D0068,T04,2024-06,GlucoCare,3,616.83
D0068,T04,2024-06,DiabetoShield,3,446.67
D0068,T04,2024-06,SugarBlock,25,562.6
D0068,T04,2024-07,GlucoCare,4,634.68
D0068,T04,2024-07,DiabetoShield,13,486.11
D0068,T04,2024-07,SugarBlock,13,582.06
D0068,T04,2024-08,GlucoCare,5,610.9
D0068,T04,2024-08,DiabetoShield,22,468.93
D0068,T04,2024-08,SugarBlock,2,538.59
D0068,T04,2024-09,GlucoCare,7,617.06
D0068,T04,2024-09,DiabetoShield,15,458.4
D0068,T04,2024-09,SugarBlock,18,547.24
D0068,T04,2024-10,GlucoCare,11,629.25
D0068,T04,2024-10,DiabetoShield,26,473.5
D0068,T04,2024-10,SugarBlock,10,517.62
D0068,T04,2024-11,GlucoCare,4,635.66
D0068,T04,2024-11,DiabetoShield,25,441.71
D0068,T04,2024-11,SugarBlock,4,572.72
D0068,T04,2024-12,GlucoCare,12,610.98
D0068,T04,2024-12,DiabetoShield,19,452.74
D0068,T04,2024-12,SugarBlock,7,588.28
D0069,T06,2024-01,GlucoCare,12,611.27
D0069,T06,2024-01,DiabetoShield,8,554.84
D0069,T06,2024-01,SugarBlock,15,690.22
D0069,T06,2024-02,GlucoCare,5,607.59
D0069,T06,2024-02,DiabetoShield,8,574.29
D0069,T06,2024-02,SugarBlock,12,675.89
D0069,T06,2024-03,GlucoCare,9,634.59
D0069,T06,2024-03,DiabetoShield,8,552.55
D0069,T06,2024-03,SugarBlock,15,693.38
D0069,T06,2024-04,GlucoCare,8,617.98
D0069,T06,2024-04,DiabetoShield,18,549.04
D0069,T06,2024-04,SugarBlock,3,674.05
D0069,T06,2024-05,GlucoCare,7,617.89
D0069,T06,2024-05,DiabetoShield,6,557.73
D0069,T06,2024-05,SugarBlock,15,670.85
D0069,T06,2024-06,GlucoCare,7,614.8
D0069,T06,2024-06,DiabetoShield,14,544.12
D0069,T06,2024-06,SugarBlock,9,671.82
D0069,T06,2024-07,GlucoCare,13,628.77
D0069,T06,2024-07,DiabetoShield,25,573.7
D0069,T06,2024-07,SugarBlock,1,677.41
D0069,T06,2024-08,GlucoCare,12,618.13
D0069,T06,2024-08,DiabetoShield,8,573.99
D0069,T06,2024-08,SugarBlock,21,682.39
D0069,T06,2024-09,GlucoCare,7,607.77
D0069,T06,2024-09,DiabetoShield,11,566.77
D0069,T06,2024-09,SugarBlock,11,679.38
D0069,T06,2024-10,GlucoCare,10,619.7
D0069,T06,2024-10,DiabetoShield,10,553.39
D0069,T06,2024-10,SugarBlock,16,685.51
D0069,T06,2024-11,GlucoCare,8,609.09
D0069,T06,2024-11,DiabetoShield,6,543.78
D0069,T06,2024-11,SugarBlock,20,685.03
D0069,T06,2024-12,GlucoCare,6,633.8
D0069,T06,2024-12,DiabetoShield,12,566.06
D0069,T06,2024-12,SugarBlock,11,705.71
D0070,T01,2024-01,GlucoCare,6,609.43
D0070,T01,2024-01,DiabetoShield,7,543.32
D0070,T01,2024-01,SugarBlock,3,707.52
D0070,T01,2024-02,GlucoCare,9,626.11
D0070,T01,2024-02,DiabetoShield,6,548.16
D0070,T01,2024-02,SugarBlock,4,676.94
D0070,T01,2024-03,GlucoCare,10,612.0
D0070,T01,2024-03,DiabetoShield,5,549.67
D0070,T01,2024-03,SugarBlock,6,702.79
D0070,T01,2024-04,GlucoCare,8,637.86
D0070,T01,2024-04,DiabetoShield,9,557.53
D0070,T01,2024-04,SugarBlock,1,679.34
D0070,T01,2024-05,GlucoCare,8,612.19
D0070,T01,2024-05,DiabetoShield,10,574.04
D0070,T01,2024-05,SugarBlock,2,697.01
D0070,T01,2024-06,GlucoCare,6,635.52
D0070,T01,2024-06,DiabetoShield,4,568.66
D0070,T01,2024-06,SugarBlock,6,680.21
D0070,T01,2024-07,GlucoCare,7,609.94
D0070,T01,2024-07,DiabetoShield,1,569.85
D0070,T01,2024-07,SugarBlock,11,706.3
D0070,T01,2024-08,GlucoCare,8,604.89
D0070,T01,2024-08,DiabetoShield,10,552.0
D0070,T01,2024-08,SugarBlock,1,682.64
D0070,T01,2024-09,GlucoCare,7,627.39
D0070,T01,2024-09,DiabetoShield,3,550.7
D0070,T01,2024-09,SugarBlock,6,689.19
D0070,T01,2024-10,GlucoCare,7,620.06
D0070,T01,2024-10,DiabetoShield,9,572.64
D0070,T01,2024-10,SugarBlock,0,670.43
D0070,T01,2024-11,GlucoCare,8,619.86
D0070,T01,2024-11,DiabetoShield,8,560.15
D0070,T01,2024-11,SugarBlock,4,685.43
D0070,T01,2024-12,GlucoCare,10,604.65
D0070,T01,2024-12,DiabetoShield,2,556.69
D0070,T01,2024-12,SugarBlock,9,699.1
D0071,T05,2024-01,GlucoCare,11,607.18
D0071,T05,2024-01,DiabetoShield,7,561.75
D0071,T05,2024-01,SugarBlock,9,704.7
D0071,T05,2024-02,GlucoCare,9,607.49
D0071,T05,2024-02,DiabetoShield,6,572.35
D0071,T05,2024-02,SugarBlock,10,705.77
D0071,T05,2024-03,GlucoCare,12,605.55
D0071,T05,2024-03,DiabetoShield,1,571.81
D0071,T05,2024-03,SugarBlock,17,670.26
D0071,T05,2024-04,GlucoCare,13,624.48
D0071,T05,2024-04,DiabetoShield,3,562.53
D0071,T05,2024-04,SugarBlock,15,708.85
D0071,T05,2024-05,GlucoCare,11,623.6
D0071,T05,2024-05,DiabetoShield,11,558.45
D0071,T05,2024-05,SugarBlock,8,677.2
D0071,T05,2024-06,GlucoCare,4,628.15
D0071,T05,2024-06,DiabetoShield,15,464.01
D0071,T05,2024-06,SugarBlock,1,594.89
D0071,T05,2024-07,GlucoCare,4,616.49
D0071,T05,2024-07,DiabetoShield,17,428.81
D0071,T05,2024-07,SugarBlock,6,541.64
D0071,T05,2024-08,GlucoCare,2,636.9
D0071,T05,2024-08,DiabetoShield,18,433.77
D0071,T05,2024-08,SugarBlock,4,567.81
D0071,T05,2024-09,GlucoCare,7,607.16
D0071,T05,2024-09,DiabetoShield,23,438.35
D0071,T05,2024-09,SugarBlock,1,567.38
D0071,T05,2024-10,GlucoCare,4,614.58
D0071,T05,2024-10,DiabetoShield,5,430.86
D0071,T05,2024-10,SugarBlock,17,550.99
D0071,T05,2024-11,GlucoCare,3,614.85
D0071,T05,2024-11,DiabetoShield,6,420.62
D0071,T05,2024-11,SugarBlock,16,554.11
D0071,T05,2024-12,GlucoCare,3,607.68
D0071,T05,2024-12,DiabetoShield,23,466.31
D0071,T05,2024-12,SugarBlock,1,509.23
D0072,T02,2024-01,GlucoCare,23,638.1
D0072,T02,2024-01,DiabetoShield,19,575.44
D0072,T02,2024-01,SugarBlock,6,707.18
D0072,T02,2024-02,GlucoCare,18,634.21
D0072,T02,2024-02,DiabetoShield,10,545.53
D0072,T02,2024-02,SugarBlock,12,706.91
D0072,T02,2024-03,GlucoCare,23,610.52
D0072,T02,2024-03,DiabetoShield,1,571.37
D0072,T02,2024-03,SugarBlock,23,700.1
D0072,T02,2024-04,GlucoCare,18,632.36
D0072,T02,2024-04,DiabetoShield,20,559.53
D0072,T02,2024-04,SugarBlock,4,686.89
D0072,T02,2024-05,GlucoCare,19,623.69
D0072,T02,2024-05,DiabetoShield,24,572.17
D0072,T02,2024-05,SugarBlock,1,696.11
D0072,T02,2024-06,GlucoCare,16,619.23
D0072,T02,2024-06,DiabetoShield,4,549.45
D0072,T02,2024-06,SugarBlock,18,691.97
D0072,T02,2024-07,GlucoCare,18,638.08
D0072,T02,2024-07,DiabetoShield,9,551.25
D0072,T02,2024-07,SugarBlock,18,701.28
D0072,T02,2024-08,GlucoCare,25,631.24
D0072,T02,2024-08,DiabetoShield,24,575.36
D0072,T02,2024-08,SugarBlock,1,702.69
D0072,T02,2024-09,GlucoCare,18,624.81
D0072,T02,2024-09,DiabetoShield,9,559.86
D0072,T02,2024-09,SugarBlock,12,687.28
D0072,T02,2024-10,GlucoCare,15,624.56
D0072,T02,2024-10,DiabetoShield,6,550.84
D0072,T02,2024-10,SugarBlock,15,682.91
D0072,T02,2024-11,GlucoCare,18,634.01
D0072,T02,2024-11,DiabetoShield,21,546.12
D0072,T02,2024-11,SugarBlock,6,707.67
D0072,T02,2024-12,GlucoCare,17,628.23
D0072,T02,2024-12,DiabetoShield,26,544.17
D0072,T02,2024-12,SugarBlock,2,689.81
D0073,T06,2024-01,GlucoCare,8,611.27
D0073,T06,2024-01,DiabetoShield,4,554.84
D0073,T06,2024-01,SugarBlock,12,690.22
D0073,T06,2024-02,GlucoCare,10,607.59
D0073,T06,2024-02,DiabetoShield,13,574.29
D0073,T06,2024-02,SugarBlock,2,675.89
D0073,T06,2024-03,GlucoCare,10,634.59
D0073,T06,2024-03,DiabetoShield,14,552.55
D0073,T06,2024-03,SugarBlock,2,693.38
D0073,T06,2024-04,GlucoCare,9,617.98
D0073,T06,2024-04,DiabetoShield,7,549.04
D0073,T06,2024-04,SugarBlock,12,674.05
D0073,T06,2024-05,GlucoCare,8,617.89
D0073,T06,2024-05,DiabetoShield,16,557.73
D0073,T06,2024-05,SugarBlock,2,670.85
D0073,T06,2024-06,GlucoCare,9,614.8
D0073,T06,2024-06,DiabetoShield,5,544.12
D0073,T06,2024-06,SugarBlock,9,671.82
D0073,T06,2024-07,GlucoCare,12,628.77
D0073,T06,2024-07,DiabetoShield,16,573.7
D0073,T06,2024-07,SugarBlock,0,677.41
D0073,T06,2024-08,GlucoCare,8,618.13
D0073,T06,2024-08,DiabetoShield,15,573.99
D0073,T06,2024-08,SugarBlock,1,682.39
D0073,T06,2024-09,GlucoCare,7,607.77
D0073,T06,2024-09,DiabetoShield,4,566.77
D0073,T06,2024-09,SugarBlock,11,679.38
D0073,T06,2024-10,GlucoCare,9,619.7
D0073,T06,2024-10,DiabetoShield,12,553.39
D0073,T06,2024-10,SugarBlock,2,685.51
D0073,T06,2024-11,GlucoCare,9,609.09
D0073,T06,2024-11,DiabetoShield,9,543.78
D0073,T06,2024-11,SugarBlock,5,685.03
D0073,T06,2024-12,GlucoCare,10,633.8
D0073,T06,2024-12,DiabetoShield,15,566.06
D0073,T06,2024-12,SugarBlock,3,705.71
D0074,T02,2024-01,GlucoCare,9,638.1
D0074,T02,2024-01,DiabetoShield,14,575.44
D0074,T02,2024-01,SugarBlock,16,707.18
D0074,T02,2024-02,GlucoCare,5,634.21
D0074,T02,2024-02,DiabetoShield,17,545.53
D0074,T02,2024-02,SugarBlock,10,706.91
D0074,T02,2024-03,GlucoCare,12,610.52
D0074,T02,2024-03,DiabetoShield,9,571.37
D0074,T02,2024-03,SugarBlock,26,700.1
D0074,T02,2024-04,GlucoCare,9,632.36
D0074,T02,2024-04,DiabetoShield,9,559.53
D0074,T02,2024-04,SugarBlock,16,686.89
D0074,T02,2024-05,GlucoCare,9,623.69
D0074,T02,2024-05,DiabetoShield,8,572.17
D0074,T02,2024-05,SugarBlock,20,696.11
D0074,T02,2024-06,GlucoCare,8,619.23
D0074,T02,2024-06,DiabetoShield,5,549.45
D0074,T02,2024-06,SugarBlock,27,691.97
D0074,T02,2024-07,GlucoCare,7,638.08
D0074,T02,2024-07,DiabetoShield,19,551.25
D0074,T02,2024-07,SugarBlock,10,701.28
D0074,T02,2024-08,GlucoCare,8,631.24
D0074,T02,2024-08,DiabetoShield,25,575.36
D0074,T02,2024-08,SugarBlock,6,702.69
D0074,T02,2024-09,GlucoCare,6,624.81
D0074,T02,2024-09,DiabetoShield,2,559.86
D0074,T02,2024-09,SugarBlock,26,687.28
D0074,T02,2024-10,GlucoCare,10,624.56
D0074,T02,2024-10,DiabetoShield,23,550.84
D0074,T02,2024-10,SugarBlock,7,682.91
D0074,T02,2024-11,GlucoCare,8,634.01
D0074,T02,2024-11,DiabetoShield,20,546.12
D0074,T02,2024-11,SugarBlock,5,707.67
D0074,T02,2024-12,GlucoCare,8,628.23
D0074,T02,2024-12,DiabetoShield,16,544.17
D0074,T02,2024-12,SugarBlock,10,689.81
D0075,T03,2024-01,GlucoCare,9,618.03
D0075,T03,2024-01,DiabetoShield,7,564.57
D0075,T03,2024-01,SugarBlock,9,686.67
D0075,T03,2024-02,GlucoCare,10,637.81
D0075,T03,2024-02,DiabetoShield,6,558.6
D0075,T03,2024-02,SugarBlock,9,670.51
D0075,T03,2024-03,GlucoCare,9,612.18
D0075,T03,2024-03,DiabetoShield,8,552.19
D0075,T03,2024-03,SugarBlock,7,673.73
D0075,T03,2024-04,GlucoCare,9,603.73
D0075,T03,2024-04,DiabetoShield,2,571.56
D0075,T03,2024-04,SugarBlock,12,671.69
D0075,T03,2024-05,GlucoCare,9,604.54
D0075,T03,2024-05,DiabetoShield,2,545.82
D0075,T03,2024-05,SugarBlock,10,696.02
D0075,T03,2024-06,GlucoCare,9,618.48
D0075,T03,2024-06,DiabetoShield,15,556.75
D0075,T03,2024-06,SugarBlock,1,701.21
D0075,T03,2024-07,GlucoCare,8,619.15
D0075,T03,2024-07,DiabetoShield,8,557.5
D0075,T03,2024-07,SugarBlock,6,698.91
D0075,T03,2024-08,GlucoCare,10,613.87
D0075,T03,2024-08,DiabetoShield,4,551.6
D0075,T03,2024-08,SugarBlock,12,705.1
D0075,T03,2024-09,GlucoCare,6,602.28
D0075,T03,2024-09,DiabetoShield,10,564.56
D0075,T03,2024-09,SugarBlock,2,671.21
D0075,T03,2024-10,GlucoCare,9,605.99
D0075,T03,2024-10,DiabetoShield,5,550.99
D0075,T03,2024-10,SugarBlock,9,679.33
D0075,T03,2024-11,GlucoCare,8,623.43
D0075,T03,2024-11,DiabetoShield,1,563.63
D0075,T03,2024-11,SugarBlock,16,708.2
D0075,T03,2024-12,GlucoCare,10,630.46
D0075,T03,2024-12,DiabetoShield,13,543.98
D0075,T03,2024-12,SugarBlock,1,686.2
D0076,T04,2024-01,GlucoCare,38,629.41
D0076,T04,2024-01,DiabetoShield,12,576.26
D0076,T04,2024-01,SugarBlock,39,687.25
D0076,T04,2024-02,GlucoCare,41,603.63
D0076,T04,2024-02,DiabetoShield,17,547.56
D0076,T04,2024-02,SugarBlock,38,700.46
D0076,T04,2024-03,GlucoCare,39,630.21
D0076,T04,2024-03,DiabetoShield,35,562.2
D0076,T04,2024-03,SugarBlock,24,696.25
D0076,T04,2024-04,GlucoCare,37,631.44
D0076,T04,2024-04,DiabetoShield,24,560.95
D0076,T04,2024-04,SugarBlock,37,680.33
D0076,T04,2024-05,GlucoCare,27,625.0
D0076,T04,2024-05,DiabetoShield,20,547.02
D0076,T04,2024-05,SugarBlock,32,698.83
D0076,T04,2024-06,GlucoCare,14,616.83
D0076,T04,2024-06,DiabetoShield,2,446.67
D0076,T04,2024-06,SugarBlock,67,562.6
D0076,T04,2024-07,GlucoCare,23,634.68
D0076,T04,2024-07,DiabetoShield,42,486.11
D0076,T04,2024-07,SugarBlock,28,582.06
D0076,T04,2024-08,GlucoCare,26,610.9
D0076,T04,2024-08,DiabetoShield,50,468.93
D0076,T04,2024-08,SugarBlock,20,538.59
D0076,T04,2024-09,GlucoCare,14,617.06
D0076,T04,2024-09,DiabetoShield,54,458.4
D0076,T04,2024-09,SugarBlock,14,547.24
D0076,T04,2024-10,GlucoCare,20,629.25
D0076,T04,2024-10,DiabetoShield,50,473.5
D0076,T04,2024-10,SugarBlock,28,517.62
D0076,T04,2024-11,GlucoCare,15,635.66
D0076,T04,2024-11,DiabetoShield,2,441.71
D0076,T04,2024-11,SugarBlock,81,572.72
D0076,T04,2024-12,GlucoCare,19,610.98
D0076,T04,2024-12,DiabetoShield,3,452.74
D0076,T04,2024-12,SugarBlock,58,588.28
D0077,T10,2024-01,GlucoCare,9,625.16
D0077,T10,2024-01,DiabetoShield,6,556.67
D0077,T10,2024-01,SugarBlock,5,706.76
D0077,T10,2024-02,GlucoCare,11,620.02
D0077,T10,2024-02,DiabetoShield,6,561.81
D0077,T10,2024-02,SugarBlock,8,694.63
D0077,T10,2024-03,GlucoCare,10,613.18
D0077,T10,2024-03,DiabetoShield,10,550.51
D0077,T10,2024-03,SugarBlock,3,692.26
D0077,T10,2024-04,GlucoCare,6,605.08
D0077,T10,2024-04,DiabetoShield,5,563.35
D0077,T10,2024-04,SugarBlock,10,692.18
D0077,T10,2024-05,GlucoCare,14,635.95
D0077,T10,2024-05,DiabetoShield,12,544.47
D0077,T10,2024-05,SugarBlock,1,679.63
D0077,T10,2024-06,GlucoCare,11,610.47
D0077,T10,2024-06,DiabetoShield,2,574.24
D0077,T10,2024-06,SugarBlock,15,689.61
D0077,T10,2024-07,GlucoCare,11,637.08
D0077,T10,2024-07,DiabetoShield,13,560.97
D0077,T10,2024-07,SugarBlock,0,678.12
D0077,T10,2024-08,GlucoCare,9,603.83
D0077,T10,2024-08,DiabetoShield,4,564.59
D0077,T10,2024-08,SugarBlock,9,707.67
D0077,T10,2024-09,GlucoCare,11,618.77
D0077,T10,2024-09,DiabetoShield,4,574.82
D0077,T10,2024-09,SugarBlock,11,686.21
D0077,T10,2024-10,GlucoCare,12,601.68
D0077,T10,2024-10,DiabetoShield,14,573.58
D0077,T10,2024-10,SugarBlock,1,687.63
D0077,T10,2024-11,GlucoCare,8,614.55
D0077,T10,2024-11,DiabetoShield,1,576.61
D0077,T10,2024-11,SugarBlock,12,687.55
D0077,T10,2024-12,GlucoCare,15,607.8
D0077,T10,2024-12,DiabetoShield,6,555.29
D0077,T10,2024-12,SugarBlock,9,692.56
D0078,T05,2024-01,GlucoCare,13,607.18
D0078,T05,2024-01,DiabetoShield,18,561.75
D0078,T05,2024-01,SugarBlock,8,704.7
D0078,T05,2024-02,GlucoCare,15,607.49
D0078,T05,2024-02,DiabetoShield,2,572.35
D0078,T05,2024-02,SugarBlock,21,705.77
D0078,T05,2024-03,GlucoCare,15,605.55
D0078,T05,2024-03,DiabetoShield,12,571.81
D0078,T05,2024-03,SugarBlock,11,670.26
D0078,T05,2024-04,GlucoCare,12,624.48
D0078,T05,2024-04,DiabetoShield,15,562.53
D0078,T05,2024-04,SugarBlock,4,708.85
D0078,T05,2024-05,GlucoCare,12,623.6
D0078,T05,2024-05,DiabetoShield,4,558.45
D0078,T05,2024-05,SugarBlock,15,677.2
D0078,T05,2024-06,GlucoCare,6,628.15
D0078,T05,2024-06,DiabetoShield,6,464.01
D0078,T05,2024-06,SugarBlock,18,594.89
D0078,T05,2024-07,GlucoCare,4,616.49
D0078,T05,2024-07,DiabetoShield,5,428.81
D0078,T05,2024-07,SugarBlock,19,541.64
D0078,T05,2024-08,GlucoCare,4,636.9
D0078,T05,2024-08,DiabetoShield,22,433.77
D0078,T05,2024-08,SugarBlock,5,567.81
D0078,T05,2024-09,GlucoCare,5,607.16
D0078,T05,2024-09,DiabetoShield,28,438.35
D0078,T05,2024-09,SugarBlock,2,567.38
D0078,T05,2024-10,GlucoCare,6,614.58
D0078,T05,2024-10,DiabetoShield,15,430.86
D0078,T05,2024-10,SugarBlock,14,550.99
D0078,T05,2024-11,GlucoCare,3,614.85
D0078,T05,2024-11,DiabetoShield,10,420.62
D0078,T05,2024-11,SugarBlock,19,554.11
D0078,T05,2024-12,GlucoCare,5,607.68
D0078,T05,2024-12,DiabetoShield,1,466.31
D0078,T05,2024-12,SugarBlock,22,509.23
D0079,T06,2024-01,GlucoCare,19,611.27
D0079,T06,2024-01,DiabetoShield,18,554.84
D0079,T06,2024-01,SugarBlock,4,690.22
D0079,T06,2024-02,GlucoCare,11,607.59
D0079,T06,2024-02,DiabetoShield,10,574.29
D0079,T06,2024-02,SugarBlock,10,675.89
D0079,T06,2024-03,GlucoCare,15,634.59
D0079,T06,2024-03,DiabetoShield,6,552.55
D0079,T06,2024-03,SugarBlock,11,693.38
D0079,T06,2024-04,GlucoCare,12,617.98
D0079,T06,2024-04,DiabetoShield,16,549.04
D0079,T06,2024-04,SugarBlock,1,674.05
D0079,T06,2024-05,GlucoCare,15,617.89
D0079,T06,2024-05,DiabetoShield,9,557.73
D0079,T06,2024-05,SugarBlock,14,670.85
D0079,T06,2024-06,GlucoCare,15,614.8
D0079,T06,2024-06,DiabetoShield,19,544.12
D0079,T06,2024-06,SugarBlock,3,671.82
D0079,T06,2024-07,GlucoCare,18,628.77
D0079,T06,2024-07,DiabetoShield,6,573.7
D0079,T06,2024-07,SugarBlock,14,677.41
D0079,T06,2024-08,GlucoCare,11,618.13
D0079,T06,2024-08,DiabetoShield,6,573.99
D0079,T06,2024-08,SugarBlock,13,682.39
D0079,T06,2024-09,GlucoCare,13,607.77
D0079,T06,2024-09,DiabetoShield,11,566.77
D0079,T06,2024-09,SugarBlock,10,679.38
D0079,T06,2024-10,GlucoCare,16,619.7
D0079,T06,2024-10,DiabetoShield,1,553.39
D0079,T06,2024-10,SugarBlock,19,685.51
D0079,T06,2024-11,GlucoCare,15,609.09
D0079,T06,2024-11,DiabetoShield,19,543.78
D0079,T06,2024-11,SugarBlock,2,685.03
D0079,T06,2024-12,GlucoCare,13,633.8
D0079,T06,2024-12,DiabetoShield,6,566.06
D0079,T06,2024-12,SugarBlock,14,705.71
D0080,T10,2024-01,GlucoCare,22,625.16
D0080,T10,2024-01,DiabetoShield,23,556.67
D0080,T10,2024-01,SugarBlock,9,706.76
D0080,T10,2024-02,GlucoCare,20,620.02
D0080,T10,2024-02,DiabetoShield,8,561.81
D0080,T10,2024-02,SugarBlock,19,694.63
D0080,T10,2024-03,GlucoCare,21,613.18
D0080,T10,2024-03,DiabetoShield,26,550.51
D0080,T10,2024-03,SugarBlock,1,692.26
D0080,T10,2024-04,GlucoCare,21,605.08
D0080,T10,2024-04,DiabetoShield,12,563.35
D0080,T10,2024-04,SugarBlock,12,692.18
D0080,T10,2024-05,GlucoCare,19,635.95
D0080,T10,2024-05,DiabetoShield,26,544.47
D0080,T10,2024-05,SugarBlock,0,679.63
D0080,T10,2024-06,GlucoCare,21,610.47
D0080,T10,2024-06,DiabetoShield,20,574.24
D0080,T10,2024-06,SugarBlock,8,689.61
D0080,T10,2024-07,GlucoCare,21,637.08
D0080,T10,2024-07,DiabetoShield,1,560.97
D0080,T10,2024-07,SugarBlock,30,678.12
D0080,T10,2024-08,GlucoCare,23,603.83
D0080,T10,2024-08,DiabetoShield,23,564.59
D0080,T10,2024-08,SugarBlock,6,707.67
D0080,T10,2024-09,GlucoCare,20,618.77
D0080,T10,2024-09,DiabetoShield,34,574.82
D0080,T10,2024-09,SugarBlock,2,686.21
D0080,T10,2024-10,GlucoCare,19,601.68
D0080,T10,2024-10,DiabetoShield,11,573.58
D0080,T10,2024-10,SugarBlock,13,687.63
D0080,T10,2024-11,GlucoCare,20,614.55
D0080,T10,2024-11,DiabetoShield,12,576.61
D0080,T10,2024-11,SugarBlock,15,687.55
D0080,T10,2024-12,GlucoCare,16,607.8
D0080,T10,2024-12,DiabetoShield,13,555.29
D0080,T10,2024-12,SugarBlock,14,692.56
D0081,T01,2024-01,GlucoCare,16,609.43
D0081,T01,2024-01,DiabetoShield,2,543.32
D0081,T01,2024-01,SugarBlock,20,707.52
D0081,T01,2024-02,GlucoCare,15,626.11
D0081,T01,2024-02,DiabetoShield,17,548.16
D0081,T01,2024-02,SugarBlock,5,676.94
D0081,T01,2024-03,GlucoCare,17,612.0
D0081,T01,2024-03,DiabetoShield,8,549.67
D0081,T01,2024-03,SugarBlock,10,702.79
D0081,T01,2024-04,GlucoCare,16,637.86
D0081,T01,2024-04,DiabetoShield,7,557.53
D0081,T01,2024-04,SugarBlock,13,679.34
D0081,T01,2024-05,GlucoCare,18,612.19
D0081,T01,2024-05,DiabetoShield,2,574.04
D0081,T01,2024-05,SugarBlock,20,697.01
D0081,T01,2024-06,GlucoCare,16,635.52
D0081,T01,2024-06,DiabetoShield,14,568.66
D0081,T01,2024-06,SugarBlock,6,680.21
D0081,T01,2024-07,GlucoCare,11,609.94
D0081,T01,2024-07,DiabetoShield,4,569.85
D0081,T01,2024-07,SugarBlock,13,706.3
D0081,T01,2024-08,GlucoCare,12,604.89
D0081,T01,2024-08,DiabetoShield,16,552.0
D0081,T01,2024-08,SugarBlock,5,682.64
D0081,T01,2024-09,GlucoCare,11,627.39
D0081,T01,2024-09,DiabetoShield,1,550.7
D0081,T01,2024-09,SugarBlock,18,689.19
D0081,T01,2024-10,GlucoCare,14,620.06
D0081,T01,2024-10,DiabetoShield,4,572.64
D0081,T01,2024-10,SugarBlock,12,670.43
D0081,T01,2024-11,GlucoCare,16,619.86
D0081,T01,2024-11,DiabetoShield,8,560.15
D0081,T01,2024-11,SugarBlock,14,685.43
D0081,T01,2024-12,GlucoCare,11,604.65
D0081,T01,2024-12,DiabetoShield,19,556.69
D0081,T01,2024-12,SugarBlock,3,699.1
D0082,T03,2024-01,GlucoCare,10,618.03
D0082,T03,2024-01,DiabetoShield,2,564.57
D0082,T03,2024-01,SugarBlock,29,686.67
D0082,T03,2024-02,GlucoCare,11,637.81
D0082,T03,2024-02,DiabetoShield,26,558.6
D0082,T03,2024-02,SugarBlock,7,670.51
D0082,T03,2024-03,GlucoCare,7,612.18
D0082,T03,2024-03,DiabetoShield,22,552.19
D0082,T03,2024-03,SugarBlock,5,673.73
D0082,T03,2024-04,GlucoCare,11,603.73
D0082,T03,2024-04,DiabetoShield,22,571.56
D0082,T03,2024-04,SugarBlock,7,671.69
D0082,T03,2024-05,GlucoCare,12,604.54
D0082,T03,2024-05,DiabetoShield,10,545.82
D0082,T03,2024-05,SugarBlock,18,696.02
D0082,T03,2024-06,GlucoCare,12,618.48
D0082,T03,2024-06,DiabetoShield,20,556.75
D0082,T03,2024-06,SugarBlock,11,701.21
D0082,T03,2024-07,GlucoCare,11,619.15
D0082,T03,2024-07,DiabetoShield,22,557.5
D0082,T03,2024-07,SugarBlock,9,698.91
D0082,T03,2024-08,GlucoCare,9,613.87
D0082,T03,2024-08,DiabetoShield,16,551.6
D0082,T03,2024-08,SugarBlock,13,705.1
D0082,T03,2024-09,GlucoCare,13,602.28
D0082,T03,2024-09,DiabetoShield,6,564.56
D0082,T03,2024-09,SugarBlock,25,671.21
D0082,T03,2024-10,GlucoCare,12,605.99
D0082,T03,2024-10,DiabetoShield,17,550.99
D0082,T03,2024-10,SugarBlock,14,679.33
D0082,T03,2024-11,GlucoCare,11,623.43
D0082,T03,2024-11,DiabetoShield,25,563.63
D0082,T03,2024-11,SugarBlock,7,708.2
D0082,T03,2024-12,GlucoCare,11,630.46
D0082,T03,2024-12,DiabetoShield,26,543.98
D0082,T03,2024-12,SugarBlock,3,686.2
D0083,T05,2024-01,GlucoCare,16,607.18
D0083,T05,2024-01,DiabetoShield,19,561.75
D0083,T05,2024-01,SugarBlock,4,704.7
D0083,T05,2024-02,GlucoCare,15,607.49
D0083,T05,2024-02,DiabetoShield,17,572.35
D0083,T05,2024-02,SugarBlock,5,705.77
D0083,T05,2024-03,GlucoCare,17,605.55
D0083,T05,2024-03,DiabetoShield,8,571.81
D0083,T05,2024-03,SugarBlock,18,670.26
D0083,T05,2024-04,GlucoCare,17,624.48
D0083,T05,2024-04,DiabetoShield,7,562.53
D0083,T05,2024-04,SugarBlock,11,708.85
D0083,T05,2024-05,GlucoCare,15,623.6
D0083,T05,2024-05,DiabetoShield,19,558.45
D0083,T05,2024-05,SugarBlock,3,677.2
D0083,T05,2024-06,GlucoCare,9,628.15
D0083,T05,2024-06,DiabetoShield,1,464.01
D0083,T05,2024-06,SugarBlock,25,594.89
D0083,T05,2024-07,GlucoCare,5,616.49
D0083,T05,2024-07,DiabetoShield,7,428.81
D0083,T05,2024-07,SugarBlock,20,541.64
D0083,T05,2024-08,GlucoCare,3,636.9
D0083,T05,2024-08,DiabetoShield,7,433.77
D0083,T05,2024-08,SugarBlock,26,567.81
D0083,T05,2024-09,GlucoCare,7,607.16
D0083,T05,2024-09,DiabetoShield,8,438.35
D0083,T05,2024-09,SugarBlock,20,567.38
D0083,T05,2024-10,GlucoCare,5,614.58
D0083,T05,2024-10,DiabetoShield,11,430.86
D0083,T05,2024-10,SugarBlock,23,550.99
D0083,T05,2024-11,GlucoCare,4,614.85
D0083,T05,2024-11,DiabetoShield,16,420.62
D0083,T05,2024-11,SugarBlock,12,554.11
D0083,T05,2024-12,GlucoCare,5,607.68
D0083,T05,2024-12,DiabetoShield,23,466.31
D0083,T05,2024-12,SugarBlock,5,509.23
D0084,T09,2024-01,GlucoCare,10,607.03
D0084,T09,2024-01,DiabetoShield,25,567.47
D0084,T09,2024-01,SugarBlock,1,683.8
D0084,T09,2024-02,GlucoCare,7,629.02
D0084,T09,2024-02,DiabetoShield,5,576.39
D0084,T09,2024-02,SugarBlock,20,699.29
D0084,T09,2024-03,GlucoCare,8,622.06
D0084,T09,2024-03,DiabetoShield,23,546.15
D0084,T09,2024-03,SugarBlock,3,703.58
D0084,T09,2024-04,GlucoCare,7,627.61
D0084,T09,2024-04,DiabetoShield,9,551.04
D0084,T09,2024-04,SugarBlock,20,704.36
D0084,T09,2024-05,GlucoCare,12,631.99
D0084,T09,2024-05,DiabetoShield,1,571.61
D0084,T09,2024-05,SugarBlock,28,685.58
D0084,T09,2024-06,GlucoCare,8,628.81
D0084,T09,2024-06,DiabetoShield,6,563.39
D0084,T09,2024-06,SugarBlock,25,680.47
D0084,T09,2024-07,GlucoCare,11,609.21
D0084,T09,2024-07,DiabetoShield,24,552.52
D0084,T09,2024-07,SugarBlock,7,669.51
D0084,T09,2024-08,GlucoCare,10,604.11
D0084,T09,2024-08,DiabetoShield,6,566.89
D0084,T09,2024-08,SugarBlock,20,707.51
D0084,T09,2024-09,GlucoCare,6,634.85
D0084,T09,2024-09,DiabetoShield,16,571.68
D0084,T09,2024-09,SugarBlock,12,682.64
D0084,T09,2024-10,GlucoCare,9,610.04
D0084,T09,2024-10,DiabetoShield,5,556.93
D0084,T09,2024-10,SugarBlock,24,697.21
D0084,T09,2024-11,GlucoCare,14,634.89
D0084,T09,2024-11,DiabetoShield,17,558.77
D0084,T09,2024-11,SugarBlock,16,706.34
D0084,T09,2024-12,GlucoCare,12,633.56
D0084,T09,2024-12,DiabetoShield,13,556.63
D0084,T09,2024-12,SugarBlock,16,674.56
D0085,T08,2024-01,GlucoCare,14,628.82
D0085,T08,2024-01,DiabetoShield,25,555.74
D0085,T08,2024-01,SugarBlock,2,710.43
D0085,T08,2024-02,GlucoCare,11,619.89
D0085,T08,2024-02,DiabetoShield,8,576.63
D0085,T08,2024-02,SugarBlock,24,702.8
D0085,T08,2024-03,GlucoCare,10,608.44
D0085,T08,2024-03,DiabetoShield,5,573.31
D0085,T08,2024-03,SugarBlock,22,687.25
D0085,T08,2024-04,GlucoCare,13,636.52
D0085,T08,2024-04,DiabetoShield,4,556.39
D0085,T08,2024-04,SugarBlock,24,701.72
D0085,T08,2024-05,GlucoCare,9,628.79
D0085,T08,2024-05,DiabetoShield,14,552.07
D0085,T08,2024-05,SugarBlock,16,672.19
D0085,T08,2024-06,GlucoCare,13,607.82
D0085,T08,2024-06,DiabetoShield,23,556.23
D0085,T08,2024-06,SugarBlock,6,706.85
D0085,T08,2024-07,GlucoCare,14,620.8
D0085,T08,2024-07,DiabetoShield,0,574.08
D0085,T08,2024-07,SugarBlock,27,704.0
D0085,T08,2024-08,GlucoCare,9,635.05
D0085,T08,2024-08,DiabetoShield,26,562.38
D0085,T08,2024-08,SugarBlock,1,695.84
D0085,T08,2024-09,GlucoCare,16,625.84
D0085,T08,2024-09,DiabetoShield,6,575.34
D0085,T08,2024-09,SugarBlock,25,704.58
D0085,T08,2024-10,GlucoCare,14,623.58
D0085,T08,2024-10,DiabetoShield,1,563.96
D0085,T08,2024-10,SugarBlock,25,693.21
D0085,T08,2024-11,GlucoCare,15,626.91
D0085,T08,2024-11,DiabetoShield,4,571.35
D0085,T08,2024-11,SugarBlock,33,670.16
D0085,T08,2024-12,GlucoCare,12,624.64
D0085,T08,2024-12,DiabetoShield,22,566.48
D0085,T08,2024-12,SugarBlock,9,673.75
D0086,T07,2024-01,GlucoCare,9,613.28
D0086,T07,2024-01,DiabetoShield,19,543.71
D0086,T07,2024-01,SugarBlock,8,677.97
D0086,T07,2024-02,GlucoCare,14,612.1
D0086,T07,2024-02,DiabetoShield,21,573.04
D0086,T07,2024-02,SugarBlock,5,707.05
D0086,T07,2024-03,GlucoCare,12,610.51
D0086,T07,2024-03,DiabetoShield,10,551.66
D0086,T07,2024-03,SugarBlock,13,687.12
D0086,T07,2024-04,GlucoCare,10,611.2
D0086,T07,2024-04,DiabetoShield,2,570.85
D0086,T07,2024-04,SugarBlock,22,698.24
D0086,T07,2024-05,GlucoCare,10,636.2
D0086,T07,2024-05,DiabetoShield,14,557.23
D0086,T07,2024-05,SugarBlock,9,710.52
D0086,T07,2024-06,GlucoCare,9,616.5
D0086,T07,2024-06,DiabetoShield,20,551.15
D0086,T07,2024-06,SugarBlock,8,703.48
D0086,T07,2024-07,GlucoCare,9,626.91
D0086,T07,2024-07,DiabetoShield,6,558.06
D0086,T07,2024-07,SugarBlock,18,695.42
D0086,T07,2024-08,GlucoCare,11,603.04
D0086,T07,2024-08,DiabetoShield,4,561.75
D0086,T07,2024-08,SugarBlock,24,670.02
D0086,T07,2024-09,GlucoCare,13,620.92
D0086,T07,2024-09,DiabetoShield,5,571.9
D0086,T07,2024-09,SugarBlock,17,672.66
D0086,T07,2024-10,GlucoCare,9,612.68
D0086,T07,2024-10,DiabetoShield,10,554.25
D0086,T07,2024-10,SugarBlock,15,673.03
D0086,T07,2024-11,GlucoCare,12,621.64
D0086,T07,2024-11,DiabetoShield,2,570.54
D0086,T07,2024-11,SugarBlock,24,694.51
D0086,T07,2024-12,GlucoCare,13,605.15
D0086,T07,2024-12,DiabetoShield,12,551.02
D0086,T07,2024-12,SugarBlock,17,688.97
D0087,T04,2024-01,GlucoCare,20,629.41
D0087,T04,2024-01,DiabetoShield,29,576.26
D0087,T04,2024-01,SugarBlock,3,687.25
D0087,T04,2024-02,GlucoCare,14,603.63
D0087,T04,2024-02,DiabetoShield,18,547.56
D0087,T04,2024-02,SugarBlock,6,700.46
D0087,T04,2024-03,GlucoCare,28,630.21
D0087,T04,2024-03,DiabetoShield,5,562.2
D0087,T04,2024-03,SugarBlock,31,696.25
D0087,T04,2024-04,GlucoCare,22,631.44
D0087,T04,2024-04,DiabetoShield,21,560.95
D0087,T04,2024-04,SugarBlock,15,680.33
D0087,T04,2024-05,GlucoCare,21,625.0
D0087,T04,2024-05,DiabetoShield,31,547.02
D0087,T04,2024-05,SugarBlock,0,698.83
D0087,T04,2024-06,GlucoCare,8,616.83
D0087,T04,2024-06,DiabetoShield,11,446.67
D0087,T04,2024-06,SugarBlock,29,562.6
D0087,T04,2024-07,GlucoCare,6,634.68
D0087,T04,2024-07,DiabetoShield,18,486.11
D0087,T04,2024-07,SugarBlock,14,582.06
D0087,T04,2024-08,GlucoCare,3,610.9
D0087,T04,2024-08,DiabetoShield,12,468.93
D0087,T04,2024-08,SugarBlock,24,538.59
D0087,T04,2024-09,GlucoCare,9,617.06
D0087,T04,2024-09,DiabetoShield,31,458.4
D0087,T04,2024-09,SugarBlock,12,547.24
D0087,T04,2024-10,GlucoCare,9,629.25
D0087,T04,2024-10,DiabetoShield,4,473.5
D0087,T04,2024-10,SugarBlock,35,517.62
D0087,T04,2024-11,GlucoCare,10,635.66
D0087,T04,2024-11,DiabetoShield,23,441.71
D0087,T04,2024-11,SugarBlock,10,572.72
D0087,T04,2024-12,GlucoCare,12,610.98
D0087,T04,2024-12,DiabetoShield,26,452.74
D0087,T04,2024-12,SugarBlock,11,588.28
D0088,T09,2024-01,GlucoCare,30,607.03
D0088,T09,2024-01,DiabetoShield,9,567.47
D0088,T09,2024-01,SugarBlock,32,683.8
D0088,T09,2024-02,GlucoCare,26,629.02
D0088,T09,2024-02,DiabetoShield,29,576.39
D0088,T09,2024-02,SugarBlock,4,699.29
D0088,T09,2024-03,GlucoCare,30,622.06
D0088,T09,2024-03,DiabetoShield,1,546.15
D0088,T09,2024-03,SugarBlock,39,703.58
D0088,T09,2024-04,GlucoCare,29,627.61
D0088,T09,2024-04,DiabetoShield,14,551.04
D0088,T09,2024-04,SugarBlock,24,704.36
D0088,T09,2024-05,GlucoCare,22,631.99
D0088,T09,2024-05,DiabetoShield,22,571.61
D0088,T09,2024-05,SugarBlock,10,685.58
D0088,T09,2024-06,GlucoCare,25,628.81
D0088,T09,2024-06,DiabetoShield,15,563.39
D0088,T09,2024-06,SugarBlock,21,680.47
D0088,T09,2024-07,GlucoCare,29,609.21
D0088,T09,2024-07,DiabetoShield,24,552.52
D0088,T09,2024-07,SugarBlock,8,669.51
D0088,T09,2024-08,GlucoCare,23,604.11
D0088,T09,2024-08,DiabetoShield,11,566.89
D0088,T09,2024-08,SugarBlock,20,707.51
D0088,T09,2024-09,GlucoCare,21,634.85
D0088,T09,2024-09,DiabetoShield,15,571.68
D0088,T09,2024-09,SugarBlock,27,682.64
D0088,T09,2024-10,GlucoCare,28,610.04
D0088,T09,2024-10,DiabetoShield,18,556.93
D0088,T09,2024-10,SugarBlock,21,697.21
D0088,T09,2024-11,GlucoCare,12,634.89
D0088,T09,2024-11,DiabetoShield,24,558.77
D0088,T09,2024-11,SugarBlock,9,706.34
D0088,T09,2024-12,GlucoCare,24,633.56
D0088,T09,2024-12,DiabetoShield,5,556.63
D0088,T09,2024-12,SugarBlock,34,674.56
D0089,T02,2024-01,GlucoCare,11,638.1
D0089,T02,2024-01,DiabetoShield,6,575.44
D0089,T02,2024-01,SugarBlock,15,707.18
D0089,T02,2024-02,GlucoCare,12,634.21
D0089,T02,2024-02,DiabetoShield,4,545.53
D0089,T02,2024-02,SugarBlock,12,706.91
D0089,T02,2024-03,GlucoCare,6,610.52
D0089,T02,2024-03,DiabetoShield,11,571.37
D0089,T02,2024-03,SugarBlock,3,700.1
D0089,T02,2024-04,GlucoCare,14,632.36
D0089,T02,2024-04,DiabetoShield,11,559.53
D0089,T02,2024-04,SugarBlock,7,686.89
D0089,T02,2024-05,GlucoCare,13,623.69
D0089,T02,2024-05,DiabetoShield,11,572.17
D0089,T02,2024-05,SugarBlock,8,696.11
D0089,T02,2024-06,GlucoCare,9,619.23
D0089,T02,2024-06,DiabetoShield,1,549.45
D0089,T02,2024-06,SugarBlock,16,691.97
D0089,T02,2024-07,GlucoCare,9,638.08
D0089,T02,2024-07,DiabetoShield,11,551.25
D0089,T02,2024-07,SugarBlock,6,701.28
D0089,T02,2024-08,GlucoCare,10,631.24
D0089,T02,2024-08,DiabetoShield,2,575.36
D0089,T02,2024-08,SugarBlock,15,702.69
D0089,T02,2024-09,GlucoCare,11,624.81
D0089,T02,2024-09,DiabetoShield,17,559.86
D0089,T02,2024-09,SugarBlock,4,687.28
D0089,T02,2024-10,GlucoCare,11,624.56
D0089,T02,2024-10,DiabetoShield,17,550.84
D0089,T02,2024-10,SugarBlock,0,682.91
D0089,T02,2024-11,GlucoCare,10,634.01
D0089,T02,2024-11,DiabetoShield,9,546.12
D0089,T02,2024-11,SugarBlock,11,707.67
D0089,T02,2024-12,GlucoCare,11,628.23
D0089,T02,2024-12,DiabetoShield,8,544.17
D0089,T02,2024-12,SugarBlock,10,689.81
D0090,T05,2024-01,GlucoCare,7,607.18
D0090,T05,2024-01,DiabetoShield,19,561.75
D0090,T05,2024-01,SugarBlock,2,704.7
D0090,T05,2024-02,GlucoCare,8,607.49
D0090,T05,2024-02,DiabetoShield,3,572.35
D0090,T05,2024-02,SugarBlock,22,705.77
D0090,T05,2024-03,GlucoCare,8,605.55
D0090,T05,2024-03,DiabetoShield,4,571.81
D0090,T05,2024-03,SugarBlock,17,670.26
D0090,T05,2024-04,GlucoCare,7,624.48
D0090,T05,2024-04,DiabetoShield,18,562.53
D0090,T05,2024-04,SugarBlock,3,708.85
D0090,T05,2024-05,GlucoCare,8,623.6
D0090,T05,2024-05,DiabetoShield,4,558.45
D0090,T05,2024-05,SugarBlock,19,677.2
D0090,T05,2024-06,GlucoCare,2,628.15
D0090,T05,2024-06,DiabetoShield,4,464.01
D0090,T05,2024-06,SugarBlock,19,594.89
D0090,T05,2024-07,GlucoCare,2,616.49
D0090,T05,2024-07,DiabetoShield,25,428.81
D0090,T05,2024-07,SugarBlock,3,541.64
D0090,T05,2024-08,GlucoCare,1,636.9
D0090,T05,2024-08,DiabetoShield,7,433.77
D0090,T05,2024-08,SugarBlock,22,567.81
D0090,T05,2024-09,GlucoCare,2,607.16
D0090,T05,2024-09,DiabetoShield,21,438.35
D0090,T05,2024-09,SugarBlock,7,567.38
D0090,T05,2024-10,GlucoCare,1,614.58
D0090,T05,2024-10,DiabetoShield,13,430.86
D0090,T05,2024-10,SugarBlock,7,550.99
D0090,T05,2024-11,GlucoCare,1,614.85
D0090,T05,2024-11,DiabetoShield,14,420.62
D0090,T05,2024-11,SugarBlock,14,554.11
D0090,T05,2024-12,GlucoCare,2,607.68
D0090,T05,2024-12,DiabetoShield,11,466.31
D0090,T05,2024-12,SugarBlock,15,509.23
D0091,T04,2024-01,GlucoCare,4,629.41
D0091,T04,2024-01,DiabetoShield,13,576.26
D0091,T04,2024-01,SugarBlock,5,687.25
D0091,T04,2024-02,GlucoCare,6,603.63
D0091,T04,2024-02,DiabetoShield,10,547.56
D0091,T04,2024-02,SugarBlock,6,700.46
D0091,T04,2024-03,GlucoCare,5,630.21
D0091,T04,2024-03,DiabetoShield,20,562.2
D0091,T04,2024-03,SugarBlock,1,696.25
D0091,T04,2024-04,GlucoCare,4,631.44
D0091,T04,2024-04,DiabetoShield,15,560.95
D0091,T04,2024-04,SugarBlock,2,680.33
D0091,T04,2024-05,GlucoCare,6,625.0
D0091,T04,2024-05,DiabetoShield,4,547.02
D0091,T04,2024-05,SugarBlock,16,698.83
D0091,T04,2024-06,GlucoCare,1,616.83
D0091,T04,2024-06,DiabetoShield,11,446.67
D0091,T04,2024-06,SugarBlock,8,562.6
D0091,T04,2024-07,GlucoCare,1,634.68
D0091,T04,2024-07,DiabetoShield,18,486.11
D0091,T04,2024-07,SugarBlock,5,582.06
D0091,T04,2024-08,GlucoCare,1,610.9
D0091,T04,2024-08,DiabetoShield,12,468.93
D0091,T04,2024-08,SugarBlock,9,538.59
D0091,T04,2024-09,GlucoCare,1,617.06
D0091,T04,2024-09,DiabetoShield,6,458.4
D0091,T04,2024-09,SugarBlock,17,547.24
D0091,T04,2024-10,GlucoCare,1,629.25
D0091,T04,2024-10,DiabetoShield,6,473.5
D0091,T04,2024-10,SugarBlock,14,517.62
D0091,T04,2024-11,GlucoCare,0,635.66
D0091,T04,2024-11,DiabetoShield,12,441.71
D0091,T04,2024-11,SugarBlock,10,572.72
D0091,T04,2024-12,GlucoCare,0,610.98
D0091,T04,2024-12,DiabetoShield,15,452.74
D0091,T04,2024-12,SugarBlock,6,588.28
D0092,T01,2024-01,GlucoCare,11,609.43
D0092,T01,2024-01,DiabetoShield,13,543.32
D0092,T01,2024-01,SugarBlock,4,707.52
D0092,T01,2024-02,GlucoCare,9,626.11
D0092,T01,2024-02,DiabetoShield,13,548.16
D0092,T01,2024-02,SugarBlock,4,676.94
D0092,T01,2024-03,GlucoCare,13,612.0
D0092,T01,2024-03,DiabetoShield,12,549.67
D0092,T01,2024-03,SugarBlock,5,702.79
D0092,T01,2024-04,GlucoCare,9,637.86
D0092,T01,2024-04,DiabetoShield,1,557.53
D0092,T01,2024-04,SugarBlock,18,679.34
D0092,T01,2024-05,GlucoCare,11,612.19
D0092,T01,2024-05,DiabetoShield,17,574.04
D0092,T01,2024-05,SugarBlock,0,697.01
D0092,T01,2024-06,GlucoCare,12,635.52
D0092,T01,2024-06,DiabetoShield,14,568.66
D0092,T01,2024-06,SugarBlock,0,680.21
D0092,T01,2024-07,GlucoCare,11,609.94
D0092,T01,2024-07,DiabetoShield,8,569.85
D0092,T01,2024-07,SugarBlock,9,706.3
D0092,T01,2024-08,GlucoCare,13,604.89
D0092,T01,2024-08,DiabetoShield,7,552.0
D0092,T01,2024-08,SugarBlock,11,682.64
D0092,T01,2024-09,GlucoCare,11,627.39
D0092,T01,2024-09,DiabetoShield,2,550.7
D0092,T01,2024-09,SugarBlock,13,689.19
D0092,T01,2024-10,GlucoCare,10,620.06
D0092,T01,2024-10,DiabetoShield,4,572.64
D0092,T01,2024-10,SugarBlock,10,670.43
D0092,T01,2024-11,GlucoCare,10,619.86
D0092,T01,2024-11,DiabetoShield,11,560.15
D0092,T01,2024-11,SugarBlock,8,685.43
D0092,T01,2024-12,GlucoCare,11,604.65
D0092,T01,2024-12,DiabetoShield,7,556.69
D0092,T01,2024-12,SugarBlock,11,699.1
D0093,T01,2024-01,GlucoCare,9,609.43
D0093,T01,2024-01,DiabetoShield,3,543.32
D0093,T01,2024-01,SugarBlock,12,707.52
D0093,T01,2024-02,GlucoCare,12,626.11
D0093,T01,2024-02,DiabetoShield,6,548.16
D0093,T01,2024-02,SugarBlock,13,676.94
D0093,T01,2024-03,GlucoCare,11,612.0
D0093,T01,2024-03,DiabetoShield,8,549.67
D0093,T01,2024-03,SugarBlock,9,702.79
D0093,T01,2024-04,GlucoCare,8,637.86
D0093,T01,2024-04,DiabetoShield,14,557.53
D0093,T01,2024-04,SugarBlock,1,679.34
D0093,T01,2024-05,GlucoCare,12,612.19
D0093,T01,2024-05,DiabetoShield,16,574.04
D0093,T01,2024-05,SugarBlock,5,697.01
D0093,T01,2024-06,GlucoCare,12,635.52
D0093,T01,2024-06,DiabetoShield,4,568.66
D0093,T01,2024-06,SugarBlock,12,680.21
D0093,T01,2024-07,GlucoCare,10,609.94
D0093,T01,2024-07,DiabetoShield,7,569.85
D0093,T01,2024-07,SugarBlock,9,706.3
D0093,T01,2024-08,GlucoCare,12,604.89
D0093,T01,2024-08,DiabetoShield,5,552.0
D0093,T01,2024-08,SugarBlock,13,682.64
D0093,T01,2024-09,GlucoCare,13,627.39
D0093,T01,2024-09,DiabetoShield,9,550.7
D0093,T01,2024-09,SugarBlock,7,689.19
D0093,T01,2024-10,GlucoCare,12,620.06
D0093,T01,2024-10,DiabetoShield,8,572.64
D0093,T01,2024-10,SugarBlock,7,670.43
D0093,T01,2024-11,GlucoCare,13,619.86
D0093,T01,2024-11,DiabetoShield,6,560.15
D0093,T01,2024-11,SugarBlock,10,685.43
D0093,T01,2024-12,GlucoCare,11,604.65
D0093,T01,2024-12,DiabetoShield,2,556.69
D0093,T01,2024-12,SugarBlock,19,699.1
D0094,T08,2024-01,GlucoCare,18,628.82
D0094,T08,2024-01,DiabetoShield,20,555.74
D0094,T08,2024-01,SugarBlock,5,710.43
D0094,T08,2024-02,GlucoCare,16,619.89
D0094,T08,2024-02,DiabetoShield,2,576.63
D0094,T08,2024-02,SugarBlock,24,702.8
D0094,T08,2024-03,GlucoCare,18,608.44
D0094,T08,2024-03,DiabetoShield,0,573.31
D0094,T08,2024-03,SugarBlock,21,687.25
D0094,T08,2024-04,GlucoCare,21,636.52
D0094,T08,2024-04,DiabetoShield,17,556.39
D0094,T08,2024-04,SugarBlock,6,701.72
D0094,T08,2024-05,GlucoCare,14,628.79
D0094,T08,2024-05,DiabetoShield,18,552.07
D0094,T08,2024-05,SugarBlock,4,672.19
D0094,T08,2024-06,GlucoCare,15,607.82
D0094,T08,2024-06,DiabetoShield,11,556.23
D0094,T08,2024-06,SugarBlock,13,706.85
D0094,T08,2024-07,GlucoCare,3,620.8
D0094,T08,2024-07,DiabetoShield,29,574.08
D0094,T08,2024-07,SugarBlock,10,704.0
D0094,T08,2024-08,GlucoCare,5,635.05
D0094,T08,2024-08,DiabetoShield,29,562.38
D0094,T08,2024-08,SugarBlock,5,695.84
D0094,T08,2024-09,GlucoCare,4,625.84
D0094,T08,2024-09,DiabetoShield,8,575.34
D0094,T08,2024-09,SugarBlock,26,704.58
D0094,T08,2024-10,GlucoCare,3,623.58
D0094,T08,2024-10,DiabetoShield,28,563.96
D0094,T08,2024-10,SugarBlock,2,693.21
D0094,T08,2024-11,GlucoCare,4,626.91
D0094,T08,2024-11,DiabetoShield,36,571.35
D0094,T08,2024-11,SugarBlock,3,670.16
D0094,T08,2024-12,GlucoCare,4,624.64
D0094,T08,2024-12,DiabetoShield,26,566.48
D0094,T08,2024-12,SugarBlock,12,673.75
D0095,T10,2024-01,GlucoCare,21,625.16
D0095,T10,2024-01,DiabetoShield,14,556.67
D0095,T10,2024-01,SugarBlock,15,706.76
D0095,T10,2024-02,GlucoCare,20,620.02
D0095,T10,2024-02,DiabetoShield,12,561.81
D0095,T10,2024-02,SugarBlock,12,694.63
D0095,T10,2024-03,GlucoCare,19,613.18
D0095,T10,2024-03,DiabetoShield,23,550.51
D0095,T10,2024-03,SugarBlock,2,692.26
D0095,T10,2024-04,GlucoCare,17,605.08
D0095,T10,2024-04,DiabetoShield,7,563.35
D0095,T10,2024-04,SugarBlock,18,692.18
D0095,T10,2024-05,GlucoCare,14,635.95
D0095,T10,2024-05,DiabetoShield,9,544.47
D0095,T10,2024-05,SugarBlock,16,679.63
D0095,T10,2024-06,GlucoCare,21,610.47
D0095,T10,2024-06,DiabetoShield,17,574.24
D0095,T10,2024-06,SugarBlock,15,689.61
D0095,T10,2024-07,GlucoCare,16,637.08
D0095,T10,2024-07,DiabetoShield,27,560.97
D0095,T10,2024-07,SugarBlock,1,678.12
D0095,T10,2024-08,GlucoCare,14,603.83
D0095,T10,2024-08,DiabetoShield,18,564.59
D0095,T10,2024-08,SugarBlock,8,707.67
D0095,T10,2024-09,GlucoCare,15,618.77
D0095,T10,2024-09,DiabetoShield,25,574.82
D0095,T10,2024-09,SugarBlock,1,686.21
D0095,T10,2024-10,GlucoCare,22,601.68
D0095,T10,2024-10,DiabetoShield,3,573.58
D0095,T10,2024-10,SugarBlock,26,687.63
D0095,T10,2024-11,GlucoCare,15,614.55
D0095,T10,2024-11,DiabetoShield,12,576.61
D0095,T10,2024-11,SugarBlock,12,687.55
D0095,T10,2024-12,GlucoCare,23,607.8
D0095,T10,2024-12,DiabetoShield,15,555.29
D0095,T10,2024-12,SugarBlock,14,692.56
D0096,T03,2024-01,GlucoCare,8,618.03
D0096,T03,2024-01,DiabetoShield,16,564.57
D0096,T03,2024-01,SugarBlock,1,686.67
D0096,T03,2024-02,GlucoCare,14,637.81
D0096,T03,2024-02,DiabetoShield,16,558.6
D0096,T03,2024-02,SugarBlock,4,670.51
D0096,T03,2024-03,GlucoCare,13,612.18
D0096,T03,2024-03,DiabetoShield,8,552.19
D0096,T03,2024-03,SugarBlock,11,673.73
D0096,T03,2024-04,GlucoCare,9,603.73
D0096,T03,2024-04,DiabetoShield,17,571.56
D0096,T03,2024-04,SugarBlock,3,671.69
D0096,T03,2024-05,GlucoCare,12,604.54
D0096,T03,2024-05,DiabetoShield,9,545.82
D0096,T03,2024-05,SugarBlock,10,696.02
D0096,T03,2024-06,GlucoCare,9,618.48
D0096,T03,2024-06,DiabetoShield,15,556.75
D0096,T03,2024-06,SugarBlock,3,701.21
D0096,T03,2024-07,GlucoCare,12,619.15
D0096,T03,2024-07,DiabetoShield,8,557.5
D0096,T03,2024-07,SugarBlock,12,698.91
D0096,T03,2024-08,GlucoCare,12,613.87
D0096,T03,2024-08,DiabetoShield,17,551.6
D0096,T03,2024-08,SugarBlock,3,705.1
D0096,T03,2024-09,GlucoCare,10,602.28
D0096,T03,2024-09,DiabetoShield,8,564.56
D0096,T03,2024-09,SugarBlock,8,671.21
D0096,T03,2024-10,GlucoCare,8,605.99
D0096,T03,2024-10,DiabetoShield,2,550.99
D0096,T03,2024-10,SugarBlock,17,679.33
D0096,T03,2024-11,GlucoCare,10,623.43
D0096,T03,2024-11,DiabetoShield,7,563.63
D0096,T03,2024-11,SugarBlock,13,708.2
D0096,T03,2024-12,GlucoCare,12,630.46
D0096,T03,2024-12,DiabetoShield,4,543.98
D0096,T03,2024-12,SugarBlock,14,686.2
D0097,T01,2024-01,GlucoCare,22,609.43
D0097,T01,2024-01,DiabetoShield,10,543.32
D0097,T01,2024-01,SugarBlock,19,707.52
D0097,T01,2024-02,GlucoCare,26,626.11
D0097,T01,2024-02,DiabetoShield,4,548.16
D0097,T01,2024-02,SugarBlock,25,676.94
D0097,T01,2024-03,GlucoCare,15,612.0
D0097,T01,2024-03,DiabetoShield,20,549.67
D0097,T01,2024-03,SugarBlock,7,702.79
D0097,T01,2024-04,GlucoCare,17,637.86
D0097,T01,2024-04,DiabetoShield,11,557.53
D0097,T01,2024-04,SugarBlock,15,679.34
D0097,T01,2024-05,GlucoCare,23,612.19
D0097,T01,2024-05,DiabetoShield,0,574.04
D0097,T01,2024-05,SugarBlock,29,697.01
D0097,T01,2024-06,GlucoCare,25,635.52
D0097,T01,2024-06,DiabetoShield,5,568.66
D0097,T01,2024-06,SugarBlock,25,680.21
D0097,T01,2024-07,GlucoCare,19,609.94
D0097,T01,2024-07,DiabetoShield,24,569.85
D0097,T01,2024-07,SugarBlock,4,706.3
D0097,T01,2024-08,GlucoCare,21,604.89
D0097,T01,2024-08,DiabetoShield,20,552.0
D0097,T01,2024-08,SugarBlock,8,682.64
D0097,T01,2024-09,GlucoCare,23,627.39
D0097,T01,2024-09,DiabetoShield,2,550.7
D0097,T01,2024-09,SugarBlock,26,689.19
D0097,T01,2024-10,GlucoCare,24,620.06
D0097,T01,2024-10,DiabetoShield,19,572.64
D0097,T01,2024-10,SugarBlock,10,670.43
D0097,T01,2024-11,GlucoCare,24,619.86
D0097,T01,2024-11,DiabetoShield,4,560.15
D0097,T01,2024-11,SugarBlock,26,685.43
D0097,T01,2024-12,GlucoCare,18,604.65
D0097,T01,2024-12,DiabetoShield,10,556.69
D0097,T01,2024-12,SugarBlock,16,699.1
D0098,T02,2024-01,GlucoCare,11,638.1
D0098,T02,2024-01,DiabetoShield,4,575.44
D0098,T02,2024-01,SugarBlock,13,707.18
D0098,T02,2024-02,GlucoCare,13,634.21
D0098,T02,2024-02,DiabetoShield,1,545.53
D0098,T02,2024-02,SugarBlock,19,706.91
D0098,T02,2024-03,GlucoCare,16,610.52
D0098,T02,2024-03,DiabetoShield,16,571.37
D0098,T02,2024-03,SugarBlock,5,700.1
D0098,T02,2024-04,GlucoCare,12,632.36
D0098,T02,2024-04,DiabetoShield,14,559.53
D0098,T02,2024-04,SugarBlock,7,686.89
D0098,T02,2024-05,GlucoCare,10,623.69
D0098,T02,2024-05,DiabetoShield,11,572.17
D0098,T02,2024-05,SugarBlock,7,696.11
D0098,T02,2024-06,GlucoCare,13,619.23
D0098,T02,2024-06,DiabetoShield,18,549.45
D0098,T02,2024-06,SugarBlock,3,691.97
D0098,T02,2024-07,GlucoCare,13,638.08
D0098,T02,2024-07,DiabetoShield,5,551.25
D0098,T02,2024-07,SugarBlock,15,701.28
D0098,T02,2024-08,GlucoCare,10,631.24
D0098,T02,2024-08,DiabetoShield,1,575.36
D0098,T02,2024-08,SugarBlock,16,702.69
D0098,T02,2024-09,GlucoCare,12,624.81
D0098,T02,2024-09,DiabetoShield,13,559.86
D0098,T02,2024-09,SugarBlock,5,687.28
D0098,T02,2024-10,GlucoCare,12,624.56
D0098,T02,2024-10,DiabetoShield,0,550.84
D0098,T02,2024-10,SugarBlock,19,682.91
D0098,T02,2024-11,GlucoCare,10,634.01
D0098,T02,2024-11,DiabetoShield,9,546.12
D0098,T02,2024-11,SugarBlock,9,707.67
D0098,T02,2024-12,GlucoCare,11,628.23
D0098,T02,2024-12,DiabetoShield,2,544.17
D0098,T02,2024-12,SugarBlock,16,689.81
D0099,T01,2024-01,GlucoCare,14,609.43
D0099,T01,2024-01,DiabetoShield,9,543.32
D0099,T01,2024-01,SugarBlock,50,707.52
D0099,T01,2024-02,GlucoCare,27,626.11
D0099,T01,2024-02,DiabetoShield,22,548.16
D0099,T01,2024-02,SugarBlock,39,676.94
D0099,T01,2024-03,GlucoCare,19,612.0
D0099,T01,2024-03,DiabetoShield,41,549.67
D0099,T01,2024-03,SugarBlock,20,702.79
D0099,T01,2024-04,GlucoCare,26,637.86
D0099,T01,2024-04,DiabetoShield,27,557.53
D0099,T01,2024-04,SugarBlock,35,679.34
D0099,T01,2024-05,GlucoCare,38,612.19
D0099,T01,2024-05,DiabetoShield,49,574.04
D0099,T01,2024-05,SugarBlock,26,697.01
D0099,T01,2024-06,GlucoCare,20,635.52
D0099,T01,2024-06,DiabetoShield,13,568.66
D0099,T01,2024-06,SugarBlock,43,680.21
D0099,T01,2024-07,GlucoCare,23,609.94
D0099,T01,2024-07,DiabetoShield,23,569.85
D0099,T01,2024-07,SugarBlock,49,706.3
D0099,T01,2024-08,GlucoCare,30,604.89
D0099,T01,2024-08,DiabetoShield,47,552.0
D0099,T01,2024-08,SugarBlock,17,682.64
D0099,T01,2024-09,GlucoCare,28,627.39
D0099,T01,2024-09,DiabetoShield,41,550.7
D0099,T01,2024-09,SugarBlock,11,689.19
D0099,T01,2024-10,GlucoCare,27,620.06
D0099,T01,2024-10,DiabetoShield,28,572.64
D0099,T01,2024-10,SugarBlock,38,670.43
D0099,T01,2024-11,GlucoCare,37,619.86
D0099,T01,2024-11,DiabetoShield,61,560.15
D0099,T01,2024-11,SugarBlock,3,685.43
D0099,T01,2024-12,GlucoCare,17,604.65
D0099,T01,2024-12,DiabetoShield,2,556.69
D0099,T01,2024-12,SugarBlock,59,699.1
D0100,T08,2024-01,GlucoCare,14,628.82
D0100,T08,2024-01,DiabetoShield,2,555.74
D0100,T08,2024-01,SugarBlock,31,710.43
D0100,T08,2024-02,GlucoCare,10,619.89
D0100,T08,2024-02,DiabetoShield,3,576.63
D0100,T08,2024-02,SugarBlock,32,702.8
D0100,T08,2024-03,GlucoCare,11,608.44
D0100,T08,2024-03,DiabetoShield,3,573.31
D0100,T08,2024-03,SugarBlock,23,687.25
D0100,T08,2024-04,GlucoCare,8,636.52
D0100,T08,2024-04,DiabetoShield,5,556.39
D0100,T08,2024-04,SugarBlock,23,701.72
D0100,T08,2024-05,GlucoCare,12,628.79
D0100,T08,2024-05,DiabetoShield,25,552.07
D0100,T08,2024-05,SugarBlock,7,672.19
D0100,T08,2024-06,GlucoCare,9,607.82
D0100,T08,2024-06,DiabetoShield,14,556.23
D0100,T08,2024-06,SugarBlock,13,706.85
D0100,T08,2024-07,GlucoCare,12,620.8
D0100,T08,2024-07,DiabetoShield,2,574.08
D0100,T08,2024-07,SugarBlock,23,704.0
D0100,T08,2024-08,GlucoCare,11,635.05
D0100,T08,2024-08,DiabetoShield,23,562.38
D0100,T08,2024-08,SugarBlock,3,695.84
D0100,T08,2024-09,GlucoCare,11,625.84
D0100,T08,2024-09,DiabetoShield,21,575.34
D0100,T08,2024-09,SugarBlock,11,704.58
D0100,T08,2024-10,GlucoCare,12,623.58
D0100,T08,2024-10,DiabetoShield,19,563.96
D0100,T08,2024-10,SugarBlock,15,693.21
D0100,T08,2024-11,GlucoCare,12,626.91
D0100,T08,2024-11,DiabetoShield,20,571.35
D0100,T08,2024-11,SugarBlock,12,670.16
D0100,T08,2024-12,GlucoCare,15,624.64
D0100,T08,2024-12,DiabetoShield,16,566.48
D0100,T08,2024-12,SugarBlock,17,673.75
D0101,T01,2024-01,GlucoCare,11,609.43
D0101,T01,2024-01,DiabetoShield,17,543.32
D0101,T01,2024-01,SugarBlock,9,707.52
D0101,T01,2024-02,GlucoCare,15,626.11
D0101,T01,2024-02,DiabetoShield,21,548.16
D0101,T01,2024-02,SugarBlock,6,676.94
D0101,T01,2024-03,GlucoCare,16,612.0
D0101,T01,2024-03,DiabetoShield,20,549.67
D0101,T01,2024-03,SugarBlock,9,702.79
D0101,T01,2024-04,GlucoCare,15,637.86
D0101,T01,2024-04,DiabetoShield,5,557.53
D0101,T01,2024-04,SugarBlock,24,679.34
D0101,T01,2024-05,GlucoCare,13,612.19
D0101,T01,2024-05,DiabetoShield,18,574.04
D0101,T01,2024-05,SugarBlock,9,697.01
D0101,T01,2024-06,GlucoCare,13,635.52
D0101,T01,2024-06,DiabetoShield,18,568.66
D0101,T01,2024-06,SugarBlock,11,680.21
D0101,T01,2024-07,GlucoCare,14,609.94
D0101,T01,2024-07,DiabetoShield,11,569.85
D0101,T01,2024-07,SugarBlock,12,706.3
D0101,T01,2024-08,GlucoCare,15,604.89
D0101,T01,2024-08,DiabetoShield,17,552.0
D0101,T01,2024-08,SugarBlock,5,682.64
D0101,T01,2024-09,GlucoCare,18,627.39
D0101,T01,2024-09,DiabetoShield,13,550.7
D0101,T01,2024-09,SugarBlock,17,689.19
D0101,T01,2024-10,GlucoCare,19,620.06
D0101,T01,2024-10,DiabetoShield,3,572.64
D0101,T01,2024-10,SugarBlock,25,670.43
D0101,T01,2024-11,GlucoCare,12,619.86
D0101,T01,2024-11,DiabetoShield,7,560.15
D0101,T01,2024-11,SugarBlock,19,685.43
D0101,T01,2024-12,GlucoCare,14,604.65
D0101,T01,2024-12,DiabetoShield,14,556.69
D0101,T01,2024-12,SugarBlock,13,699.1
D0102,T07,2024-01,GlucoCare,8,613.28
D0102,T07,2024-01,DiabetoShield,12,543.71
D0102,T07,2024-01,SugarBlock,6,677.97
D0102,T07,2024-02,GlucoCare,8,612.1
D0102,T07,2024-02,DiabetoShield,9,573.04
D0102,T07,2024-02,SugarBlock,7,707.05
D0102,T07,2024-03,GlucoCare,6,610.51
D0102,T07,2024-03,DiabetoShield,9,551.66
D0102,T07,2024-03,SugarBlock,6,687.12
D0102,T07,2024-04,GlucoCare,8,611.2
D0102,T07,2024-04,DiabetoShield,4,570.85
D0102,T07,2024-04,SugarBlock,13,698.24
D0102,T07,2024-05,GlucoCare,10,636.2
D0102,T07,2024-05,DiabetoShield,11,557.23
D0102,T07,2024-05,SugarBlock,7,710.52
D0102,T07,2024-06,GlucoCare,8,616.5
D0102,T07,2024-06,DiabetoShield,18,551.15
D0102,T07,2024-06,SugarBlock,1,703.48
D0102,T07,2024-07,GlucoCare,8,626.91
D0102,T07,2024-07,DiabetoShield,10,558.06
D0102,T07,2024-07,SugarBlock,8,695.42
D0102,T07,2024-08,GlucoCare,7,603.04
D0102,T07,2024-08,DiabetoShield,7,561.75
D0102,T07,2024-08,SugarBlock,9,670.02
D0102,T07,2024-09,GlucoCare,6,620.92
D0102,T07,2024-09,DiabetoShield,3,571.9
D0102,T07,2024-09,SugarBlock,17,672.66
D0102,T07,2024-10,GlucoCare,9,612.68
D0102,T07,2024-10,DiabetoShield,20,554.25
D0102,T07,2024-10,SugarBlock,1,673.03
D0102,T07,2024-11,GlucoCare,7,621.64
D0102,T07,2024-11,DiabetoShield,18,570.54
D0102,T07,2024-11,SugarBlock,2,694.51
D0102,T07,2024-12,GlucoCare,11,605.15
D0102,T07,2024-12,DiabetoShield,3,551.02
D0102,T07,2024-12,SugarBlock,16,688.97
D0103,T08,2024-01,GlucoCare,10,628.82
D0103,T08,2024-01,DiabetoShield,15,555.74
D0103,T08,2024-01,SugarBlock,1,710.43
D0103,T08,2024-02,GlucoCare,11,619.89
D0103,T08,2024-02,DiabetoShield,11,576.63
D0103,T08,2024-02,SugarBlock,6,702.8
D0103,T08,2024-03,GlucoCare,10,608.44
D0103,T08,2024-03,DiabetoShield,13,573.31
D0103,T08,2024-03,SugarBlock,3,687.25
D0103,T08,2024-04,GlucoCare,13,636.52
D0103,T08,2024-04,DiabetoShield,10,556.39
D0103,T08,2024-04,SugarBlock,8,701.72
D0103,T08,2024-05,GlucoCare,14,628.79
D0103,T08,2024-05,DiabetoShield,3,552.07
D0103,T08,2024-05,SugarBlock,14,672.19
D0103,T08,2024-06,GlucoCare,12,607.82
D0103,T08,2024-06,DiabetoShield,11,556.23
D0103,T08,2024-06,SugarBlock,7,706.85
D0103,T08,2024-07,GlucoCare,11,620.8
D0103,T08,2024-07,DiabetoShield,2,574.08
D0103,T08,2024-07,SugarBlock,17,704.0
D0103,T08,2024-08,GlucoCare,14,635.05
D0103,T08,2024-08,DiabetoShield,2,562.38
D0103,T08,2024-08,SugarBlock,13,695.84
D0103,T08,2024-09,GlucoCare,9,625.84
D0103,T08,2024-09,DiabetoShield,8,575.34
D0103,T08,2024-09,SugarBlock,7,704.58
D0103,T08,2024-10,GlucoCare,13,623.58
D0103,T08,2024-10,DiabetoShield,9,563.96
D0103,T08,2024-10,SugarBlock,7,693.21
D0103,T08,2024-11,GlucoCare,8,626.91
D0103,T08,2024-11,DiabetoShield,10,571.35
D0103,T08,2024-11,SugarBlock,4,670.16
D0103,T08,2024-12,GlucoCare,11,624.64
D0103,T08,2024-12,DiabetoShield,8,566.48
D0103,T08,2024-12,SugarBlock,6,673.75
D0104,T03,2024-01,GlucoCare,19,618.03
D0104,T03,2024-01,DiabetoShield,21,564.57
D0104,T03,2024-01,SugarBlock,7,686.67
D0104,T03,2024-02,GlucoCare,16,637.81
D0104,T03,2024-02,DiabetoShield,8,558.6
D0104,T03,2024-02,SugarBlock,17,670.51
D0104,T03,2024-03,GlucoCare,20,612.18
D0104,T03,2024-03,DiabetoShield,15,552.19
D0104,T03,2024-03,SugarBlock,7,673.73
D0104,T03,2024-04,GlucoCare,19,603.73
D0104,T03,2024-04,DiabetoShield,23,571.56
D0104,T03,2024-04,SugarBlock,1,671.69
D0104,T03,2024-05,GlucoCare,17,604.54
D0104,T03,2024-05,DiabetoShield,16,545.82
D0104,T03,2024-05,SugarBlock,2,696.02
D0104,T03,2024-06,GlucoCare,14,618.48
D0104,T03,2024-06,DiabetoShield,26,556.75
D0104,T03,2024-06,SugarBlock,1,701.21
D0104,T03,2024-07,GlucoCare,15,619.15
D0104,T03,2024-07,DiabetoShield,6,557.5
D0104,T03,2024-07,SugarBlock,13,698.91
D0104,T03,2024-08,GlucoCare,18,613.87
D0104,T03,2024-08,DiabetoShield,18,551.6
D0104,T03,2024-08,SugarBlock,5,705.1
D0104,T03,2024-09,GlucoCare,18,602.28
D0104,T03,2024-09,DiabetoShield,25,564.56
D0104,T03,2024-09,SugarBlock,2,671.21
D0104,T03,2024-10,GlucoCare,16,605.99
D0104,T03,2024-10,DiabetoShield,5,550.99
D0104,T03,2024-10,SugarBlock,17,679.33
D0104,T03,2024-11,GlucoCare,17,623.43
D0104,T03,2024-11,DiabetoShield,4,563.63
D0104,T03,2024-11,SugarBlock,21,708.2
D0104,T03,2024-12,GlucoCare,18,630.46
D0104,T03,2024-12,DiabetoShield,18,543.98
D0104,T03,2024-12,SugarBlock,8,686.2
D0105,T03,2024-01,GlucoCare,11,618.03
D0105,T03,2024-01,DiabetoShield,7,564.57
D0105,T03,2024-01,SugarBlock,9,686.67
D0105,T03,2024-02,GlucoCare,12,637.81
D0105,T03,2024-02,DiabetoShield,14,558.6
D0105,T03,2024-02,SugarBlock,1,670.51
D0105,T03,2024-03,GlucoCare,13,612.18
D0105,T03,2024-03,DiabetoShield,1,552.19
D0105,T03,2024-03,SugarBlock,15,673.73
D0105,T03,2024-04,GlucoCare,9,603.73
D0105,T03,2024-04,DiabetoShield,9,571.56
D0105,T03,2024-04,SugarBlock,9,671.69
D0105,T03,2024-05,GlucoCare,11,604.54
D0105,T03,2024-05,DiabetoShield,2,545.82
D0105,T03,2024-05,SugarBlock,16,696.02
D0105,T03,2024-06,GlucoCare,11,618.48
D0105,T03,2024-06,DiabetoShield,14,556.75
D0105,T03,2024-06,SugarBlock,1,701.21
D0105,T03,2024-07,GlucoCare,12,619.15
D0105,T03,2024-07,DiabetoShield,16,557.5
D0105,T03,2024-07,SugarBlock,0,698.91
D0105,T03,2024-08,GlucoCare,13,613.87
D0105,T03,2024-08,DiabetoShield,3,551.6
D0105,T03,2024-08,SugarBlock,13,705.1
D0105,T03,2024-09,GlucoCare,12,602.28
D0105,T03,2024-09,DiabetoShield,5,564.56
D0105,T03,2024-09,SugarBlock,13,671.21
D0105,T03,2024-10,GlucoCare,8,605.99
D0105,T03,2024-10,DiabetoShield,14,550.99
D0105,T03,2024-10,SugarBlock,0,679.33
D0105,T03,2024-11,GlucoCare,10,623.43
D0105,T03,2024-11,DiabetoShield,10,563.63
D0105,T03,2024-11,SugarBlock,6,708.2
D0105,T03,2024-12,GlucoCare,9,630.46
D0105,T03,2024-12,DiabetoShield,14,543.98
D0105,T03,2024-12,SugarBlock,1,686.2
D0106,T03,2024-01,GlucoCare,18,618.03
D0106,T03,2024-01,DiabetoShield,3,564.57
D0106,T03,2024-01,SugarBlock,23,686.67
D0106,T03,2024-02,GlucoCare,16,637.81
D0106,T03,2024-02,DiabetoShield,19,558.6
D0106,T03,2024-02,SugarBlock,8,670.51
D0106,T03,2024-03,GlucoCare,13,612.18
D0106,T03,2024-03,DiabetoShield,12,552.19
D0106,T03,2024-03,SugarBlock,11,673.73
D0106,T03,2024-04,GlucoCare,18,603.73
D0106,T03,2024-04,DiabetoShield,2,571.56
D0106,T03,2024-04,SugarBlock,27,671.69
D0106,T03,2024-05,GlucoCare,14,604.54
D0106,T03,2024-05,DiabetoShield,11,545.82
D0106,T03,2024-05,SugarBlock,8,696.02
D0106,T03,2024-06,GlucoCare,16,618.48
D0106,T03,2024-06,DiabetoShield,5,556.75
D0106,T03,2024-06,SugarBlock,23,701.21
D0106,T03,2024-07,GlucoCare,21,619.15
D0106,T03,2024-07,DiabetoShield,15,557.5
D0106,T03,2024-07,SugarBlock,9,698.91
D0106,T03,2024-08,GlucoCare,18,613.87
D0106,T03,2024-08,DiabetoShield,9,551.6
D0106,T03,2024-08,SugarBlock,21,705.1
D0106,T03,2024-09,GlucoCare,13,602.28
D0106,T03,2024-09,DiabetoShield,4,564.56
D0106,T03,2024-09,SugarBlock,17,671.21
D0106,T03,2024-10,GlucoCare,3,605.99
D0106,T03,2024-10,DiabetoShield,28,550.99
D0106,T03,2024-10,SugarBlock,6,679.33
D0106,T03,2024-11,GlucoCare,4,623.43
D0106,T03,2024-11,DiabetoShield,9,563.63
D0106,T03,2024-11,SugarBlock,26,708.2
D0106,T03,2024-12,GlucoCare,5,630.46
D0106,T03,2024-12,DiabetoShield,7,543.98
D0106,T03,2024-12,SugarBlock,22,686.2
D0107,T08,2024-01,GlucoCare,23,628.82
D0107,T08,2024-01,DiabetoShield,22,555.74
D0107,T08,2024-01,SugarBlock,11,710.43
D0107,T08,2024-02,GlucoCare,30,619.89
D0107,T08,2024-02,DiabetoShield,6,576.63
D0107,T08,2024-02,SugarBlock,33,702.8
D0107,T08,2024-03,GlucoCare,16,608.44
D0107,T08,2024-03,DiabetoShield,6,573.31
D0107,T08,2024-03,SugarBlock,21,687.25
D0107,T08,2024-04,GlucoCare,27,636.52
D0107,T08,2024-04,DiabetoShield,22,556.39
D0107,T08,2024-04,SugarBlock,14,701.72
D0107,T08,2024-05,GlucoCare,27,628.79
D0107,T08,2024-05,DiabetoShield,1,552.07
D0107,T08,2024-05,SugarBlock,38,672.19
D0107,T08,2024-06,GlucoCare,21,607.82
D0107,T08,2024-06,DiabetoShield,10,556.23
D0107,T08,2024-06,SugarBlock,22,706.85
D0107,T08,2024-07,GlucoCare,18,620.8
D0107,T08,2024-07,DiabetoShield,23,574.08
D0107,T08,2024-07,SugarBlock,7,704.0
D0107,T08,2024-08,GlucoCare,21,635.05
D0107,T08,2024-08,DiabetoShield,19,562.38
D0107,T08,2024-08,SugarBlock,10,695.84
D0107,T08,2024-09,GlucoCare,25,625.84
D0107,T08,2024-09,DiabetoShield,13,575.34
D0107,T08,2024-09,SugarBlock,21,704.58
D0107,T08,2024-10,GlucoCare,17,623.58
D0107,T08,2024-10,DiabetoShield,26,563.96
D0107,T08,2024-10,SugarBlock,2,693.21
D0107,T08,2024-11,GlucoCare,14,626.91
D0107,T08,2024-11,DiabetoShield,18,571.35
D0107,T08,2024-11,SugarBlock,7,670.16
D0107,T08,2024-12,GlucoCare,27,624.64
D0107,T08,2024-12,DiabetoShield,4,566.48
D0107,T08,2024-12,SugarBlock,31,673.75
D0108,T10,2024-01,GlucoCare,7,625.16
D0108,T10,2024-01,DiabetoShield,8,556.67
D0108,T10,2024-01,SugarBlock,6,706.76
D0108,T10,2024-02,GlucoCare,7,620.02
D0108,T10,2024-02,DiabetoShield,7,561.81
D0108,T10,2024-02,SugarBlock,6,694.63
D0108,T10,2024-03,GlucoCare,8,613.18
D0108,T10,2024-03,DiabetoShield,2,550.51
D0108,T10,2024-03,SugarBlock,15,692.26
D0108,T10,2024-04,GlucoCare,11,605.08
D0108,T10,2024-04,DiabetoShield,12,563.35
D0108,T10,2024-04,SugarBlock,6,692.18
D0108,T10,2024-05,GlucoCare,9,635.95
D0108,T10,2024-05,DiabetoShield,8,544.47
D0108,T10,2024-05,SugarBlock,8,679.63
D0108,T10,2024-06,GlucoCare,9,610.47
D0108,T10,2024-06,DiabetoShield,7,574.24
D0108,T10,2024-06,SugarBlock,8,689.61
D0108,T10,2024-07,GlucoCare,8,637.08
D0108,T10,2024-07,DiabetoShield,11,560.97
D0108,T10,2024-07,SugarBlock,5,678.12
D0108,T10,2024-08,GlucoCare,10,603.83
D0108,T10,2024-08,DiabetoShield,2,564.59
D0108,T10,2024-08,SugarBlock,14,707.67
D0108,T10,2024-09,GlucoCare,8,618.77
D0108,T10,2024-09,DiabetoShield,4,574.82
D0108,T10,2024-09,SugarBlock,11,686.21
D0108,T10,2024-10,GlucoCare,8,601.68
D0108,T10,2024-10,DiabetoShield,10,573.58
D0108,T10,2024-10,SugarBlock,3,687.63
D0108,T10,2024-11,GlucoCare,9,614.55
D0108,T10,2024-11,DiabetoShield,2,576.61
D0108,T10,2024-11,SugarBlock,13,687.55
D0108,T10,2024-12,GlucoCare,9,607.8
D0108,T10,2024-12,DiabetoShield,10,555.29
D0108,T10,2024-12,SugarBlock,5,692.56
D0109,T08,2024-01,GlucoCare,11,628.82
D0109,T08,2024-01,DiabetoShield,5,555.74
D0109,T08,2024-01,SugarBlock,11,710.43
D0109,T08,2024-02,GlucoCare,5,619.89
D0109,T08,2024-02,DiabetoShield,8,576.63
D0109,T08,2024-02,SugarBlock,6,702.8
D0109,T08,2024-03,GlucoCare,9,608.44
D0109,T08,2024-03,DiabetoShield,7,573.31
D0109,T08,2024-03,SugarBlock,8,687.25
D0109,T08,2024-04,GlucoCare,10,636.52
D0109,T08,2024-04,DiabetoShield,2,556.39
D0109,T08,2024-04,SugarBlock,13,701.72
D0109,T08,2024-05,GlucoCare,7,628.79
D0109,T08,2024-05,DiabetoShield,8,552.07
D0109,T08,2024-05,SugarBlock,7,672.19
D0109,T08,2024-06,GlucoCare,13,607.82
D0109,T08,2024-06,DiabetoShield,16,556.23
D0109,T08,2024-06,SugarBlock,1,706.85
D0109,T08,2024-07,GlucoCare,8,620.8
D0109,T08,2024-07,DiabetoShield,12,574.08
D0109,T08,2024-07,SugarBlock,1,704.0
D0109,T08,2024-08,GlucoCare,6,635.05
D0109,T08,2024-08,DiabetoShield,14,562.38
D0109,T08,2024-08,SugarBlock,0,695.84
D0109,T08,2024-09,GlucoCare,11,625.84
D0109,T08,2024-09,DiabetoShield,14,575.34
D0109,T08,2024-09,SugarBlock,6,704.58
D0109,T08,2024-10,GlucoCare,9,623.58
D0109,T08,2024-10,DiabetoShield,1,563.96
D0109,T08,2024-10,SugarBlock,13,693.21
D0109,T08,2024-11,GlucoCare,10,626.91
D0109,T08,2024-11,DiabetoShield,13,571.35
D0109,T08,2024-11,SugarBlock,3,670.16
D0109,T08,2024-12,GlucoCare,9,624.64
D0109,T08,2024-12,DiabetoShield,12,566.48
D0109,T08,2024-12,SugarBlock,2,673.75
D0110,T03,2024-01,GlucoCare,15,618.03
D0110,T03,2024-01,DiabetoShield,1,564.57
D0110,T03,2024-01,SugarBlock,22,686.67
D0110,T03,2024-02,GlucoCare,14,637.81
D0110,T03,2024-02,DiabetoShield,2,558.6
D0110,T03,2024-02,SugarBlock,18,670.51
D0110,T03,2024-03,GlucoCare,12,612.18
D0110,T03,2024-03,DiabetoShield,22,552.19
D0110,T03,2024-03,SugarBlock,2,673.73
D0110,T03,2024-04,GlucoCare,14,603.73
D0110,T03,2024-04,DiabetoShield,23,571.56
D0110,T03,2024-04,SugarBlock,0,671.69
D0110,T03,2024-05,GlucoCare,18,604.54
D0110,T03,2024-05,DiabetoShield,8,545.82
D0110,T03,2024-05,SugarBlock,11,696.02
D0110,T03,2024-06,GlucoCare,21,618.48
D0110,T03,2024-06,DiabetoShield,19,556.75
D0110,T03,2024-06,SugarBlock,6,701.21
D0110,T03,2024-07,GlucoCare,21,619.15
D0110,T03,2024-07,DiabetoShield,17,557.5
D0110,T03,2024-07,SugarBlock,5,698.91
D0110,T03,2024-08,GlucoCare,16,613.87
D0110,T03,2024-08,DiabetoShield,18,551.6
D0110,T03,2024-08,SugarBlock,6,705.1
D0110,T03,2024-09,GlucoCare,19,602.28
D0110,T03,2024-09,DiabetoShield,24,564.56
D0110,T03,2024-09,SugarBlock,1,671.21
D0110,T03,2024-10,GlucoCare,11,605.99
D0110,T03,2024-10,DiabetoShield,14,550.99
D0110,T03,2024-10,SugarBlock,8,679.33
D0110,T03,2024-11,GlucoCare,16,623.43
D0110,T03,2024-11,DiabetoShield,6,563.63
D0110,T03,2024-11,SugarBlock,14,708.2
D0110,T03,2024-12,GlucoCare,13,630.46
D0110,T03,2024-12,DiabetoShield,19,543.98
D0110,T03,2024-12,SugarBlock,1,686.2
D0111,T08,2024-01,GlucoCare,13,628.82
D0111,T08,2024-01,DiabetoShield,8,555.74
D0111,T08,2024-01,SugarBlock,8,710.43
D0111,T08,2024-02,GlucoCare,13,619.89
D0111,T08,2024-02,DiabetoShield,1,576.63
D0111,T08,2024-02,SugarBlock,18,702.8
D0111,T08,2024-03,GlucoCare,14,608.44
D0111,T08,2024-03,DiabetoShield,13,573.31
D0111,T08,2024-03,SugarBlock,6,687.25
D0111,T08,2024-04,GlucoCare,17,636.52
D0111,T08,2024-04,DiabetoShield,18,556.39
D0111,T08,2024-04,SugarBlock,2,701.72
D0111,T08,2024-05,GlucoCare,18,628.79
D0111,T08,2024-05,DiabetoShield,16,552.07
D0111,T08,2024-05,SugarBlock,5,672.19
D0111,T08,2024-06,GlucoCare,16,607.82
D0111,T08,2024-06,DiabetoShield,7,556.23
D0111,T08,2024-06,SugarBlock,17,706.85
D0111,T08,2024-07,GlucoCare,13,620.8
D0111,T08,2024-07,DiabetoShield,3,574.08
D0111,T08,2024-07,SugarBlock,20,704.0
D0111,T08,2024-08,GlucoCare,4,635.05
D0111,T08,2024-08,DiabetoShield,14,562.38
D0111,T08,2024-08,SugarBlock,12,695.84
D0111,T08,2024-09,GlucoCare,4,625.84
D0111,T08,2024-09,DiabetoShield,6,575.34
D0111,T08,2024-09,SugarBlock,31,704.58
D0111,T08,2024-10,GlucoCare,4,623.58
D0111,T08,2024-10,DiabetoShield,4,563.96
D0111,T08,2024-10,SugarBlock,29,693.21
D0111,T08,2024-11,GlucoCare,6,626.91
D0111,T08,2024-11,DiabetoShield,3,571.35
D0111,T08,2024-11,SugarBlock,29,670.16
D0111,T08,2024-12,GlucoCare,4,624.64
D0111,T08,2024-12,DiabetoShield,4,566.48
D0111,T08,2024-12,SugarBlock,23,673.75
D0112,T08,2024-01,GlucoCare,12,628.82
D0112,T08,2024-01,DiabetoShield,0,555.74
D0112,T08,2024-01,SugarBlock,25,710.43
D0112,T08,2024-02,GlucoCare,13,619.89
D0112,T08,2024-02,DiabetoShield,14,576.63
D0112,T08,2024-02,SugarBlock,13,702.8
D0112,T08,2024-03,GlucoCare,17,608.44
D0112,T08,2024-03,DiabetoShield,20,573.31
D0112,T08,2024-03,SugarBlock,5,687.25
D0112,T08,2024-04,GlucoCare,14,636.52
D0112,T08,2024-04,DiabetoShield,27,556.39
D0112,T08,2024-04,SugarBlock,0,701.72
D0112,T08,2024-05,GlucoCare,15,628.79
D0112,T08,2024-05,DiabetoShield,6,552.07
D0112,T08,2024-05,SugarBlock,23,672.19
D0112,T08,2024-06,GlucoCare,17,607.82
D0112,T08,2024-06,DiabetoShield,19,556.23
D0112,T08,2024-06,SugarBlock,5,706.85
D0112,T08,2024-07,GlucoCare,17,620.8
D0112,T08,2024-07,DiabetoShield,17,574.08
D0112,T08,2024-07,SugarBlock,10,704.0
D0112,T08,2024-08,GlucoCare,15,635.05
D0112,T08,2024-08,DiabetoShield,1,562.38
D0112,T08,2024-08,SugarBlock,25,695.84
D0112,T08,2024-09,GlucoCare,18,625.84
D0112,T08,2024-09,DiabetoShield,2,575.34
D0112,T08,2024-09,SugarBlock,26,704.58
D0112,T08,2024-10,GlucoCare,17,623.58
D0112,T08,2024-10,DiabetoShield,6,563.96
D0112,T08,2024-10,SugarBlock,21,693.21
D0112,T08,2024-11,GlucoCare,16,626.91
D0112,T08,2024-11,DiabetoShield,20,571.35
D0112,T08,2024-11,SugarBlock,2,670.16
D0112,T08,2024-12,GlucoCare,12,624.64
D0112,T08,2024-12,DiabetoShield,3,566.48
D0112,T08,2024-12,SugarBlock,20,673.75
D0113,T05,2024-01,GlucoCare,13,607.18
D0113,T05,2024-01,DiabetoShield,13,561.75
D0113,T05,2024-01,SugarBlock,5,704.7
D0113,T05,2024-02,GlucoCare,16,607.49
D0113,T05,2024-02,DiabetoShield,4,572.35
D0113,T05,2024-02,SugarBlock,17,705.77
D0113,T05,2024-03,GlucoCare,12,605.55
D0113,T05,2024-03,DiabetoShield,19,571.81
D0113,T05,2024-03,SugarBlock,0,670.26
D0113,T05,2024-04,GlucoCare,17,624.48
D0113,T05,2024-04,DiabetoShield,0,562.53
D0113,T05,2024-04,SugarBlock,22,708.85
D0113,T05,2024-05,GlucoCare,16,623.6
D0113,T05,2024-05,DiabetoShield,5,558.45
D0113,T05,2024-05,SugarBlock,13,677.2
D0113,T05,2024-06,GlucoCare,5,628.15
D0113,T05,2024-06,DiabetoShield,3,464.01
D0113,T05,2024-06,SugarBlock,20,594.89
D0113,T05,2024-07,GlucoCare,5,616.49
D0113,T05,2024-07,DiabetoShield,10,428.81
D0113,T05,2024-07,SugarBlock,17,541.64
D0113,T05,2024-08,GlucoCare,2,636.9
D0113,T05,2024-08,DiabetoShield,7,433.77
D0113,T05,2024-08,SugarBlock,21,567.81
D0113,T05,2024-09,GlucoCare,5,607.16
D0113,T05,2024-09,DiabetoShield,7,438.35
D0113,T05,2024-09,SugarBlock,13,567.38
D0113,T05,2024-10,GlucoCare,4,614.58
D0113,T05,2024-10,DiabetoShield,12,430.86
D0113,T05,2024-10,SugarBlock,13,550.99
D0113,T05,2024-11,GlucoCare,7,614.85
D0113,T05,2024-11,DiabetoShield,25,420.62
D0113,T05,2024-11,SugarBlock,8,554.11
D0113,T05,2024-12,GlucoCare,5,607.68
D0113,T05,2024-12,DiabetoShield,11,466.31
D0113,T05,2024-12,SugarBlock,15,509.23
D0114,T02,2024-01,GlucoCare,15,638.1
D0114,T02,2024-01,DiabetoShield,14,575.44
D0114,T02,2024-01,SugarBlock,3,707.18
D0114,T02,2024-02,GlucoCare,10,634.21
D0114,T02,2024-02,DiabetoShield,2,545.53
D0114,T02,2024-02,SugarBlock,12,706.91
D0114,T02,2024-03,GlucoCare,12,610.52
D0114,T02,2024-03,DiabetoShield,8,571.37
D0114,T02,2024-03,SugarBlock,5,700.1
D0114,T02,2024-04,GlucoCare,11,632.36
D0114,T02,2024-04,DiabetoShield,10,559.53
D0114,T02,2024-04,SugarBlock,4,686.89
D0114,T02,2024-05,GlucoCare,3,623.69
D0114,T02,2024-05,DiabetoShield,1,572.17
D0114,T02,2024-05,SugarBlock,24,696.11
D0114,T02,2024-06,GlucoCare,4,619.23
D0114,T02,2024-06,DiabetoShield,19,549.45
D0114,T02,2024-06,SugarBlock,6,691.97
D0114,T02,2024-07,GlucoCare,4,638.08
D0114,T02,2024-07,DiabetoShield,22,551.25
D0114,T02,2024-07,SugarBlock,5,701.28
D0114,T02,2024-08,GlucoCare,2,631.24
D0114,T02,2024-08,DiabetoShield,6,575.36
D0114,T02,2024-08,SugarBlock,21,702.69
D0114,T02,2024-09,GlucoCare,2,624.81
D0114,T02,2024-09,DiabetoShield,22,559.86
D0114,T02,2024-09,SugarBlock,2,687.28
D0114,T02,2024-10,GlucoCare,2,624.56
D0114,T02,2024-10,DiabetoShield,16,550.84
D0114,T02,2024-10,SugarBlock,6,682.91
D0114,T02,2024-11,GlucoCare,2,634.01
D0114,T02,2024-11,DiabetoShield,23,546.12
D0114,T02,2024-11,SugarBlock,5,707.67
D0114,T02,2024-12,GlucoCare,2,628.23
D0114,T02,2024-12,DiabetoShield,7,544.17
D0114,T02,2024-12,SugarBlock,18,689.81
D0115,T04,2024-01,GlucoCare,4,629.41
D0115,T04,2024-01,DiabetoShield,7,576.26
D0115,T04,2024-01,SugarBlock,3,687.25
D0115,T04,2024-02,GlucoCare,7,603.63
D0115,T04,2024-02,DiabetoShield,5,547.56
D0115,T04,2024-02,SugarBlock,7,700.46
D0115,T04,2024-03,GlucoCare,7,630.21
D0115,T04,2024-03,DiabetoShield,0,562.2
D0115,T04,2024-03,SugarBlock,9,696.25
D0115,T04,2024-04,GlucoCare,6,631.44
D0115,T04,2024-04,DiabetoShield,5,560.95
D0115,T04,2024-04,SugarBlock,4,680.33
D0115,T04,2024-05,GlucoCare,6,625.0
D0115,T04,2024-05,DiabetoShield,8,547.02
D0115,T04,2024-05,SugarBlock,2,698.83
D0115,T04,2024-06,GlucoCare,4,616.83
D0115,T04,2024-06,DiabetoShield,0,446.67
D0115,T04,2024-06,SugarBlock,11,562.6
D0115,T04,2024-07,GlucoCare,2,634.68
D0115,T04,2024-07,DiabetoShield,0,486.11
D0115,T04,2024-07,SugarBlock,12,582.06
D0115,T04,2024-08,GlucoCare,3,610.9
D0115,T04,2024-08,DiabetoShield,5,468.93
D0115,T04,2024-08,SugarBlock,6,538.59
D0115,T04,2024-09,GlucoCare,2,617.06
D0115,T04,2024-09,DiabetoShield,9,458.4
D0115,T04,2024-09,SugarBlock,2,547.24
D0115,T04,2024-10,GlucoCare,3,629.25
D0115,T04,2024-10,DiabetoShield,5,473.5
D0115,T04,2024-10,SugarBlock,7,517.62
D0115,T04,2024-11,GlucoCare,3,635.66
D0115,T04,2024-11,DiabetoShield,11,441.71
D0115,T04,2024-11,SugarBlock,3,572.72
D0115,T04,2024-12,GlucoCare,3,610.98
D0115,T04,2024-12,DiabetoShield,11,452.74
D0115,T04,2024-12,SugarBlock,2,588.28
D0116,T09,2024-01,GlucoCare,14,607.03
D0116,T09,2024-01,DiabetoShield,1,567.47
D0116,T09,2024-01,SugarBlock,22,683.8
D0116,T09,2024-02,GlucoCare,20,629.02
D0116,T09,2024-02,DiabetoShield,19,576.39
D0116,T09,2024-02,SugarBlock,3,699.29
D0116,T09,2024-03,GlucoCare,18,622.06
D0116,T09,2024-03,DiabetoShield,15,546.15
D0116,T09,2024-03,SugarBlock,10,703.58
D0116,T09,2024-04,GlucoCare,11,627.61
D0116,T09,2024-04,DiabetoShield,2,551.04
D0116,T09,2024-04,SugarBlock,19,704.36
D0116,T09,2024-05,GlucoCare,14,631.99
D0116,T09,2024-05,DiabetoShield,9,571.61
D0116,T09,2024-05,SugarBlock,16,685.58
D0116,T09,2024-06,GlucoCare,14,628.81
D0116,T09,2024-06,DiabetoShield,7,563.39
D0116,T09,2024-06,SugarBlock,17,680.47
D0116,T09,2024-07,GlucoCare,20,609.21
D0116,T09,2024-07,DiabetoShield,6,552.52
D0116,T09,2024-07,SugarBlock,24,669.51
D0116,T09,2024-08,GlucoCare,16,604.11
D0116,T09,2024-08,DiabetoShield,2,566.89
D0116,T09,2024-08,SugarBlock,23,707.51
D0116,T09,2024-09,GlucoCare,16,634.85
D0116,T09,2024-09,DiabetoShield,12,571.68
D0116,T09,2024-09,SugarBlock,17,682.64
D0116,T09,2024-10,GlucoCare,11,610.04
D0116,T09,2024-10,DiabetoShield,11,556.93
D0116,T09,2024-10,SugarBlock,10,697.21
D0116,T09,2024-11,GlucoCare,12,634.89
D0116,T09,2024-11,DiabetoShield,17,558.77
D0116,T09,2024-11,SugarBlock,7,706.34
D0116,T09,2024-12,GlucoCare,20,633.56
D0116,T09,2024-12,DiabetoShield,7,556.63
D0116,T09,2024-12,SugarBlock,19,674.56
D0117,T06,2024-01,GlucoCare,13,611.27
D0117,T06,2024-01,DiabetoShield,12,554.84
D0117,T06,2024-01,SugarBlock,5,690.22
D0117,T06,2024-02,GlucoCare,14,607.59
D0117,T06,2024-02,DiabetoShield,11,574.29
D0117,T06,2024-02,SugarBlock,6,675.89
D0117,T06,2024-03,GlucoCare,12,634.59
D0117,T06,2024-03,DiabetoShield,5,552.55
D0117,T06,2024-03,SugarBlock,12,693.38
D0117,T06,2024-04,GlucoCare,14,617.98
D0117,T06,2024-04,DiabetoShield,11,549.04
D0117,T06,2024-04,SugarBlock,7,674.05
D0117,T06,2024-05,GlucoCare,11,617.89
D0117,T06,2024-05,DiabetoShield,6,557.73
D0117,T06,2024-05,SugarBlock,8,670.85
D0117,T06,2024-06,GlucoCare,14,614.8
D0117,T06,2024-06,DiabetoShield,9,544.12
D0117,T06,2024-06,SugarBlock,5,671.82
D0117,T06,2024-07,GlucoCare,11,628.77
D0117,T06,2024-07,DiabetoShield,10,573.7
D0117,T06,2024-07,SugarBlock,8,677.41
D0117,T06,2024-08,GlucoCare,12,618.13
D0117,T06,2024-08,DiabetoShield,1,573.99
D0117,T06,2024-08,SugarBlock,16,682.39
D0117,T06,2024-09,GlucoCare,14,607.77
D0117,T06,2024-09,DiabetoShield,10,566.77
D0117,T06,2024-09,SugarBlock,8,679.38
D0117,T06,2024-10,GlucoCare,12,619.7
D0117,T06,2024-10,DiabetoShield,7,553.39
D0117,T06,2024-10,SugarBlock,11,685.51
D0117,T06,2024-11,GlucoCare,13,609.09
D0117,T06,2024-11,DiabetoShield,5,543.78
D0117,T06,2024-11,SugarBlock,10,685.03
D0117,T06,2024-12,GlucoCare,12,633.8
D0117,T06,2024-12,DiabetoShield,13,566.06
D0117,T06,2024-12,SugarBlock,1,705.71
D0118,T02,2024-01,GlucoCare,14,638.1
D0118,T02,2024-01,DiabetoShield,11,575.44
D0118,T02,2024-01,SugarBlock,11,707.18
D0118,T02,2024-02,GlucoCare,17,634.21
D0118,T02,2024-02,DiabetoShield,23,545.53
D0118,T02,2024-02,SugarBlock,1,706.91
D0118,T02,2024-03,GlucoCare,17,610.52
D0118,T02,2024-03,DiabetoShield,8,571.37
D0118,T02,2024-03,SugarBlock,17,700.1
D0118,T02,2024-04,GlucoCare,21,632.36
D0118,T02,2024-04,DiabetoShield,7,559.53
D0118,T02,2024-04,SugarBlock,16,686.89
D0118,T02,2024-05,GlucoCare,9,623.69
D0118,T02,2024-05,DiabetoShield,21,572.17
D0118,T02,2024-05,SugarBlock,0,696.11
D0118,T02,2024-06,GlucoCare,19,619.23
D0118,T02,2024-06,DiabetoShield,0,549.45
D0118,T02,2024-06,SugarBlock,24,691.97
D0118,T02,2024-07,GlucoCare,13,638.08
D0118,T02,2024-07,DiabetoShield,0,551.25
D0118,T02,2024-07,SugarBlock,23,701.28
D0118,T02,2024-08,GlucoCare,17,631.24
D0118,T02,2024-08,DiabetoShield,4,575.36
D0118,T02,2024-08,SugarBlock,23,702.69
D0118,T02,2024-09,GlucoCare,17,624.81
D0118,T02,2024-09,DiabetoShield,8,559.86
D0118,T02,2024-09,SugarBlock,15,687.28
D0118,T02,2024-10,GlucoCare,16,624.56
D0118,T02,2024-10,DiabetoShield,19,550.84
D0118,T02,2024-10,SugarBlock,2,682.91
D0118,T02,2024-11,GlucoCare,15,634.01
D0118,T02,2024-11,DiabetoShield,3,546.12
D0118,T02,2024-11,SugarBlock,21,707.67
D0118,T02,2024-12,GlucoCare,12,628.23
D0118,T02,2024-12,DiabetoShield,18,544.17
D0118,T02,2024-12,SugarBlock,9,689.81
D0119,T10,2024-01,GlucoCare,9,625.16
D0119,T10,2024-01,DiabetoShield,4,556.67
D0119,T10,2024-01,SugarBlock,6,706.76
D0119,T10,2024-02,GlucoCare,6,620.02
D0119,T10,2024-02,DiabetoShield,3,561.81
D0119,T10,2024-02,SugarBlock,4,694.63
D0119,T10,2024-03,GlucoCare,9,613.18
D0119,T10,2024-03,DiabetoShield,10,550.51
D0119,T10,2024-03,SugarBlock,2,692.26
D0119,T10,2024-04,GlucoCare,9,605.08
D0119,T10,2024-04,DiabetoShield,9,563.35
D0119,T10,2024-04,SugarBlock,2,692.18
D0119,T10,2024-05,GlucoCare,8,635.95
D0119,T10,2024-05,DiabetoShield,5,544.47
D0119,T10,2024-05,SugarBlock,8,679.63
D0119,T10,2024-06,GlucoCare,11,610.47
D0119,T10,2024-06,DiabetoShield,2,574.24
D0119,T10,2024-06,SugarBlock,9,689.61
D0119,T10,2024-07,GlucoCare,9,637.08
D0119,T10,2024-07,DiabetoShield,2,560.97
D0119,T10,2024-07,SugarBlock,8,678.12
D0119,T10,2024-08,GlucoCare,10,603.83
D0119,T10,2024-08,DiabetoShield,7,564.59
D0119,T10,2024-08,SugarBlock,4,707.67
D0119,T10,2024-09,GlucoCare,7,618.77
D0119,T10,2024-09,DiabetoShield,4,574.82
D0119,T10,2024-09,SugarBlock,8,686.21
D0119,T10,2024-10,GlucoCare,10,601.68
D0119,T10,2024-10,DiabetoShield,8,573.58
D0119,T10,2024-10,SugarBlock,2,687.63
D0119,T10,2024-11,GlucoCare,8,614.55
D0119,T10,2024-11,DiabetoShield,3,576.61
D0119,T10,2024-11,SugarBlock,8,687.55
D0119,T10,2024-12,GlucoCare,9,607.8
D0119,T10,2024-12,DiabetoShield,7,555.29
D0119,T10,2024-12,SugarBlock,4,692.56
D0120,T06,2024-01,GlucoCare,16,611.27
D0120,T06,2024-01,DiabetoShield,6,554.84
D0120,T06,2024-01,SugarBlock,9,690.22
D0120,T06,2024-02,GlucoCare,12,607.59
D0120,T06,2024-02,DiabetoShield,16,574.29
D0120,T06,2024-02,SugarBlock,4,675.89
D0120,T06,2024-03,GlucoCare,12,634.59
D0120,T06,2024-03,DiabetoShield,14,552.55
D0120,T06,2024-03,SugarBlock,5,693.38
D0120,T06,2024-04,GlucoCare,11,617.98
D0120,T06,2024-04,DiabetoShield,3,549.04
D0120,T06,2024-04,SugarBlock,13,674.05
D0120,T06,2024-05,GlucoCare,12,617.89
D0120,T06,2024-05,DiabetoShield,11,557.73
D0120,T06,2024-05,SugarBlock,4,670.85
D0120,T06,2024-06,GlucoCare,14,614.8
D0120,T06,2024-06,DiabetoShield,3,544.12
D0120,T06,2024-06,SugarBlock,14,671.82
D0120,T06,2024-07,GlucoCare,11,628.77
D0120,T06,2024-07,DiabetoShield,8,573.7
D0120,T06,2024-07,SugarBlock,7,677.41
D0120,T06,2024-08,GlucoCare,11,618.13
D0120,T06,2024-08,DiabetoShield,0,573.99
D0120,T06,2024-08,SugarBlock,16,682.39
D0120,T06,2024-09,GlucoCare,3,607.77
D0120,T06,2024-09,DiabetoShield,18,566.77
D0120,T06,2024-09,SugarBlock,12,679.38
D0120,T06,2024-10,GlucoCare,3,619.7
D0120,T06,2024-10,DiabetoShield,10,553.39
D0120,T06,2024-10,SugarBlock,13,685.51
D0120,T06,2024-11,GlucoCare,4,609.09
D0120,T06,2024-11,DiabetoShield,8,543.78
D0120,T06,2024-11,SugarBlock,25,685.03
D0120,T06,2024-12,GlucoCare,5,633.8
D0120,T06,2024-12,DiabetoShield,18,566.06
D0120,T06,2024-12,SugarBlock,10,705.71
D0121,T04,2024-01,GlucoCare,13,629.41
D0121,T04,2024-01,DiabetoShield,11,576.26
D0121,T04,2024-01,SugarBlock,25,687.25
D0121,T04,2024-02,GlucoCare,9,603.63
D0121,T04,2024-02,DiabetoShield,13,547.56
D0121,T04,2024-02,SugarBlock,19,700.46
D0121,T04,2024-03,GlucoCare,12,630.21
D0121,T04,2024-03,DiabetoShield,13,562.2
D0121,T04,2024-03,SugarBlock,16,696.25
D0121,T04,2024-04,GlucoCare,11,631.44
D0121,T04,2024-04,DiabetoShield,26,560.95
D0121,T04,2024-04,SugarBlock,5,680.33
D0121,T04,2024-05,GlucoCare,12,625.0
D0121,T04,2024-05,DiabetoShield,16,547.02
D0121,T04,2024-05,SugarBlock,15,698.83
D0121,T04,2024-06,GlucoCare,3,616.83
D0121,T04,2024-06,DiabetoShield,15,446.67
D0121,T04,2024-06,SugarBlock,15,562.6
D0121,T04,2024-07,GlucoCare,1,634.68
D0121,T04,2024-07,DiabetoShield,13,486.11
D0121,T04,2024-07,SugarBlock,20,582.06
D0121,T04,2024-08,GlucoCare,4,610.9
D0121,T04,2024-08,DiabetoShield,14,468.93
D0121,T04,2024-08,SugarBlock,22,538.59
D0121,T04,2024-09,GlucoCare,2,617.06
D0121,T04,2024-09,DiabetoShield,1,458.4
D0121,T04,2024-09,SugarBlock,29,547.24
D0121,T04,2024-10,GlucoCare,1,629.25
D0121,T04,2024-10,DiabetoShield,18,473.5
D0121,T04,2024-10,SugarBlock,12,517.62
D0121,T04,2024-11,GlucoCare,3,635.66
D0121,T04,2024-11,DiabetoShield,37,441.71
D0121,T04,2024-11,SugarBlock,3,572.72
D0121,T04,2024-12,GlucoCare,2,610.98
D0121,T04,2024-12,DiabetoShield,14,452.74
D0121,T04,2024-12,SugarBlock,19,588.28
D0122,T01,2024-01,GlucoCare,24,609.43
D0122,T01,2024-01,DiabetoShield,3,543.32
D0122,T01,2024-01,SugarBlock,32,707.52
D0122,T01,2024-02,GlucoCare,22,626.11
D0122,T01,2024-02,DiabetoShield,9,548.16
D0122,T01,2024-02,SugarBlock,19,676.94
D0122,T01,2024-03,GlucoCare,32,612.0
D0122,T01,2024-03,DiabetoShield,11,549.67
D0122,T01,2024-03,SugarBlock,22,702.79
D0122,T01,2024-04,GlucoCare,21,637.86
D0122,T01,2024-04,DiabetoShield,22,557.53
D0122,T01,2024-04,SugarBlock,9,679.34
D0122,T01,2024-05,GlucoCare,24,612.19
D0122,T01,2024-05,DiabetoShield,31,574.04
D0122,T01,2024-05,SugarBlock,3,697.01
D0122,T01,2024-06,GlucoCare,19,635.52
D0122,T01,2024-06,DiabetoShield,27,568.66
D0122,T01,2024-06,SugarBlock,3,680.21
D0122,T01,2024-07,GlucoCare,25,609.94
D0122,T01,2024-07,DiabetoShield,28,569.85
D0122,T01,2024-07,SugarBlock,3,706.3
D0122,T01,2024-08,GlucoCare,18,604.89
D0122,T01,2024-08,DiabetoShield,12,552.0
D0122,T01,2024-08,SugarBlock,16,682.64
D0122,T01,2024-09,GlucoCare,27,627.39
D0122,T01,2024-09,DiabetoShield,19,550.7
D0122,T01,2024-09,SugarBlock,13,689.19
D0122,T01,2024-10,GlucoCare,21,620.06
D0122,T01,2024-10,DiabetoShield,8,572.64
D0122,T01,2024-10,SugarBlock,16,670.43
D0122,T01,2024-11,GlucoCare,20,619.86
D0122,T01,2024-11,DiabetoShield,14,560.15
D0122,T01,2024-11,SugarBlock,15,685.43
D0122,T01,2024-12,GlucoCare,23,604.65
D0122,T01,2024-12,DiabetoShield,13,556.69
D0122,T01,2024-12,SugarBlock,20,699.1
D0123,T06,2024-01,GlucoCare,14,611.27
D0123,T06,2024-01,DiabetoShield,27,554.84
D0123,T06,2024-01,SugarBlock,0,690.22
D0123,T06,2024-02,GlucoCare,9,607.59
D0123,T06,2024-02,DiabetoShield,17,574.29
D0123,T06,2024-02,SugarBlock,11,675.89
D0123,T06,2024-03,GlucoCare,23,634.59
D0123,T06,2024-03,DiabetoShield,15,552.55
D0123,T06,2024-03,SugarBlock,14,693.38
D0123,T06,2024-04,GlucoCare,13,617.98
D0123,T06,2024-04,DiabetoShield,24,549.04
D0123,T06,2024-04,SugarBlock,1,674.05
D0123,T06,2024-05,GlucoCare,21,617.89
D0123,T06,2024-05,DiabetoShield,18,557.73
D0123,T06,2024-05,SugarBlock,8,670.85
D0123,T06,2024-06,GlucoCare,14,614.8
D0123,T06,2024-06,DiabetoShield,2,544.12
D0123,T06,2024-06,SugarBlock,29,671.82
D0123,T06,2024-07,GlucoCare,15,628.77
D0123,T06,2024-07,DiabetoShield,1,573.7
D0123,T06,2024-07,SugarBlock,24,677.41
D0123,T06,2024-08,GlucoCare,19,618.13
D0123,T06,2024-08,DiabetoShield,28,573.99
D0123,T06,2024-08,SugarBlock,3,682.39
D0123,T06,2024-09,GlucoCare,14,607.77
D0123,T06,2024-09,DiabetoShield,4,566.77
D0123,T06,2024-09,SugarBlock,27,679.38
D0123,T06,2024-10,GlucoCare,20,619.7
D0123,T06,2024-10,DiabetoShield,21,553.39
D0123,T06,2024-10,SugarBlock,3,685.51
D0123,T06,2024-11,GlucoCare,17,609.09
D0123,T06,2024-11,DiabetoShield,8,543.78
D0123,T06,2024-11,SugarBlock,21,685.03
D0123,T06,2024-12,GlucoCare,14,633.8
D0123,T06,2024-12,DiabetoShield,23,566.06
D0123,T06,2024-12,SugarBlock,5,705.71
D0124,T06,2024-01,GlucoCare,13,611.27
D0124,T06,2024-01,DiabetoShield,6,554.84
D0124,T06,2024-01,SugarBlock,26,690.22
D0124,T06,2024-02,GlucoCare,15,607.59
D0124,T06,2024-02,DiabetoShield,40,574.29
D0124,T06,2024-02,SugarBlock,1,675.89
D0124,T06,2024-03,GlucoCare,11,634.59
D0124,T06,2024-03,DiabetoShield,3,552.55
D0124,T06,2024-03,SugarBlock,32,693.38
D0124,T06,2024-04,GlucoCare,11,617.98
D0124,T06,2024-04,DiabetoShield,20,549.04
D0124,T06,2024-04,SugarBlock,17,674.05
D0124,T06,2024-05,GlucoCare,14,617.89
D0124,T06,2024-05,DiabetoShield,7,557.73
D0124,T06,2024-05,SugarBlock,29,670.85
D0124,T06,2024-06,GlucoCare,13,614.8
D0124,T06,2024-06,DiabetoShield,6,544.12
D0124,T06,2024-06,SugarBlock,32,671.82
D0124,T06,2024-07,GlucoCare,19,628.77
D0124,T06,2024-07,DiabetoShield,7,573.7
D0124,T06,2024-07,SugarBlock,31,677.41
D0124,T06,2024-08,GlucoCare,9,618.13
D0124,T06,2024-08,DiabetoShield,22,573.99
D0124,T06,2024-08,SugarBlock,12,682.39
D0124,T06,2024-09,GlucoCare,20,607.77
D0124,T06,2024-09,DiabetoShield,34,566.77
D0124,T06,2024-09,SugarBlock,9,679.38
D0124,T06,2024-10,GlucoCare,22,619.7
D0124,T06,2024-10,DiabetoShield,1,553.39
D0124,T06,2024-10,SugarBlock,35,685.51
D0124,T06,2024-11,GlucoCare,10,609.09
D0124,T06,2024-11,DiabetoShield,5,543.78
D0124,T06,2024-11,SugarBlock,32,685.03
D0124,T06,2024-12,GlucoCare,9,633.8
D0124,T06,2024-12,DiabetoShield,13,566.06
D0124,T06,2024-12,SugarBlock,26,705.71
D0125,T02,2024-01,GlucoCare,15,638.1
D0125,T02,2024-01,DiabetoShield,8,575.44
D0125,T02,2024-01,SugarBlock,13,707.18
D0125,T02,2024-02,GlucoCare,15,634.21
D0125,T02,2024-02,DiabetoShield,17,545.53
D0125,T02,2024-02,SugarBlock,5,706.91
D0125,T02,2024-03,GlucoCare,15,610.52
D0125,T02,2024-03,DiabetoShield,3,571.37
D0125,T02,2024-03,SugarBlock,25,700.1
D0125,T02,2024-04,GlucoCare,12,632.36
D0125,T02,2024-04,DiabetoShield,17,559.53
D0125,T02,2024-04,SugarBlock,11,686.89
D0125,T02,2024-05,GlucoCare,10,623.69
D0125,T02,2024-05,DiabetoShield,11,572.17
D0125,T02,2024-05,SugarBlock,11,696.11
D0125,T02,2024-06,GlucoCare,11,619.23
D0125,T02,2024-06,DiabetoShield,14,549.45
D0125,T02,2024-06,SugarBlock,6,691.97
D0125,T02,2024-07,GlucoCare,14,638.08
D0125,T02,2024-07,DiabetoShield,12,551.25
D0125,T02,2024-07,SugarBlock,14,701.28
D0125,T02,2024-08,GlucoCare,23,631.24
D0125,T02,2024-08,DiabetoShield,7,575.36
D0125,T02,2024-08,SugarBlock,16,702.69
D0125,T02,2024-09,GlucoCare,11,624.81
D0125,T02,2024-09,DiabetoShield,18,559.86
D0125,T02,2024-09,SugarBlock,4,687.28
D0125,T02,2024-10,GlucoCare,17,624.56
D0125,T02,2024-10,DiabetoShield,1,550.84
D0125,T02,2024-10,SugarBlock,18,682.91
D0125,T02,2024-11,GlucoCare,13,634.01
D0125,T02,2024-11,DiabetoShield,18,546.12
D0125,T02,2024-11,SugarBlock,3,707.67
D0125,T02,2024-12,GlucoCare,17,628.23
D0125,T02,2024-12,DiabetoShield,7,544.17
D0125,T02,2024-12,SugarBlock,19,689.81
D0126,T09,2024-01,GlucoCare,14,607.03
D0126,T09,2024-01,DiabetoShield,4,567.47
D0126,T09,2024-01,SugarBlock,22,683.8
D0126,T09,2024-02,GlucoCare,29,629.02
D0126,T09,2024-02,DiabetoShield,9,576.39
D0126,T09,2024-02,SugarBlock,23,699.29
D0126,T09,2024-03,GlucoCare,18,622.06
D0126,T09,2024-03,DiabetoShield,6,546.15
D0126,T09,2024-03,SugarBlock,19,703.58
D0126,T09,2024-04,GlucoCare,28,627.61
D0126,T09,2024-04,DiabetoShield,3,551.04
D0126,T09,2024-04,SugarBlock,30,704.36
D0126,T09,2024-05,GlucoCare,20,631.99
D0126,T09,2024-05,DiabetoShield,32,571.61
D0126,T09,2024-05,SugarBlock,1,685.58
D0126,T09,2024-06,GlucoCare,22,628.81
D0126,T09,2024-06,DiabetoShield,21,563.39
D0126,T09,2024-06,SugarBlock,11,680.47
D0126,T09,2024-07,GlucoCare,24,609.21
D0126,T09,2024-07,DiabetoShield,21,552.52
D0126,T09,2024-07,SugarBlock,7,669.51
D0126,T09,2024-08,GlucoCare,24,604.11
D0126,T09,2024-08,DiabetoShield,3,566.89
D0126,T09,2024-08,SugarBlock,27,707.51
D0126,T09,2024-09,GlucoCare,17,634.85
D0126,T09,2024-09,DiabetoShield,17,571.68
D0126,T09,2024-09,SugarBlock,12,682.64
D0126,T09,2024-10,GlucoCare,21,610.04
D0126,T09,2024-10,DiabetoShield,28,556.93
D0126,T09,2024-10,SugarBlock,1,697.21
D0126,T09,2024-11,GlucoCare,27,634.89
D0126,T09,2024-11,DiabetoShield,6,558.77
D0126,T09,2024-11,SugarBlock,25,706.34
D0126,T09,2024-12,GlucoCare,19,633.56
D0126,T09,2024-12,DiabetoShield,23,556.63
D0126,T09,2024-12,SugarBlock,3,674.56
D0127,T06,2024-01,GlucoCare,21,611.27
D0127,T06,2024-01,DiabetoShield,3,554.84
D0127,T06,2024-01,SugarBlock,16,690.22
D0127,T06,2024-02,GlucoCare,18,607.59
D0127,T06,2024-02,DiabetoShield,3,574.29
D0127,T06,2024-02,SugarBlock,27,675.89
D0127,T06,2024-03,GlucoCare,16,634.59
D0127,T06,2024-03,DiabetoShield,15,552.55
D0127,T06,2024-03,SugarBlock,7,693.38
D0127,T06,2024-04,GlucoCare,18,617.98
D0127,T06,2024-04,DiabetoShield,15,549.04
D0127,T06,2024-04,SugarBlock,8,674.05
D0127,T06,2024-05,GlucoCare,19,617.89
D0127,T06,2024-05,DiabetoShield,19,557.73
D0127,T06,2024-05,SugarBlock,3,670.85
D0127,T06,2024-06,GlucoCare,20,614.8
D0127,T06,2024-06,DiabetoShield,15,544.12
D0127,T06,2024-06,SugarBlock,8,671.82
D0127,T06,2024-07,GlucoCare,22,628.77
D0127,T06,2024-07,DiabetoShield,20,573.7
D0127,T06,2024-07,SugarBlock,6,677.41
D0127,T06,2024-08,GlucoCare,16,618.13
D0127,T06,2024-08,DiabetoShield,5,573.99
D0127,T06,2024-08,SugarBlock,18,682.39
D0127,T06,2024-09,GlucoCare,22,607.77
D0127,T06,2024-09,DiabetoShield,20,566.77
D0127,T06,2024-09,SugarBlock,6,679.38
D0127,T06,2024-10,GlucoCare,15,619.7
D0127,T06,2024-10,DiabetoShield,2,553.39
D0127,T06,2024-10,SugarBlock,17,685.51
D0127,T06,2024-11,GlucoCare,23,609.09
D0127,T06,2024-11,DiabetoShield,22,543.78
D0127,T06,2024-11,SugarBlock,2,685.03
D0127,T06,2024-12,GlucoCare,18,633.8
D0127,T06,2024-12,DiabetoShield,19,566.06
D0127,T06,2024-12,SugarBlock,3,705.71
D0128,T01,2024-01,GlucoCare,14,609.43
D0128,T01,2024-01,DiabetoShield,7,543.32
D0128,T01,2024-01,SugarBlock,14,707.52
D0128,T01,2024-02,GlucoCare,13,626.11
D0128,T01,2024-02,DiabetoShield,4,548.16
D0128,T01,2024-02,SugarBlock,15,676.94
D0128,T01,2024-03,GlucoCare,14,612.0
D0128,T01,2024-03,DiabetoShield,9,549.67
D0128,T01,2024-03,SugarBlock,9,702.79
D0128,T01,2024-04,GlucoCare,12,637.86
D0128,T01,2024-04,DiabetoShield,11,557.53
D0128,T01,2024-04,SugarBlock,8,679.34
D0128,T01,2024-05,GlucoCare,13,612.19
D0128,T01,2024-05,DiabetoShield,10,574.04
D0128,T01,2024-05,SugarBlock,12,697.01
D0128,T01,2024-06,GlucoCare,15,635.52
D0128,T01,2024-06,DiabetoShield,10,568.66
D0128,T01,2024-06,SugarBlock,8,680.21
D0128,T01,2024-07,GlucoCare,11,609.94
D0128,T01,2024-07,DiabetoShield,15,569.85
D0128,T01,2024-07,SugarBlock,5,706.3
D0128,T01,2024-08,GlucoCare,13,604.89
D0128,T01,2024-08,DiabetoShield,14,552.0
D0128,T01,2024-08,SugarBlock,5,682.64
D0128,T01,2024-09,GlucoCare,12,627.39
D0128,T01,2024-09,DiabetoShield,2,550.7
D0128,T01,2024-09,SugarBlock,15,689.19
D0128,T01,2024-10,GlucoCare,14,620.06
D0128,T01,2024-10,DiabetoShield,2,572.64
D0128,T01,2024-10,SugarBlock,18,670.43
D0128,T01,2024-11,GlucoCare,11,619.86
D0128,T01,2024-11,DiabetoShield,19,560.15
D0128,T01,2024-11,SugarBlock,0,685.43
D0128,T01,2024-12,GlucoCare,17,604.65
D0128,T01,2024-12,DiabetoShield,16,556.69
D0128,T01,2024-12,SugarBlock,5,699.1
D0129,T02,2024-01,GlucoCare,15,638.1
D0129,T02,2024-01,DiabetoShield,4,575.44
D0129,T02,2024-01,SugarBlock,15,707.18
D0129,T02,2024-02,GlucoCare,14,634.21
D0129,T02,2024-02,DiabetoShield,2,545.53
D0129,T02,2024-02,SugarBlock,17,706.91
D0129,T02,2024-03,GlucoCare,11,610.52
D0129,T02,2024-03,DiabetoShield,2,571.37
D0129,T02,2024-03,SugarBlock,18,700.1
D0129,T02,2024-04,GlucoCare,17,632.36
D0129,T02,2024-04,DiabetoShield,2,559.53
D0129,T02,2024-04,SugarBlock,17,686.89
D0129,T02,2024-05,GlucoCare,11,623.69
D0129,T02,2024-05,DiabetoShield,11,572.17
D0129,T02,2024-05,SugarBlock,6,696.11
D0129,T02,2024-06,GlucoCare,11,619.23
D0129,T02,2024-06,DiabetoShield,2,549.45
D0129,T02,2024-06,SugarBlock,15,691.97
D0129,T02,2024-07,GlucoCare,12,638.08
D0129,T02,2024-07,DiabetoShield,13,551.25
D0129,T02,2024-07,SugarBlock,7,701.28
D0129,T02,2024-08,GlucoCare,16,631.24
D0129,T02,2024-08,DiabetoShield,4,575.36
D0129,T02,2024-08,SugarBlock,14,702.69
D0129,T02,2024-09,GlucoCare,11,624.81
D0129,T02,2024-09,DiabetoShield,15,559.86
D0129,T02,2024-09,SugarBlock,0,687.28
D0129,T02,2024-10,GlucoCare,13,624.56
D0129,T02,2024-10,DiabetoShield,11,550.84
D0129,T02,2024-10,SugarBlock,8,682.91
D0129,T02,2024-11,GlucoCare,9,634.01
D0129,T02,2024-11,DiabetoShield,18,546.12
D0129,T02,2024-11,SugarBlock,3,707.67
D0129,T02,2024-12,GlucoCare,12,628.23
D0129,T02,2024-12,DiabetoShield,11,544.17
D0129,T02,2024-12,SugarBlock,5,689.81
D0130,T03,2024-01,GlucoCare,9,618.03
D0130,T03,2024-01,DiabetoShield,3,564.57
D0130,T03,2024-01,SugarBlock,15,686.67
D0130,T03,2024-02,GlucoCare,13,637.81
D0130,T03,2024-02,DiabetoShield,10,558.6
D0130,T03,2024-02,SugarBlock,7,670.51
D0130,T03,2024-03,GlucoCare,10,612.18
D0130,T03,2024-03,DiabetoShield,7,552.19
D0130,T03,2024-03,SugarBlock,12,673.73
D0130,T03,2024-04,GlucoCare,8,603.73
D0130,T03,2024-04,DiabetoShield,4,571.56
D0130,T03,2024-04,SugarBlock,9,671.69
D0130,T03,2024-05,GlucoCare,7,604.54
D0130,T03,2024-05,DiabetoShield,7,545.82
D0130,T03,2024-05,SugarBlock,10,696.02
D0130,T03,2024-06,GlucoCare,11,618.48
D0130,T03,2024-06,DiabetoShield,1,556.75
D0130,T03,2024-06,SugarBlock,18,701.21
D0130,T03,2024-07,GlucoCare,13,619.15
D0130,T03,2024-07,DiabetoShield,14,557.5
D0130,T03,2024-07,SugarBlock,1,698.91
D0130,T03,2024-08,GlucoCare,7,613.87
D0130,T03,2024-08,DiabetoShield,10,551.6
D0130,T03,2024-08,SugarBlock,5,705.1
D0130,T03,2024-09,GlucoCare,9,602.28
D0130,T03,2024-09,DiabetoShield,3,564.56
D0130,T03,2024-09,SugarBlock,12,671.21
D0130,T03,2024-10,GlucoCare,11,605.99
D0130,T03,2024-10,DiabetoShield,1,550.99
D0130,T03,2024-10,SugarBlock,14,679.33
D0130,T03,2024-11,GlucoCare,9,623.43
D0130,T03,2024-11,DiabetoShield,17,563.63
D0130,T03,2024-11,SugarBlock,2,708.2
D0130,T03,2024-12,GlucoCare,10,630.46
D0130,T03,2024-12,DiabetoShield,16,543.98
D0130,T03,2024-12,SugarBlock,0,686.2
D0131,T08,2024-01,GlucoCare,26,628.82
D0131,T08,2024-01,DiabetoShield,15,555.74
D0131,T08,2024-01,SugarBlock,12,710.43
D0131,T08,2024-02,GlucoCare,28,619.89
D0131,T08,2024-02,DiabetoShield,7,576.63
D0131,T08,2024-02,SugarBlock,28,702.8
D0131,T08,2024-03,GlucoCare,20,608.44
D0131,T08,2024-03,DiabetoShield,27,573.31
D0131,T08,2024-03,SugarBlock,2,687.25
D0131,T08,2024-04,GlucoCare,22,636.52
D0131,T08,2024-04,DiabetoShield,29,556.39
D0131,T08,2024-04,SugarBlock,2,701.72
D0131,T08,2024-05,GlucoCare,23,628.79
D0131,T08,2024-05,DiabetoShield,10,552.07
D0131,T08,2024-05,SugarBlock,19,672.19
D0131,T08,2024-06,GlucoCare,20,607.82
D0131,T08,2024-06,DiabetoShield,10,556.23
D0131,T08,2024-06,SugarBlock,26,706.85
D0131,T08,2024-07,GlucoCare,24,620.8
D0131,T08,2024-07,DiabetoShield,25,574.08
D0131,T08,2024-07,SugarBlock,5,704.0
D0131,T08,2024-08,GlucoCare,21,635.05
D0131,T08,2024-08,DiabetoShield,7,562.38
D0131,T08,2024-08,SugarBlock,23,695.84
D0131,T08,2024-09,GlucoCare,18,625.84
D0131,T08,2024-09,DiabetoShield,9,575.34
D0131,T08,2024-09,SugarBlock,22,704.58
D0131,T08,2024-10,GlucoCare,34,623.58
D0131,T08,2024-10,DiabetoShield,25,563.96
D0131,T08,2024-10,SugarBlock,8,693.21
D0131,T08,2024-11,GlucoCare,28,626.91
D0131,T08,2024-11,DiabetoShield,12,571.35
D0131,T08,2024-11,SugarBlock,25,670.16
D0131,T08,2024-12,GlucoCare,28,624.64
D0131,T08,2024-12,DiabetoShield,23,566.48
D0131,T08,2024-12,SugarBlock,9,673.75
D0132,T08,2024-01,GlucoCare,15,628.82
D0132,T08,2024-01,DiabetoShield,26,555.74
D0132,T08,2024-01,SugarBlock,0,710.43
D0132,T08,2024-02,GlucoCare,13,619.89
D0132,T08,2024-02,DiabetoShield,6,576.63
D0132,T08,2024-02,SugarBlock,16,702.8
D0132,T08,2024-03,GlucoCare,13,608.44
D0132,T08,2024-03,DiabetoShield,4,573.31
D0132,T08,2024-03,SugarBlock,19,687.25
D0132,T08,2024-04,GlucoCare,15,636.52
D0132,T08,2024-04,DiabetoShield,0,556.39
D0132,T08,2024-04,SugarBlock,25,701.72
D0132,T08,2024-05,GlucoCare,15,628.79
D0132,T08,2024-05,DiabetoShield,12,552.07
D0132,T08,2024-05,SugarBlock,7,672.19
D0132,T08,2024-06,GlucoCare,12,607.82
D0132,T08,2024-06,DiabetoShield,19,556.23
D0132,T08,2024-06,SugarBlock,9,706.85
D0132,T08,2024-07,GlucoCare,12,620.8
D0132,T08,2024-07,DiabetoShield,5,574.08
D0132,T08,2024-07,SugarBlock,17,704.0
D0132,T08,2024-08,GlucoCare,10,635.05
D0132,T08,2024-08,DiabetoShield,13,562.38
D0132,T08,2024-08,SugarBlock,6,695.84
D0132,T08,2024-09,GlucoCare,14,625.84
D0132,T08,2024-09,DiabetoShield,1,575.34
D0132,T08,2024-09,SugarBlock,19,704.58
D0132,T08,2024-10,GlucoCare,15,623.58
D0132,T08,2024-10,DiabetoShield,3,563.96
D0132,T08,2024-10,SugarBlock,24,693.21
D0132,T08,2024-11,GlucoCare,12,626.91
D0132,T08,2024-11,DiabetoShield,11,571.35
D0132,T08,2024-11,SugarBlock,8,670.16
D0132,T08,2024-12,GlucoCare,15,624.64
D0132,T08,2024-12,DiabetoShield,20,566.48
D0132,T08,2024-12,SugarBlock,2,673.75
D0133,T09,2024-01,GlucoCare,12,607.03
D0133,T09,2024-01,DiabetoShield,9,567.47
D0133,T09,2024-01,SugarBlock,9,683.8
D0133,T09,2024-02,GlucoCare,9,629.02
D0133,T09,2024-02,DiabetoShield,8,576.39
D0133,T09,2024-02,SugarBlock,8,699.29
D0133,T09,2024-03,GlucoCare,14,622.06
D0133,T09,2024-03,DiabetoShield,8,546.15
D0133,T09,2024-03,SugarBlock,9,703.58
D0133,T09,2024-04,GlucoCare,13,627.61
D0133,T09,2024-04,DiabetoShield,4,551.04
D0133,T09,2024-04,SugarBlock,16,704.36
D0133,T09,2024-05,GlucoCare,11,631.99
D0133,T09,2024-05,DiabetoShield,13,571.61
D0133,T09,2024-05,SugarBlock,2,685.58
D0133,T09,2024-06,GlucoCare,11,628.81
D0133,T09,2024-06,DiabetoShield,6,563.39
D0133,T09,2024-06,SugarBlock,11,680.47
D0133,T09,2024-07,GlucoCare,10,609.21
D0133,T09,2024-07,DiabetoShield,6,552.52
D0133,T09,2024-07,SugarBlock,7,669.51
D0133,T09,2024-08,GlucoCare,12,604.11
D0133,T09,2024-08,DiabetoShield,16,566.89
D0133,T09,2024-08,SugarBlock,1,707.51
D0133,T09,2024-09,GlucoCare,0,634.85
D0133,T09,2024-09,DiabetoShield,3,571.68
D0133,T09,2024-09,SugarBlock,22,682.64
D0133,T09,2024-10,GlucoCare,3,610.04
D0133,T09,2024-10,DiabetoShield,21,556.93
D0133,T09,2024-10,SugarBlock,9,697.21
D0133,T09,2024-11,GlucoCare,2,634.89
D0133,T09,2024-11,DiabetoShield,12,558.77
D0133,T09,2024-11,SugarBlock,17,706.34
D0133,T09,2024-12,GlucoCare,2,633.56
D0133,T09,2024-12,DiabetoShield,5,556.63
D0133,T09,2024-12,SugarBlock,20,674.56
D0134,T07,2024-01,GlucoCare,12,613.28
D0134,T07,2024-01,DiabetoShield,7,543.71
D0134,T07,2024-01,SugarBlock,12,677.97
D0134,T07,2024-02,GlucoCare,21,612.1
D0134,T07,2024-02,DiabetoShield,11,573.04
D0134,T07,2024-02,SugarBlock,10,707.05
D0134,T07,2024-03,GlucoCare,13,610.51
D0134,T07,2024-03,DiabetoShield,15,551.66
D0134,T07,2024-03,SugarBlock,5,687.12
D0134,T07,2024-04,GlucoCare,11,611.2
D0134,T07,2024-04,DiabetoShield,7,570.85
D0134,T07,2024-04,SugarBlock,11,698.24
D0134,T07,2024-05,GlucoCare,15,636.2
D0134,T07,2024-05,DiabetoShield,11,557.23
D0134,T07,2024-05,SugarBlock,9,710.52
D0134,T07,2024-06,GlucoCare,18,616.5
D0134,T07,2024-06,DiabetoShield,6,551.15
D0134,T07,2024-06,SugarBlock,19,703.48
D0134,T07,2024-07,GlucoCare,14,626.91
D0134,T07,2024-07,DiabetoShield,1,558.06
D0134,T07,2024-07,SugarBlock,20,695.42
D0134,T07,2024-08,GlucoCare,13,603.04
D0134,T07,2024-08,DiabetoShield,16,561.75
D0134,T07,2024-08,SugarBlock,2,670.02
D0134,T07,2024-09,GlucoCare,9,620.92
D0134,T07,2024-09,DiabetoShield,11,571.9
D0134,T07,2024-09,SugarBlock,6,672.66
D0134,T07,2024-10,GlucoCare,10,612.68
D0134,T07,2024-10,DiabetoShield,11,554.25
D0134,T07,2024-10,SugarBlock,7,673.03
D0134,T07,2024-11,GlucoCare,11,621.64
D0134,T07,2024-11,DiabetoShield,15,570.54
D0134,T07,2024-11,SugarBlock,4,694.51
D0134,T07,2024-12,GlucoCare,10,605.15
D0134,T07,2024-12,DiabetoShield,10,551.02
D0134,T07,2024-12,SugarBlock,9,688.97
D0135,T10,2024-01,GlucoCare,34,625.16
D0135,T10,2024-01,DiabetoShield,12,556.67
D0135,T10,2024-01,SugarBlock,26,706.76
D0135,T10,2024-02,GlucoCare,28,620.02
D0135,T10,2024-02,DiabetoShield,19,561.81
D0135,T10,2024-02,SugarBlock,22,694.63
D0135,T10,2024-03,GlucoCare,27,613.18
D0135,T10,2024-03,DiabetoShield,30,550.51
D0135,T10,2024-03,SugarBlock,7,692.26
D0135,T10,2024-04,GlucoCare,23,605.08
D0135,T10,2024-04,DiabetoShield,5,563.35
D0135,T10,2024-04,SugarBlock,45,692.18
D0135,T10,2024-05,GlucoCare,35,635.95
D0135,T10,2024-05,DiabetoShield,24,544.47
D0135,T10,2024-05,SugarBlock,18,679.63
D0135,T10,2024-06,GlucoCare,38,610.47
D0135,T10,2024-06,DiabetoShield,7,574.24
D0135,T10,2024-06,SugarBlock,30,689.61
D0135,T10,2024-07,GlucoCare,45,637.08
D0135,T10,2024-07,DiabetoShield,36,560.97
D0135,T10,2024-07,SugarBlock,2,678.12
D0135,T10,2024-08,GlucoCare,40,603.83
D0135,T10,2024-08,DiabetoShield,23,564.59
D0135,T10,2024-08,SugarBlock,21,707.67
D0135,T10,2024-09,GlucoCare,39,618.77
D0135,T10,2024-09,DiabetoShield,39,574.82
D0135,T10,2024-09,SugarBlock,9,686.21
D0135,T10,2024-10,GlucoCare,29,601.68
D0135,T10,2024-10,DiabetoShield,11,573.58
D0135,T10,2024-10,SugarBlock,37,687.63
D0135,T10,2024-11,GlucoCare,31,614.55
D0135,T10,2024-11,DiabetoShield,28,576.61
D0135,T10,2024-11,SugarBlock,16,687.55
D0135,T10,2024-12,GlucoCare,27,607.8
D0135,T10,2024-12,DiabetoShield,25,555.29
D0135,T10,2024-12,SugarBlock,14,692.56
D0136,T04,2024-01,GlucoCare,4,629.41
D0136,T04,2024-01,DiabetoShield,13,576.26
D0136,T04,2024-01,SugarBlock,3,687.25
D0136,T04,2024-02,GlucoCare,7,603.63
D0136,T04,2024-02,DiabetoShield,9,547.56
D0136,T04,2024-02,SugarBlock,7,700.46
D0136,T04,2024-03,GlucoCare,5,630.21
D0136,T04,2024-03,DiabetoShield,13,562.2
D0136,T04,2024-03,SugarBlock,3,696.25
D0136,T04,2024-04,GlucoCare,6,631.44
D0136,T04,2024-04,DiabetoShield,11,560.95
D0136,T04,2024-04,SugarBlock,8,680.33
D0136,T04,2024-05,GlucoCare,4,625.0
D0136,T04,2024-05,DiabetoShield,14,547.02
D0136,T04,2024-05,SugarBlock,1,698.83
D0136,T04,2024-06,GlucoCare,1,616.83
D0136,T04,2024-06,DiabetoShield,15,446.67
D0136,T04,2024-06,SugarBlock,2,562.6
D0136,T04,2024-07,GlucoCare,3,634.68
D0136,T04,2024-07,DiabetoShield,10,486.11
D0136,T04,2024-07,SugarBlock,7,582.06
D0136,T04,2024-08,GlucoCare,2,610.9
D0136,T04,2024-08,DiabetoShield,6,468.93
D0136,T04,2024-08,SugarBlock,14,538.59
D0136,T04,2024-09,GlucoCare,1,617.06
D0136,T04,2024-09,DiabetoShield,1,458.4
D0136,T04,2024-09,SugarBlock,16,547.24
D0136,T04,2024-10,GlucoCare,1,629.25
D0136,T04,2024-10,DiabetoShield,17,473.5
D0136,T04,2024-10,SugarBlock,3,517.62
D0136,T04,2024-11,GlucoCare,1,635.66
D0136,T04,2024-11,DiabetoShield,1,441.71
D0136,T04,2024-11,SugarBlock,16,572.72
D0136,T04,2024-12,GlucoCare,0,610.98
D0136,T04,2024-12,DiabetoShield,14,452.74
D0136,T04,2024-12,SugarBlock,2,588.28
D0137,T06,2024-01,GlucoCare,12,611.27
D0137,T06,2024-01,DiabetoShield,6,554.84
D0137,T06,2024-01,SugarBlock,9,690.22
D0137,T06,2024-02,GlucoCare,9,607.59
D0137,T06,2024-02,DiabetoShield,3,574.29
D0137,T06,2024-02,SugarBlock,11,675.89
D0137,T06,2024-03,GlucoCare,10,634.59
D0137,T06,2024-03,DiabetoShield,1,552.55
D0137,T06,2024-03,SugarBlock,10,693.38
D0137,T06,2024-04,GlucoCare,13,617.98
D0137,T06,2024-04,DiabetoShield,4,549.04
D0137,T06,2024-04,SugarBlock,12,674.05
D0137,T06,2024-05,GlucoCare,10,617.89
D0137,T06,2024-05,DiabetoShield,8,557.73
D0137,T06,2024-05,SugarBlock,4,670.85
D0137,T06,2024-06,GlucoCare,12,614.8
D0137,T06,2024-06,DiabetoShield,10,544.12
D0137,T06,2024-06,SugarBlock,5,671.82
D0137,T06,2024-07,GlucoCare,11,628.77
D0137,T06,2024-07,DiabetoShield,4,573.7
D0137,T06,2024-07,SugarBlock,10,677.41
D0137,T06,2024-08,GlucoCare,9,618.13
D0137,T06,2024-08,DiabetoShield,6,573.99
D0137,T06,2024-08,SugarBlock,12,682.39
D0137,T06,2024-09,GlucoCare,8,607.77
D0137,T06,2024-09,DiabetoShield,5,566.77
D0137,T06,2024-09,SugarBlock,7,679.38
D0137,T06,2024-10,GlucoCare,10,619.7
D0137,T06,2024-10,DiabetoShield,1,553.39
D0137,T06,2024-10,SugarBlock,10,685.51
D0137,T06,2024-11,GlucoCare,10,609.09
D0137,T06,2024-11,DiabetoShield,8,543.78
D0137,T06,2024-11,SugarBlock,5,685.03
D0137,T06,2024-12,GlucoCare,8,633.8
D0137,T06,2024-12,DiabetoShield,11,566.06
D0137,T06,2024-12,SugarBlock,4,705.71
D0138,T07,2024-01,GlucoCare,23,613.28
D0138,T07,2024-01,DiabetoShield,3,543.71
D0138,T07,2024-01,SugarBlock,48,677.97
D0138,T07,2024-02,GlucoCare,15,612.1
D0138,T07,2024-02,DiabetoShield,3,573.04
D0138,T07,2024-02,SugarBlock,35,707.05
D0138,T07,2024-03,GlucoCare,18,610.51
D0138,T07,2024-03,DiabetoShield,14,551.66
D0138,T07,2024-03,SugarBlock,26,687.12
D0138,T07,2024-04,GlucoCare,14,611.2
D0138,T07,2024-04,DiabetoShield,13,570.85
D0138,T07,2024-04,SugarBlock,34,698.24
D0138,T07,2024-05,GlucoCare,18,636.2
D0138,T07,2024-05,DiabetoShield,30,557.23
D0138,T07,2024-05,SugarBlock,6,710.52
D0138,T07,2024-06,GlucoCare,15,616.5
D0138,T07,2024-06,DiabetoShield,24,551.15
D0138,T07,2024-06,SugarBlock,24,703.48
D0138,T07,2024-07,GlucoCare,19,626.91
D0138,T07,2024-07,DiabetoShield,2,558.06
D0138,T07,2024-07,SugarBlock,34,695.42
D0138,T07,2024-08,GlucoCare,19,603.04
D0138,T07,2024-08,DiabetoShield,1,561.75
D0138,T07,2024-08,SugarBlock,44,670.02
D0138,T07,2024-09,GlucoCare,22,620.92
D0138,T07,2024-09,DiabetoShield,15,571.9
D0138,T07,2024-09,SugarBlock,35,672.66
D0138,T07,2024-10,GlucoCare,16,612.68
D0138,T07,2024-10,DiabetoShield,8,554.25
D0138,T07,2024-10,SugarBlock,32,673.03
D0138,T07,2024-11,GlucoCare,19,621.64
D0138,T07,2024-11,DiabetoShield,17,570.54
D0138,T07,2024-11,SugarBlock,21,694.51
D0138,T07,2024-12,GlucoCare,17,605.15
D0138,T07,2024-12,DiabetoShield,10,551.02
D0138,T07,2024-12,SugarBlock,33,688.97
D0139,T04,2024-01,GlucoCare,7,629.41
D0139,T04,2024-01,DiabetoShield,9,576.26
D0139,T04,2024-01,SugarBlock,6,687.25
D0139,T04,2024-02,GlucoCare,10,603.63
D0139,T04,2024-02,DiabetoShield,3,547.56
D0139,T04,2024-02,SugarBlock,10,700.46
D0139,T04,2024-03,GlucoCare,7,630.21
D0139,T04,2024-03,DiabetoShield,12,562.2
D0139,T04,2024-03,SugarBlock,0,696.25
D0139,T04,2024-04,GlucoCare,12,631.44
D0139,T04,2024-04,DiabetoShield,5,560.95
D0139,T04,2024-04,SugarBlock,9,680.33
D0139,T04,2024-05,GlucoCare,10,625.0
D0139,T04,2024-05,DiabetoShield,2,547.02
D0139,T04,2024-05,SugarBlock,9,698.83
D0139,T04,2024-06,GlucoCare,2,616.83
D0139,T04,2024-06,DiabetoShield,8,446.67
D0139,T04,2024-06,SugarBlock,10,562.6
D0139,T04,2024-07,GlucoCare,3,634.68
D0139,T04,2024-07,DiabetoShield,3,486.11
D0139,T04,2024-07,SugarBlock,14,582.06
D0139,T04,2024-08,GlucoCare,5,610.9
D0139,T04,2024-08,DiabetoShield,14,468.93
D0139,T04,2024-08,SugarBlock,3,538.59
D0139,T04,2024-09,GlucoCare,4,617.06
D0139,T04,2024-09,DiabetoShield,13,458.4
D0139,T04,2024-09,SugarBlock,5,547.24
D0139,T04,2024-10,GlucoCare,3,629.25
D0139,T04,2024-10,DiabetoShield,4,473.5
D0139,T04,2024-10,SugarBlock,12,517.62
D0139,T04,2024-11,GlucoCare,3,635.66
D0139,T04,2024-11,DiabetoShield,1,441.71
D0139,T04,2024-11,SugarBlock,14,572.72
D0139,T04,2024-12,GlucoCare,4,610.98
D0139,T04,2024-12,DiabetoShield,10,452.74
D0139,T04,2024-12,SugarBlock,6,588.28
D0140,T05,2024-01,GlucoCare,24,607.18
D0140,T05,2024-01,DiabetoShield,35,561.75
D0140,T05,2024-01,SugarBlock,2,704.7
D0140,T05,2024-02,GlucoCare,28,607.49
D0140,T05,2024-02,DiabetoShield,15,572.35
D0140,T05,2024-02,SugarBlock,22,705.77
D0140,T05,2024-03,GlucoCare,27,605.55
D0140,T05,2024-03,DiabetoShield,22,571.81
D0140,T05,2024-03,SugarBlock,19,670.26
D0140,T05,2024-04,GlucoCare,26,624.48
D0140,T05,2024-04,DiabetoShield,31,562.53
D0140,T05,2024-04,SugarBlock,5,708.85
D0140,T05,2024-05,GlucoCare,28,623.6
D0140,T05,2024-05,DiabetoShield,26,558.45
D0140,T05,2024-05,SugarBlock,13,677.2
D0140,T05,2024-06,GlucoCare,9,628.15
D0140,T05,2024-06,DiabetoShield,5,464.01
D0140,T05,2024-06,SugarBlock,35,594.89
D0140,T05,2024-07,GlucoCare,8,616.49
D0140,T05,2024-07,DiabetoShield,5,428.81
D0140,T05,2024-07,SugarBlock,39,541.64
D0140,T05,2024-08,GlucoCare,6,636.9
D0140,T05,2024-08,DiabetoShield,7,433.77
D0140,T05,2024-08,SugarBlock,40,567.81
D0140,T05,2024-09,GlucoCare,12,607.16
D0140,T05,2024-09,DiabetoShield,0,438.35
D0140,T05,2024-09,SugarBlock,49,567.38
D0140,T05,2024-10,GlucoCare,7,614.58
D0140,T05,2024-10,DiabetoShield,53,430.86
D0140,T05,2024-10,SugarBlock,1,550.99
D0140,T05,2024-11,GlucoCare,12,614.85
D0140,T05,2024-11,DiabetoShield,23,420.62
D0140,T05,2024-11,SugarBlock,32,554.11
D0140,T05,2024-12,GlucoCare,6,607.68
D0140,T05,2024-12,DiabetoShield,12,466.31
D0140,T05,2024-12,SugarBlock,24,509.23
D0141,T08,2024-01,GlucoCare,6,628.82
D0141,T08,2024-01,DiabetoShield,11,555.74
D0141,T08,2024-01,SugarBlock,6,710.43
D0141,T08,2024-02,GlucoCare,5,619.89
D0141,T08,2024-02,DiabetoShield,12,576.63
D0141,T08,2024-02,SugarBlock,10,702.8
D0141,T08,2024-03,GlucoCare,10,608.44
D0141,T08,2024-03,DiabetoShield,8,573.31
D0141,T08,2024-03,SugarBlock,17,687.25
D0141,T08,2024-04,GlucoCare,6,636.52
D0141,T08,2024-04,DiabetoShield,5,556.39
D0141,T08,2024-04,SugarBlock,14,701.72
D0141,T08,2024-05,GlucoCare,8,628.79
D0141,T08,2024-05,DiabetoShield,1,552.07
D0141,T08,2024-05,SugarBlock,17,672.19
D0141,T08,2024-06,GlucoCare,5,607.82
D0141,T08,2024-06,DiabetoShield,4,556.23
D0141,T08,2024-06,SugarBlock,13,706.85
D0141,T08,2024-07,GlucoCare,7,620.8
D0141,T08,2024-07,DiabetoShield,19,574.08
D0141,T08,2024-07,SugarBlock,3,704.0
D0141,T08,2024-08,GlucoCare,6,635.05
D0141,T08,2024-08,DiabetoShield,18,562.38
D0141,T08,2024-08,SugarBlock,1,695.84
D0141,T08,2024-09,GlucoCare,11,625.84
D0141,T08,2024-09,DiabetoShield,12,575.34
D0141,T08,2024-09,SugarBlock,11,704.58
D0141,T08,2024-10,GlucoCare,9,623.58
D0141,T08,2024-10,DiabetoShield,19,563.96
D0141,T08,2024-10,SugarBlock,2,693.21
D0141,T08,2024-11,GlucoCare,7,626.91
D0141,T08,2024-11,DiabetoShield,20,571.35
D0141,T08,2024-11,SugarBlock,4,670.16
D0141,T08,2024-12,GlucoCare,10,624.64
D0141,T08,2024-12,DiabetoShield,7,566.48
D0141,T08,2024-12,SugarBlock,14,673.75
D0142,T09,2024-01,GlucoCare,8,607.03
D0142,T09,2024-01,DiabetoShield,19,567.47
D0142,T09,2024-01,SugarBlock,10,683.8
D0142,T09,2024-02,GlucoCare,7,629.02
D0142,T09,2024-02,DiabetoShield,21,576.39
D0142,T09,2024-02,SugarBlock,11,699.29
D0142,T09,2024-03,GlucoCare,8,622.06
D0142,T09,2024-03,DiabetoShield,9,546.15
D0142,T09,2024-03,SugarBlock,15,703.58
D0142,T09,2024-04,GlucoCare,6,627.61
D0142,T09,2024-04,DiabetoShield,13,551.04
D0142,T09,2024-04,SugarBlock,10,704.36
D0142,T09,2024-05,GlucoCare,6,631.99
D0142,T09,2024-05,DiabetoShield,6,571.61
D0142,T09,2024-05,SugarBlock,26,685.58
D0142,T09,2024-06,GlucoCare,8,628.81
D0142,T09,2024-06,DiabetoShield,0,563.39
D0142,T09,2024-06,SugarBlock,26,680.47
D0142,T09,2024-07,GlucoCare,10,609.21
D0142,T09,2024-07,DiabetoShield,7,552.52
D0142,T09,2024-07,SugarBlock,15,669.51
D0142,T09,2024-08,GlucoCare,11,604.11
D0142,T09,2024-08,DiabetoShield,21,566.89
D0142,T09,2024-08,SugarBlock,9,707.51
D0142,T09,2024-09,GlucoCare,6,634.85
D0142,T09,2024-09,DiabetoShield,7,571.68
D0142,T09,2024-09,SugarBlock,17,682.64
D0142,T09,2024-10,GlucoCare,8,610.04
D0142,T09,2024-10,DiabetoShield,9,556.93
D0142,T09,2024-10,SugarBlock,17,697.21
D0142,T09,2024-11,GlucoCare,9,634.89
D0142,T09,2024-11,DiabetoShield,28,558.77
D0142,T09,2024-11,SugarBlock,2,706.34
D0142,T09,2024-12,GlucoCare,8,633.56
D0142,T09,2024-12,DiabetoShield,19,556.63
D0142,T09,2024-12,SugarBlock,12,674.56
D0143,T10,2024-01,GlucoCare,14,625.16
D0143,T10,2024-01,DiabetoShield,17,556.67
D0143,T10,2024-01,SugarBlock,30,706.76
D0143,T10,2024-02,GlucoCare,12,620.02
D0143,T10,2024-02,DiabetoShield,12,561.81
D0143,T10,2024-02,SugarBlock,35,694.63
D0143,T10,2024-03,GlucoCare,15,613.18
D0143,T10,2024-03,DiabetoShield,8,550.51
D0143,T10,2024-03,SugarBlock,29,692.26
D0143,T10,2024-04,GlucoCare,16,605.08
D0143,T10,2024-04,DiabetoShield,23,563.35
D0143,T10,2024-04,SugarBlock,22,692.18
D0143,T10,2024-05,GlucoCare,16,635.95
D0143,T10,2024-05,DiabetoShield,6,544.47
D0143,T10,2024-05,SugarBlock,39,679.63
D0143,T10,2024-06,GlucoCare,13,610.47
D0143,T10,2024-06,DiabetoShield,19,574.24
D0143,T10,2024-06,SugarBlock,15,689.61
D0143,T10,2024-07,GlucoCare,15,637.08
D0143,T10,2024-07,DiabetoShield,18,560.97
D0143,T10,2024-07,SugarBlock,21,678.12
D0143,T10,2024-08,GlucoCare,12,603.83
D0143,T10,2024-08,DiabetoShield,1,564.59
D0143,T10,2024-08,SugarBlock,52,707.67
D0143,T10,2024-09,GlucoCare,10,618.77
D0143,T10,2024-09,DiabetoShield,9,574.82
D0143,T10,2024-09,SugarBlock,28,686.21
D0143,T10,2024-10,GlucoCare,14,601.68
D0143,T10,2024-10,DiabetoShield,14,573.58
D0143,T10,2024-10,SugarBlock,28,687.63
D0143,T10,2024-11,GlucoCare,22,614.55
D0143,T10,2024-11,DiabetoShield,34,576.61
D0143,T10,2024-11,SugarBlock,11,687.55
D0143,T10,2024-12,GlucoCare,7,607.8
D0143,T10,2024-12,DiabetoShield,25,555.29
D0143,T10,2024-12,SugarBlock,17,692.56
D0144,T03,2024-01,GlucoCare,26,618.03
D0144,T03,2024-01,DiabetoShield,23,564.57
D0144,T03,2024-01,SugarBlock,18,686.67
D0144,T03,2024-02,GlucoCare,23,637.81
D0144,T03,2024-02,DiabetoShield,27,558.6
D0144,T03,2024-02,SugarBlock,2,670.51
D0144,T03,2024-03,GlucoCare,15,612.18
D0144,T03,2024-03,DiabetoShield,30,552.19
D0144,T03,2024-03,SugarBlock,5,673.73
D0144,T03,2024-04,GlucoCare,17,603.73
D0144,T03,2024-04,DiabetoShield,23,571.56
D0144,T03,2024-04,SugarBlock,13,671.69
D0144,T03,2024-05,GlucoCare,17,604.54
D0144,T03,2024-05,DiabetoShield,3,545.82
D0144,T03,2024-05,SugarBlock,32,696.02
D0144,T03,2024-06,GlucoCare,22,618.48
D0144,T03,2024-06,DiabetoShield,16,556.75
D0144,T03,2024-06,SugarBlock,24,701.21
D0144,T03,2024-07,GlucoCare,19,619.15
D0144,T03,2024-07,DiabetoShield,7,557.5
D0144,T03,2024-07,SugarBlock,23,698.91
D0144,T03,2024-08,GlucoCare,22,613.87
D0144,T03,2024-08,DiabetoShield,31,551.6
D0144,T03,2024-08,SugarBlock,11,705.1
D0144,T03,2024-09,GlucoCare,32,602.28
D0144,T03,2024-09,DiabetoShield,24,564.56
D0144,T03,2024-09,SugarBlock,16,671.21
D0144,T03,2024-10,GlucoCare,17,605.99
D0144,T03,2024-10,DiabetoShield,26,550.99
D0144,T03,2024-10,SugarBlock,7,679.33
D0144,T03,2024-11,GlucoCare,27,623.43
D0144,T03,2024-11,DiabetoShield,17,563.63
D0144,T03,2024-11,SugarBlock,23,708.2
D0144,T03,2024-12,GlucoCare,20,630.46
D0144,T03,2024-12,DiabetoShield,2,543.98
D0144,T03,2024-12,SugarBlock,43,686.2
D0145,T08,2024-01,GlucoCare,13,628.82
D0145,T08,2024-01,DiabetoShield,6,555.74
D0145,T08,2024-01,SugarBlock,32,710.43
D0145,T08,2024-02,GlucoCare,9,619.89
D0145,T08,2024-02,DiabetoShield,13,576.63
D0145,T08,2024-02,SugarBlock,23,702.8
D0145,T08,2024-03,GlucoCare,11,608.44
D0145,T08,2024-03,DiabetoShield,3,573.31
D0145,T08,2024-03,SugarBlock,30,687.25
D0145,T08,2024-04,GlucoCare,9,636.52
D0145,T08,2024-04,DiabetoShield,13,556.39
D0145,T08,2024-04,SugarBlock,16,701.72
D0145,T08,2024-05,GlucoCare,8,628.79
D0145,T08,2024-05,DiabetoShield,18,552.07
D0145,T08,2024-05,SugarBlock,12,672.19
D0145,T08,2024-06,GlucoCare,11,607.82
D0145,T08,2024-06,DiabetoShield,10,556.23
D0145,T08,2024-06,SugarBlock,30,706.85
D0145,T08,2024-07,GlucoCare,15,620.8
D0145,T08,2024-07,DiabetoShield,16,574.08
D0145,T08,2024-07,SugarBlock,19,704.0
D0145,T08,2024-08,GlucoCare,7,635.05
D0145,T08,2024-08,DiabetoShield,15,562.38
D0145,T08,2024-08,SugarBlock,12,695.84
D0145,T08,2024-09,GlucoCare,11,625.84
D0145,T08,2024-09,DiabetoShield,0,575.34
D0145,T08,2024-09,SugarBlock,37,704.58
D0145,T08,2024-10,GlucoCare,8,623.58
D0145,T08,2024-10,DiabetoShield,3,563.96
D0145,T08,2024-10,SugarBlock,33,693.21
D0145,T08,2024-11,GlucoCare,8,626.91
D0145,T08,2024-11,DiabetoShield,33,571.35
D0145,T08,2024-11,SugarBlock,1,670.16
D0145,T08,2024-12,GlucoCare,12,624.64
D0145,T08,2024-12,DiabetoShield,26,566.48
D0145,T08,2024-12,SugarBlock,7,673.75
D0146,T08,2024-01,GlucoCare,14,628.82
D0146,T08,2024-01,DiabetoShield,17,555.74
D0146,T08,2024-01,SugarBlock,3,710.43
D0146,T08,2024-02,GlucoCare,17,619.89
D0146,T08,2024-02,DiabetoShield,14,576.63
D0146,T08,2024-02,SugarBlock,10,702.8
D0146,T08,2024-03,GlucoCare,15,608.44
D0146,T08,2024-03,DiabetoShield,17,573.31
D0146,T08,2024-03,SugarBlock,10,687.25
D0146,T08,2024-04,GlucoCare,16,636.52
D0146,T08,2024-04,DiabetoShield,0,556.39
D0146,T08,2024-04,SugarBlock,22,701.72
D0146,T08,2024-05,GlucoCare,18,628.79
D0146,T08,2024-05,DiabetoShield,2,552.07
D0146,T08,2024-05,SugarBlock,19,672.19
D0146,T08,2024-06,GlucoCare,13,607.82
D0146,T08,2024-06,DiabetoShield,18,556.23
D0146,T08,2024-06,SugarBlock,6,706.85
D0146,T08,2024-07,GlucoCare,15,620.8
D0146,T08,2024-07,DiabetoShield,13,574.08
D0146,T08,2024-07,SugarBlock,7,704.0
D0146,T08,2024-08,GlucoCare,16,635.05
D0146,T08,2024-08,DiabetoShield,21,562.38
D0146,T08,2024-08,SugarBlock,0,695.84
D0146,T08,2024-09,GlucoCare,17,625.84
D0146,T08,2024-09,DiabetoShield,20,575.34
D0146,T08,2024-09,SugarBlock,3,704.58
D0146,T08,2024-10,GlucoCare,16,623.58
D0146,T08,2024-10,DiabetoShield,14,563.96
D0146,T08,2024-10,SugarBlock,10,693.21
D0146,T08,2024-11,GlucoCare,10,626.91
D0146,T08,2024-11,DiabetoShield,13,571.35
D0146,T08,2024-11,SugarBlock,4,670.16
D0146,T08,2024-12,GlucoCare,13,624.64
D0146,T08,2024-12,DiabetoShield,15,566.48
D0146,T08,2024-12,SugarBlock,4,673.75
D0147,T10,2024-01,GlucoCare,13,625.16
D0147,T10,2024-01,DiabetoShield,12,556.67
D0147,T10,2024-01,SugarBlock,10,706.76
D0147,T10,2024-02,GlucoCare,14,620.02
D0147,T10,2024-02,DiabetoShield,5,561.81
D0147,T10,2024-02,SugarBlock,15,694.63
D0147,T10,2024-03,GlucoCare,16,613.18
D0147,T10,2024-03,DiabetoShield,13,550.51
D0147,T10,2024-03,SugarBlock,8,692.26
D0147,T10,2024-04,GlucoCare,18,605.08
D0147,T10,2024-04,DiabetoShield,7,563.35
D0147,T10,2024-04,SugarBlock,11,692.18
D0147,T10,2024-05,GlucoCare,15,635.95
D0147,T10,2024-05,DiabetoShield,2,544.47
D0147,T10,2024-05,SugarBlock,21,679.63
D0147,T10,2024-06,GlucoCare,18,610.47
D0147,T10,2024-06,DiabetoShield,13,574.24
D0147,T10,2024-06,SugarBlock,6,689.61
D0147,T10,2024-07,GlucoCare,11,637.08
D0147,T10,2024-07,DiabetoShield,17,560.97
D0147,T10,2024-07,SugarBlock,1,678.12
D0147,T10,2024-08,GlucoCare,12,603.83
D0147,T10,2024-08,DiabetoShield,19,564.59
D0147,T10,2024-08,SugarBlock,1,707.67
D0147,T10,2024-09,GlucoCare,13,618.77
D0147,T10,2024-09,DiabetoShield,8,574.82
D0147,T10,2024-09,SugarBlock,12,686.21
D0147,T10,2024-10,GlucoCare,10,601.68
D0147,T10,2024-10,DiabetoShield,11,573.58
D0147,T10,2024-10,SugarBlock,9,687.63
D0147,T10,2024-11,GlucoCare,17,614.55
D0147,T10,2024-11,DiabetoShield,12,576.61
D0147,T10,2024-11,SugarBlock,9,687.55
D0147,T10,2024-12,GlucoCare,11,607.8
D0147,T10,2024-12,DiabetoShield,1,555.29
D0147,T10,2024-12,SugarBlock,17,692.56
D0148,T07,2024-01,GlucoCare,8,613.28
D0148,T07,2024-01,DiabetoShield,5,543.71
D0148,T07,2024-01,SugarBlock,18,677.97
D0148,T07,2024-02,GlucoCare,9,612.1
D0148,T07,2024-02,DiabetoShield,16,573.04
D0148,T07,2024-02,SugarBlock,3,707.05
D0148,T07,2024-03,GlucoCare,12,610.51
D0148,T07,2024-03,DiabetoShield,2,551.66
D0148,T07,2024-03,SugarBlock,22,687.12
D0148,T07,2024-04,GlucoCare,4,611.2
D0148,T07,2024-04,DiabetoShield,13,570.85
D0148,T07,2024-04,SugarBlock,7,698.24
D0148,T07,2024-05,GlucoCare,9,636.2
D0148,T07,2024-05,DiabetoShield,8,557.23
D0148,T07,2024-05,SugarBlock,18,710.52
D0148,T07,2024-06,GlucoCare,11,616.5
D0148,T07,2024-06,DiabetoShield,20,551.15
D0148,T07,2024-06,SugarBlock,7,703.48
D0148,T07,2024-07,GlucoCare,11,626.91
D0148,T07,2024-07,DiabetoShield,4,558.06
D0148,T07,2024-07,SugarBlock,24,695.42
D0148,T07,2024-08,GlucoCare,13,603.04
D0148,T07,2024-08,DiabetoShield,10,561.75
D0148,T07,2024-08,SugarBlock,11,670.02
D0148,T07,2024-09,GlucoCare,10,620.92
D0148,T07,2024-09,DiabetoShield,5,571.9
D0148,T07,2024-09,SugarBlock,22,672.66
D0148,T07,2024-10,GlucoCare,7,612.68
D0148,T07,2024-10,DiabetoShield,20,554.25
D0148,T07,2024-10,SugarBlock,1,673.03
D0148,T07,2024-11,GlucoCare,11,621.64
D0148,T07,2024-11,DiabetoShield,8,570.54
D0148,T07,2024-11,SugarBlock,12,694.51
D0148,T07,2024-12,GlucoCare,12,605.15
D0148,T07,2024-12,DiabetoShield,26,551.02
D0148,T07,2024-12,SugarBlock,6,688.97
D0149,T03,2024-01,GlucoCare,17,618.03
D0149,T03,2024-01,DiabetoShield,40,564.57
D0149,T03,2024-01,SugarBlock,2,686.67
D0149,T03,2024-02,GlucoCare,18,637.81
D0149,T03,2024-02,DiabetoShield,35,558.6
D0149,T03,2024-02,SugarBlock,7,670.51
D0149,T03,2024-03,GlucoCare,12,612.18
D0149,T03,2024-03,DiabetoShield,29,552.19
D0149,T03,2024-03,SugarBlock,17,673.73
D0149,T03,2024-04,GlucoCare,10,603.73
D0149,T03,2024-04,DiabetoShield,28,571.56
D0149,T03,2024-04,SugarBlock,16,671.69
D0149,T03,2024-05,GlucoCare,13,604.54
D0149,T03,2024-05,DiabetoShield,24,545.82
D0149,T03,2024-05,SugarBlock,22,696.02
D0149,T03,2024-06,GlucoCare,13,618.48
D0149,T03,2024-06,DiabetoShield,12,556.75
D0149,T03,2024-06,SugarBlock,30,701.21
D0149,T03,2024-07,GlucoCare,18,619.15
D0149,T03,2024-07,DiabetoShield,29,557.5
D0149,T03,2024-07,SugarBlock,18,698.91
D0149,T03,2024-08,GlucoCare,16,613.87
D0149,T03,2024-08,DiabetoShield,30,551.6
D0149,T03,2024-08,SugarBlock,14,705.1
D0149,T03,2024-09,GlucoCare,18,602.28
D0149,T03,2024-09,DiabetoShield,21,564.56
D0149,T03,2024-09,SugarBlock,25,671.21
D0149,T03,2024-10,GlucoCare,12,605.99
D0149,T03,2024-10,DiabetoShield,29,550.99
D0149,T03,2024-10,SugarBlock,19,679.33
D0149,T03,2024-11,GlucoCare,17,623.43
D0149,T03,2024-11,DiabetoShield,22,563.63
D0149,T03,2024-11,SugarBlock,32,708.2
D0149,T03,2024-12,GlucoCare,15,630.46
D0149,T03,2024-12,DiabetoShield,11,543.98
D0149,T03,2024-12,SugarBlock,38,686.2
D0150,T08,2024-01,GlucoCare,21,628.82
D0150,T08,2024-01,DiabetoShield,1,555.74
D0150,T08,2024-01,SugarBlock,24,710.43
D0150,T08,2024-02,GlucoCare,13,619.89
D0150,T08,2024-02,DiabetoShield,14,576.63
D0150,T08,2024-02,SugarBlock,11,702.8
D0150,T08,2024-03,GlucoCare,14,608.44
D0150,T08,2024-03,DiabetoShield,11,573.31
D0150,T08,2024-03,SugarBlock,12,687.25
D0150,T08,2024-04,GlucoCare,16,636.52
D0150,T08,2024-04,DiabetoShield,3,556.39
D0150,T08,2024-04,SugarBlock,21,701.72
D0150,T08,2024-05,GlucoCare,18,628.79
D0150,T08,2024-05,DiabetoShield,2,552.07
D0150,T08,2024-05,SugarBlock,22,672.19
D0150,T08,2024-06,GlucoCare,16,607.82
D0150,T08,2024-06,DiabetoShield,20,556.23
D0150,T08,2024-06,SugarBlock,3,706.85
D0150,T08,2024-07,GlucoCare,20,620.8
D0150,T08,2024-07,DiabetoShield,8,574.08
D0150,T08,2024-07,SugarBlock,19,704.0
D0150,T08,2024-08,GlucoCare,13,635.05
D0150,T08,2024-08,DiabetoShield,5,562.38
D0150,T08,2024-08,SugarBlock,22,695.84
D0150,T08,2024-09,GlucoCare,20,625.84
D0150,T08,2024-09,DiabetoShield,25,575.34
D0150,T08,2024-09,SugarBlock,1,704.58
D0150,T08,2024-10,GlucoCare,13,623.58
D0150,T08,2024-10,DiabetoShield,11,563.96
D0150,T08,2024-10,SugarBlock,13,693.21
D0150,T08,2024-11,GlucoCare,18,626.91
D0150,T08,2024-11,DiabetoShield,7,571.35
D0150,T08,2024-11,SugarBlock,19,670.16
D0150,T08,2024-12,GlucoCare,17,624.64
D0150,T08,2024-12,DiabetoShield,11,566.48
D0150,T08,2024-12,SugarBlock,11,673.75
D0151,T02,2024-01,GlucoCare,11,638.1
D0151,T02,2024-01,DiabetoShield,2,575.44
D0151,T02,2024-01,SugarBlock,30,707.18
D0151,T02,2024-02,GlucoCare,10,634.21
D0151,T02,2024-02,DiabetoShield,13,545.53
D0151,T02,2024-02,SugarBlock,18,706.91
D0151,T02,2024-03,GlucoCare,7,610.52
D0151,T02,2024-03,DiabetoShield,13,571.37
D0151,T02,2024-03,SugarBlock,24,700.1
D0151,T02,2024-04,GlucoCare,15,632.36
D0151,T02,2024-04,DiabetoShield,29,559.53
D0151,T02,2024-04,SugarBlock,6,686.89
D0151,T02,2024-05,GlucoCare,14,623.69
D0151,T02,2024-05,DiabetoShield,30,572.17
D0151,T02,2024-05,SugarBlock,5,696.11
D0151,T02,2024-06,GlucoCare,12,619.23
D0151,T02,2024-06,DiabetoShield,1,549.45
D0151,T02,2024-06,SugarBlock,37,691.97
D0151,T02,2024-07,GlucoCare,11,638.08
D0151,T02,2024-07,DiabetoShield,6,551.25
D0151,T02,2024-07,SugarBlock,29,701.28
D0151,T02,2024-08,GlucoCare,11,631.24
D0151,T02,2024-08,DiabetoShield,32,575.36
D0151,T02,2024-08,SugarBlock,0,702.69
D0151,T02,2024-09,GlucoCare,12,624.81
D0151,T02,2024-09,DiabetoShield,38,559.86
D0151,T02,2024-09,SugarBlock,3,687.28
D0151,T02,2024-10,GlucoCare,9,624.56
D0151,T02,2024-10,DiabetoShield,5,550.84
D0151,T02,2024-10,SugarBlock,27,682.91
D0151,T02,2024-11,GlucoCare,8,634.01
D0151,T02,2024-11,DiabetoShield,15,546.12
D0151,T02,2024-11,SugarBlock,21,707.67
D0151,T02,2024-12,GlucoCare,9,628.23
D0151,T02,2024-12,DiabetoShield,30,544.17
D0151,T02,2024-12,SugarBlock,3,689.81
D0152,T04,2024-01,GlucoCare,5,629.41
D0152,T04,2024-01,DiabetoShield,6,576.26
D0152,T04,2024-01,SugarBlock,3,687.25
D0152,T04,2024-02,GlucoCare,5,603.63
D0152,T04,2024-02,DiabetoShield,1,547.56
D0152,T04,2024-02,SugarBlock,8,700.46
D0152,T04,2024-03,GlucoCare,7,630.21
D0152,T04,2024-03,DiabetoShield,3,562.2
D0152,T04,2024-03,SugarBlock,6,696.25
D0152,T04,2024-04,GlucoCare,8,631.44
D0152,T04,2024-04,DiabetoShield,7,560.95
D0152,T04,2024-04,SugarBlock,4,680.33
D0152,T04,2024-05,GlucoCare,7,625.0
D0152,T04,2024-05,DiabetoShield,2,547.02
D0152,T04,2024-05,SugarBlock,6,698.83
D0152,T04,2024-06,GlucoCare,2,616.83
D0152,T04,2024-06,DiabetoShield,1,446.67
D0152,T04,2024-06,SugarBlock,9,562.6
D0152,T04,2024-07,GlucoCare,3,634.68
D0152,T04,2024-07,DiabetoShield,8,486.11
D0152,T04,2024-07,SugarBlock,4,582.06
D0152,T04,2024-08,GlucoCare,3,610.9
D0152,T04,2024-08,DiabetoShield,6,468.93
D0152,T04,2024-08,SugarBlock,7,538.59
D0152,T04,2024-09,GlucoCare,3,617.06
D0152,T04,2024-09,DiabetoShield,7,458.4
D0152,T04,2024-09,SugarBlock,5,547.24
D0152,T04,2024-10,GlucoCare,2,629.25
D0152,T04,2024-10,DiabetoShield,6,473.5
D0152,T04,2024-10,SugarBlock,7,517.62
D0152,T04,2024-11,GlucoCare,3,635.66
D0152,T04,2024-11,DiabetoShield,7,441.71
D0152,T04,2024-11,SugarBlock,5,572.72
D0152,T04,2024-12,GlucoCare,2,610.98
D0152,T04,2024-12,DiabetoShield,8,452.74
D0152,T04,2024-12,SugarBlock,4,588.28
D0153,T05,2024-01,GlucoCare,18,607.18
D0153,T05,2024-01,DiabetoShield,10,561.75
D0153,T05,2024-01,SugarBlock,12,704.7
D0153,T05,2024-02,GlucoCare,10,607.49
D0153,T05,2024-02,DiabetoShield,18,572.35
D0153,T05,2024-02,SugarBlock,1,705.77
D0153,T05,2024-03,GlucoCare,13,605.55
D0153,T05,2024-03,DiabetoShield,0,571.81
D0153,T05,2024-03,SugarBlock,16,670.26
D0153,T05,2024-04,GlucoCare,16,624.48
D0153,T05,2024-04,DiabetoShield,3,562.53
D0153,T05,2024-04,SugarBlock,14,708.85
D0153,T05,2024-05,GlucoCare,12,623.6
D0153,T05,2024-05,DiabetoShield,3,558.45
D0153,T05,2024-05,SugarBlock,16,677.2
D0153,T05,2024-06,GlucoCare,6,628.15
D0153,T05,2024-06,DiabetoShield,2,464.01
D0153,T05,2024-06,SugarBlock,27,594.89
D0153,T05,2024-07,GlucoCare,4,616.49
D0153,T05,2024-07,DiabetoShield,3,428.81
D0153,T05,2024-07,SugarBlock,21,541.64
D0153,T05,2024-08,GlucoCare,5,636.9
D0153,T05,2024-08,DiabetoShield,19,433.77
D0153,T05,2024-08,SugarBlock,8,567.81
D0153,T05,2024-09,GlucoCare,6,607.16
D0153,T05,2024-09,DiabetoShield,22,438.35
D0153,T05,2024-09,SugarBlock,2,567.38
D0153,T05,2024-10,GlucoCare,5,614.58
D0153,T05,2024-10,DiabetoShield,11,430.86
D0153,T05,2024-10,SugarBlock,18,550.99
D0153,T05,2024-11,GlucoCare,5,614.85
D0153,T05,2024-11,DiabetoShield,17,420.62
D0153,T05,2024-11,SugarBlock,8,554.11
D0153,T05,2024-12,GlucoCare,4,607.68
D0153,T05,2024-12,DiabetoShield,13,466.31
D0153,T05,2024-12,SugarBlock,12,509.23
D0154,T08,2024-01,GlucoCare,10,628.82
D0154,T08,2024-01,DiabetoShield,8,555.74
D0154,T08,2024-01,SugarBlock,21,710.43
D0154,T08,2024-02,GlucoCare,14,619.89
D0154,T08,2024-02,DiabetoShield,3,576.63
D0154,T08,2024-02,SugarBlock,27,702.8
D0154,T08,2024-03,GlucoCare,13,608.44
D0154,T08,2024-03,DiabetoShield,8,573.31
D0154,T08,2024-03,SugarBlock,25,687.25
D0154,T08,2024-04,GlucoCare,13,636.52
D0154,T08,2024-04,DiabetoShield,12,556.39
D0154,T08,2024-04,SugarBlock,18,701.72
D0154,T08,2024-05,GlucoCare,16,628.79
D0154,T08,2024-05,DiabetoShield,3,552.07
D0154,T08,2024-05,SugarBlock,26,672.19
D0154,T08,2024-06,GlucoCare,13,607.82
D0154,T08,2024-06,DiabetoShield,29,556.23
D0154,T08,2024-06,SugarBlock,4,706.85
D0154,T08,2024-07,GlucoCare,14,620.8
D0154,T08,2024-07,DiabetoShield,14,574.08
D0154,T08,2024-07,SugarBlock,12,704.0
D0154,T08,2024-08,GlucoCare,13,635.05
D0154,T08,2024-08,DiabetoShield,13,562.38
D0154,T08,2024-08,SugarBlock,19,695.84
D0154,T08,2024-09,GlucoCare,12,625.84
D0154,T08,2024-09,DiabetoShield,27,575.34
D0154,T08,2024-09,SugarBlock,3,704.58
D0154,T08,2024-10,GlucoCare,14,623.58
D0154,T08,2024-10,DiabetoShield,27,563.96
D0154,T08,2024-10,SugarBlock,3,693.21
D0154,T08,2024-11,GlucoCare,14,626.91
D0154,T08,2024-11,DiabetoShield,21,571.35
D0154,T08,2024-11,SugarBlock,12,670.16
D0154,T08,2024-12,GlucoCare,12,624.64
D0154,T08,2024-12,DiabetoShield,11,566.48
D0154,T08,2024-12,SugarBlock,20,673.75
D0155,T02,2024-01,GlucoCare,8,638.1
D0155,T02,2024-01,DiabetoShield,1,575.44
D0155,T02,2024-01,SugarBlock,19,707.18
D0155,T02,2024-02,GlucoCare,6,634.21
D0155,T02,2024-02,DiabetoShield,18,545.53
D0155,T02,2024-02,SugarBlock,1,706.91
D0155,T02,2024-03,GlucoCare,7,610.52
D0155,T02,2024-03,DiabetoShield,18,571.37
D0155,T02,2024-03,SugarBlock,4,700.1
D0155,T02,2024-04,GlucoCare,9,632.36
D0155,T02,2024-04,DiabetoShield,1,559.53
D0155,T02,2024-04,SugarBlock,20,686.89
D0155,T02,2024-05,GlucoCare,5,623.69
D0155,T02,2024-05,DiabetoShield,14,572.17
D0155,T02,2024-05,SugarBlock,7,696.11
D0155,T02,2024-06,GlucoCare,7,619.23
D0155,T02,2024-06,DiabetoShield,7,549.45
D0155,T02,2024-06,SugarBlock,11,691.97
D0155,T02,2024-07,GlucoCare,10,638.08
D0155,T02,2024-07,DiabetoShield,2,551.25
D0155,T02,2024-07,SugarBlock,24,701.28
D0155,T02,2024-08,GlucoCare,9,631.24
D0155,T02,2024-08,DiabetoShield,7,575.36
D0155,T02,2024-08,SugarBlock,11,702.69
D0155,T02,2024-09,GlucoCare,10,624.81
D0155,T02,2024-09,DiabetoShield,11,559.86
D0155,T02,2024-09,SugarBlock,14,687.28
D0155,T02,2024-10,GlucoCare,10,624.56
D0155,T02,2024-10,DiabetoShield,0,550.84
D0155,T02,2024-10,SugarBlock,19,682.91
D0155,T02,2024-11,GlucoCare,6,634.01
D0155,T02,2024-11,DiabetoShield,12,546.12
D0155,T02,2024-11,SugarBlock,10,707.67
D0155,T02,2024-12,GlucoCare,8,628.23
D0155,T02,2024-12,DiabetoShield,5,544.17
D0155,T02,2024-12,SugarBlock,20,689.81
D0156,T07,2024-01,GlucoCare,20,613.28
D0156,T07,2024-01,DiabetoShield,20,543.71
D0156,T07,2024-01,SugarBlock,16,677.97
D0156,T07,2024-02,GlucoCare,24,612.1
D0156,T07,2024-02,DiabetoShield,27,573.04
D0156,T07,2024-02,SugarBlock,19,707.05
D0156,T07,2024-03,GlucoCare,28,610.51
D0156,T07,2024-03,DiabetoShield,41,551.66
D0156,T07,2024-03,SugarBlock,1,687.12
D0156,T07,2024-04,GlucoCare,24,611.2
D0156,T07,2024-04,DiabetoShield,25,570.85
D0156,T07,2024-04,SugarBlock,18,698.24
D0156,T07,2024-05,GlucoCare,22,636.2
D0156,T07,2024-05,DiabetoShield,31,557.23
D0156,T07,2024-05,SugarBlock,6,710.52
D0156,T07,2024-06,GlucoCare,17,616.5
D0156,T07,2024-06,DiabetoShield,3,551.15
D0156,T07,2024-06,SugarBlock,34,703.48
D0156,T07,2024-07,GlucoCare,29,626.91
D0156,T07,2024-07,DiabetoShield,10,558.06
D0156,T07,2024-07,SugarBlock,32,695.42
D0156,T07,2024-08,GlucoCare,26,603.04
D0156,T07,2024-08,DiabetoShield,27,561.75
D0156,T07,2024-08,SugarBlock,15,670.02
D0156,T07,2024-09,GlucoCare,37,620.92
D0156,T07,2024-09,DiabetoShield,10,571.9
D0156,T07,2024-09,SugarBlock,30,672.66
D0156,T07,2024-10,GlucoCare,38,612.68
D0156,T07,2024-10,DiabetoShield,11,554.25
D0156,T07,2024-10,SugarBlock,33,673.03
D0156,T07,2024-11,GlucoCare,25,621.64
D0156,T07,2024-11,DiabetoShield,5,570.54
D0156,T07,2024-11,SugarBlock,34,694.51
D0156,T07,2024-12,GlucoCare,25,605.15
D0156,T07,2024-12,DiabetoShield,37,551.02
D0156,T07,2024-12,SugarBlock,3,688.97
D0157,T02,2024-01,GlucoCare,9,638.1
D0157,T02,2024-01,DiabetoShield,5,575.44
D0157,T02,2024-01,SugarBlock,9,707.18
D0157,T02,2024-02,GlucoCare,12,634.21
D0157,T02,2024-02,DiabetoShield,2,545.53
D0157,T02,2024-02,SugarBlock,14,706.91
D0157,T02,2024-03,GlucoCare,10,610.52
D0157,T02,2024-03,DiabetoShield,7,571.37
D0157,T02,2024-03,SugarBlock,9,700.1
D0157,T02,2024-04,GlucoCare,12,632.36
D0157,T02,2024-04,DiabetoShield,1,559.53
D0157,T02,2024-04,SugarBlock,15,686.89
D0157,T02,2024-05,GlucoCare,12,623.69
D0157,T02,2024-05,DiabetoShield,16,572.17
D0157,T02,2024-05,SugarBlock,0,696.11
D0157,T02,2024-06,GlucoCare,11,619.23
D0157,T02,2024-06,DiabetoShield,13,549.45
D0157,T02,2024-06,SugarBlock,4,691.97
D0157,T02,2024-07,GlucoCare,12,638.08
D0157,T02,2024-07,DiabetoShield,10,551.25
D0157,T02,2024-07,SugarBlock,4,701.28
D0157,T02,2024-08,GlucoCare,10,631.24
D0157,T02,2024-08,DiabetoShield,11,575.36
D0157,T02,2024-08,SugarBlock,2,702.69
D0157,T02,2024-09,GlucoCare,9,624.81
D0157,T02,2024-09,DiabetoShield,3,559.86
D0157,T02,2024-09,SugarBlock,9,687.28
D0157,T02,2024-10,GlucoCare,14,624.56
D0157,T02,2024-10,DiabetoShield,6,550.84
D0157,T02,2024-10,SugarBlock,5,682.91
D0157,T02,2024-11,GlucoCare,11,634.01
D0157,T02,2024-11,DiabetoShield,9,546.12
D0157,T02,2024-11,SugarBlock,4,707.67
D0157,T02,2024-12,GlucoCare,12,628.23
D0157,T02,2024-12,DiabetoShield,10,544.17
D0157,T02,2024-12,SugarBlock,3,689.81
D0158,T04,2024-01,GlucoCare,13,629.41
D0158,T04,2024-01,DiabetoShield,26,576.26
D0158,T04,2024-01,SugarBlock,4,687.25
D0158,T04,2024-02,GlucoCare,16,603.63
D0158,T04,2024-02,DiabetoShield,11,547.56
D0158,T04,2024-02,SugarBlock,19,700.46
D0158,T04,2024-03,GlucoCare,19,630.21
D0158,T04,2024-03,DiabetoShield,20,562.2
D0158,T04,2024-03,SugarBlock,10,696.25
D0158,T04,2024-04,GlucoCare,15,631.44
D0158,T04,2024-04,DiabetoShield,4,560.95
D0158,T04,2024-04,SugarBlock,25,680.33
D0158,T04,2024-05,GlucoCare,18,625.0
D0158,T04,2024-05,DiabetoShield,12,547.02
D0158,T04,2024-05,SugarBlock,13,698.83
D0158,T04,2024-06,GlucoCare,3,616.83
D0158,T04,2024-06,DiabetoShield,0,446.67
D0158,T04,2024-06,SugarBlock,28,562.6
D0158,T04,2024-07,GlucoCare,6,634.68
D0158,T04,2024-07,DiabetoShield,6,486.11
D0158,T04,2024-07,SugarBlock,27,582.06
D0158,T04,2024-08,GlucoCare,1,610.9
D0158,T04,2024-08,DiabetoShield,29,468.93
D0158,T04,2024-08,SugarBlock,2,538.59
D0158,T04,2024-09,GlucoCare,2,617.06
D0158,T04,2024-09,DiabetoShield,10,458.4
D0158,T04,2024-09,SugarBlock,34,547.24
D0158,T04,2024-10,GlucoCare,1,629.25
D0158,T04,2024-10,DiabetoShield,21,473.5
D0158,T04,2024-10,SugarBlock,15,517.62
D0158,T04,2024-11,GlucoCare,1,635.66
D0158,T04,2024-11,DiabetoShield,18,441.71
D0158,T04,2024-11,SugarBlock,12,572.72
D0158,T04,2024-12,GlucoCare,4,610.98
D0158,T04,2024-12,DiabetoShield,4,452.74
D0158,T04,2024-12,SugarBlock,34,588.28
D0159,T02,2024-01,GlucoCare,22,638.1
D0159,T02,2024-01,DiabetoShield,15,575.44
D0159,T02,2024-01,SugarBlock,11,707.18
D0159,T02,2024-02,GlucoCare,24,634.21
D0159,T02,2024-02,DiabetoShield,8,545.53
D0159,T02,2024-02,SugarBlock,24,706.91
D0159,T02,2024-03,GlucoCare,23,610.52
D0159,T02,2024-03,DiabetoShield,10,571.37
D0159,T02,2024-03,SugarBlock,25,700.1
D0159,T02,2024-04,GlucoCare,15,632.36
D0159,T02,2024-04,DiabetoShield,9,559.53
D0159,T02,2024-04,SugarBlock,21,686.89
D0159,T02,2024-05,GlucoCare,24,623.69
D0159,T02,2024-05,DiabetoShield,22,572.17
D0159,T02,2024-05,SugarBlock,10,696.11
D0159,T02,2024-06,GlucoCare,17,619.23
D0159,T02,2024-06,DiabetoShield,12,549.45
D0159,T02,2024-06,SugarBlock,16,691.97
D0159,T02,2024-07,GlucoCare,13,638.08
D0159,T02,2024-07,DiabetoShield,30,551.25
D0159,T02,2024-07,SugarBlock,0,701.28
D0159,T02,2024-08,GlucoCare,18,631.24
D0159,T02,2024-08,DiabetoShield,15,575.36
D0159,T02,2024-08,SugarBlock,14,702.69
D0159,T02,2024-09,GlucoCare,24,624.81
D0159,T02,2024-09,DiabetoShield,21,559.86
D0159,T02,2024-09,SugarBlock,13,687.28
D0159,T02,2024-10,GlucoCare,19,624.56
D0159,T02,2024-10,DiabetoShield,8,550.84
D0159,T02,2024-10,SugarBlock,21,682.91
D0159,T02,2024-11,GlucoCare,17,634.01
D0159,T02,2024-11,DiabetoShield,17,546.12
D0159,T02,2024-11,SugarBlock,12,707.67
D0159,T02,2024-12,GlucoCare,31,628.23
D0159,T02,2024-12,DiabetoShield,31,544.17
D0159,T02,2024-12,SugarBlock,0,689.81
D0160,T01,2024-01,GlucoCare,12,609.43
D0160,T01,2024-01,DiabetoShield,6,543.32
D0160,T01,2024-01,SugarBlock,12,707.52
D0160,T01,2024-02,GlucoCare,13,626.11
D0160,T01,2024-02,DiabetoShield,1,548.16
D0160,T01,2024-02,SugarBlock,14,676.94
D0160,T01,2024-03,GlucoCare,11,612.0
D0160,T01,2024-03,DiabetoShield,2,549.67
D0160,T01,2024-03,SugarBlock,12,702.79
D0160,T01,2024-04,GlucoCare,10,637.86
D0160,T01,2024-04,DiabetoShield,8,557.53
D0160,T01,2024-04,SugarBlock,8,679.34
D0160,T01,2024-05,GlucoCare,12,612.19
D0160,T01,2024-05,DiabetoShield,6,574.04
D0160,T01,2024-05,SugarBlock,8,697.01
D0160,T01,2024-06,GlucoCare,11,635.52
D0160,T01,2024-06,DiabetoShield,6,568.66
D0160,T01,2024-06,SugarBlock,10,680.21
D0160,T01,2024-07,GlucoCare,10,609.94
D0160,T01,2024-07,DiabetoShield,11,569.85
D0160,T01,2024-07,SugarBlock,3,706.3
D0160,T01,2024-08,GlucoCare,10,604.89
D0160,T01,2024-08,DiabetoShield,6,552.0
D0160,T01,2024-08,SugarBlock,8,682.64
D0160,T01,2024-09,GlucoCare,10,627.39
D0160,T01,2024-09,DiabetoShield,4,550.7
D0160,T01,2024-09,SugarBlock,14,689.19
D0160,T01,2024-10,GlucoCare,11,620.06
D0160,T01,2024-10,DiabetoShield,1,572.64
D0160,T01,2024-10,SugarBlock,17,670.43
D0160,T01,2024-11,GlucoCare,6,619.86
D0160,T01,2024-11,DiabetoShield,11,560.15
D0160,T01,2024-11,SugarBlock,3,685.43
D0160,T01,2024-12,GlucoCare,13,604.65
D0160,T01,2024-12,DiabetoShield,3,556.69
D0160,T01,2024-12,SugarBlock,13,699.1
D0161,T04,2024-01,GlucoCare,17,629.41
D0161,T04,2024-01,DiabetoShield,27,576.26
D0161,T04,2024-01,SugarBlock,1,687.25
D0161,T04,2024-02,GlucoCare,26,603.63
D0161,T04,2024-02,DiabetoShield,2,547.56
D0161,T04,2024-02,SugarBlock,28,700.46
D0161,T04,2024-03,GlucoCare,11,630.21
D0161,T04,2024-03,DiabetoShield,8,562.2
D0161,T04,2024-03,SugarBlock,17,696.25
D0161,T04,2024-04,GlucoCare,18,631.44
D0161,T04,2024-04,DiabetoShield,20,560.95
D0161,T04,2024-04,SugarBlock,14,680.33
D0161,T04,2024-05,GlucoCare,22,625.0
D0161,T04,2024-05,DiabetoShield,17,547.02
D0161,T04,2024-05,SugarBlock,9,698.83
D0161,T04,2024-06,GlucoCare,7,616.83
D0161,T04,2024-06,DiabetoShield,27,446.67
D0161,T04,2024-06,SugarBlock,7,562.6
D0161,T04,2024-07,GlucoCare,9,634.68
D0161,T04,2024-07,DiabetoShield,7,486.11
D0161,T04,2024-07,SugarBlock,30,582.06
D0161,T04,2024-08,GlucoCare,5,610.9
D0161,T04,2024-08,DiabetoShield,22,468.93
D0161,T04,2024-08,SugarBlock,15,538.59
D0161,T04,2024-09,GlucoCare,3,617.06
D0161,T04,2024-09,DiabetoShield,27,458.4
D0161,T04,2024-09,SugarBlock,10,547.24
D0161,T04,2024-10,GlucoCare,7,629.25
D0161,T04,2024-10,DiabetoShield,11,473.5
D0161,T04,2024-10,SugarBlock,25,517.62
D0161,T04,2024-11,GlucoCare,5,635.66
D0161,T04,2024-11,DiabetoShield,18,441.71
D0161,T04,2024-11,SugarBlock,17,572.72
D0161,T04,2024-12,GlucoCare,8,610.98
D0161,T04,2024-12,DiabetoShield,12,452.74
D0161,T04,2024-12,SugarBlock,24,588.28
D0162,T10,2024-01,GlucoCare,18,625.16
D0162,T10,2024-01,DiabetoShield,16,556.67
D0162,T10,2024-01,SugarBlock,9,706.76
D0162,T10,2024-02,GlucoCare,20,620.02
D0162,T10,2024-02,DiabetoShield,24,561.81
D0162,T10,2024-02,SugarBlock,3,694.63
D0162,T10,2024-03,GlucoCare,19,613.18
D0162,T10,2024-03,DiabetoShield,1,550.51
D0162,T10,2024-03,SugarBlock,23,692.26
D0162,T10,2024-04,GlucoCare,21,605.08
D0162,T10,2024-04,DiabetoShield,20,563.35
D0162,T10,2024-04,SugarBlock,4,692.18
D0162,T10,2024-05,GlucoCare,18,635.95
D0162,T10,2024-05,DiabetoShield,0,544.47
D0162,T10,2024-05,SugarBlock,29,679.63
D0162,T10,2024-06,GlucoCare,22,610.47
D0162,T10,2024-06,DiabetoShield,4,574.24
D0162,T10,2024-06,SugarBlock,18,689.61
D0162,T10,2024-07,GlucoCare,22,637.08
D0162,T10,2024-07,DiabetoShield,7,560.97
D0162,T10,2024-07,SugarBlock,16,678.12
D0162,T10,2024-08,GlucoCare,16,603.83
D0162,T10,2024-08,DiabetoShield,18,564.59
D0162,T10,2024-08,SugarBlock,7,707.67
D0162,T10,2024-09,GlucoCare,17,618.77
D0162,T10,2024-09,DiabetoShield,21,574.82
D0162,T10,2024-09,SugarBlock,2,686.21
D0162,T10,2024-10,GlucoCare,19,601.68
D0162,T10,2024-10,DiabetoShield,9,573.58
D0162,T10,2024-10,SugarBlock,19,687.63
D0162,T10,2024-11,GlucoCare,25,614.55
D0162,T10,2024-11,DiabetoShield,5,576.61
D0162,T10,2024-11,SugarBlock,23,687.55
D0162,T10,2024-12,GlucoCare,19,607.8
D0162,T10,2024-12,DiabetoShield,16,555.29
D0162,T10,2024-12,SugarBlock,8,692.56
D0163,T06,2024-01,GlucoCare,43,611.27
D0163,T06,2024-01,DiabetoShield,9,554.84
D0163,T06,2024-01,SugarBlock,43,690.22
D0163,T06,2024-02,GlucoCare,37,607.59
D0163,T06,2024-02,DiabetoShield,33,574.29
D0163,T06,2024-02,SugarBlock,27,675.89
D0163,T06,2024-03,GlucoCare,47,634.59
D0163,T06,2024-03,DiabetoShield,27,552.55
D0163,T06,2024-03,SugarBlock,29,693.38
D0163,T06,2024-04,GlucoCare,44,617.98
D0163,T06,2024-04,DiabetoShield,25,549.04
D0163,T06,2024-04,SugarBlock,32,674.05
D0163,T06,2024-05,GlucoCare,28,617.89
D0163,T06,2024-05,DiabetoShield,6,557.73
D0163,T06,2024-05,SugarBlock,43,670.85
D0163,T06,2024-06,GlucoCare,34,614.8
D0163,T06,2024-06,DiabetoShield,2,544.12
D0163,T06,2024-06,SugarBlock,51,671.82
D0163,T06,2024-07,GlucoCare,32,628.77
D0163,T06,2024-07,DiabetoShield,46,573.7
D0163,T06,2024-07,SugarBlock,7,677.41
D0163,T06,2024-08,GlucoCare,29,618.13
D0163,T06,2024-08,DiabetoShield,45,573.99
D0163,T06,2024-08,SugarBlock,6,682.39
D0163,T06,2024-09,GlucoCare,37,607.77
D0163,T06,2024-09,DiabetoShield,9,566.77
D0163,T06,2024-09,SugarBlock,43,679.38
D0163,T06,2024-10,GlucoCare,58,619.7
D0163,T06,2024-10,DiabetoShield,2,553.39
D0163,T06,2024-10,SugarBlock,57,685.51
D0163,T06,2024-11,GlucoCare,40,609.09
D0163,T06,2024-11,DiabetoShield,3,543.78
D0163,T06,2024-11,SugarBlock,52,685.03
D0163,T06,2024-12,GlucoCare,38,633.8
D0163,T06,2024-12,DiabetoShield,14,566.06
D0163,T06,2024-12,SugarBlock,45,705.71
D0164,T08,2024-01,GlucoCare,19,628.82
D0164,T08,2024-01,DiabetoShield,16,555.74
D0164,T08,2024-01,SugarBlock,21,710.43
D0164,T08,2024-02,GlucoCare,16,619.89
D0164,T08,2024-02,DiabetoShield,23,576.63
D0164,T08,2024-02,SugarBlock,16,702.8
D0164,T08,2024-03,GlucoCare,17,608.44
D0164,T08,2024-03,DiabetoShield,11,573.31
D0164,T08,2024-03,SugarBlock,21,687.25
D0164,T08,2024-04,GlucoCare,15,636.52
D0164,T08,2024-04,DiabetoShield,19,556.39
D0164,T08,2024-04,SugarBlock,10,701.72
D0164,T08,2024-05,GlucoCare,22,628.79
D0164,T08,2024-05,DiabetoShield,0,552.07
D0164,T08,2024-05,SugarBlock,35,672.19
D0164,T08,2024-06,GlucoCare,17,607.82
D0164,T08,2024-06,DiabetoShield,20,556.23
D0164,T08,2024-06,SugarBlock,17,706.85
D0164,T08,2024-07,GlucoCare,19,620.8
D0164,T08,2024-07,DiabetoShield,7,574.08
D0164,T08,2024-07,SugarBlock,28,704.0
D0164,T08,2024-08,GlucoCare,25,635.05
D0164,T08,2024-08,DiabetoShield,1,562.38
D0164,T08,2024-08,SugarBlock,34,695.84
D0164,T08,2024-09,GlucoCare,19,625.84
D0164,T08,2024-09,DiabetoShield,2,575.34
D0164,T08,2024-09,SugarBlock,28,704.58
D0164,T08,2024-10,GlucoCare,22,623.58
D0164,T08,2024-10,DiabetoShield,16,563.96
D0164,T08,2024-10,SugarBlock,17,693.21
D0164,T08,2024-11,GlucoCare,17,626.91
D0164,T08,2024-11,DiabetoShield,12,571.35
D0164,T08,2024-11,SugarBlock,23,670.16
D0164,T08,2024-12,GlucoCare,14,624.64
D0164,T08,2024-12,DiabetoShield,23,566.48
D0164,T08,2024-12,SugarBlock,9,673.75
D0165,T03,2024-01,GlucoCare,11,618.03
D0165,T03,2024-01,DiabetoShield,1,564.57
D0165,T03,2024-01,SugarBlock,21,686.67
D0165,T03,2024-02,GlucoCare,18,637.81
D0165,T03,2024-02,DiabetoShield,13,558.6
D0165,T03,2024-02,SugarBlock,12,670.51
D0165,T03,2024-03,GlucoCare,14,612.18
D0165,T03,2024-03,DiabetoShield,16,552.19
D0165,T03,2024-03,SugarBlock,11,673.73
D0165,T03,2024-04,GlucoCare,18,603.73
D0165,T03,2024-04,DiabetoShield,24,571.56
D0165,T03,2024-04,SugarBlock,0,671.69
D0165,T03,2024-05,GlucoCare,15,604.54
D0165,T03,2024-05,DiabetoShield,8,545.82
D0165,T03,2024-05,SugarBlock,14,696.02
D0165,T03,2024-06,GlucoCare,19,618.48
D0165,T03,2024-06,DiabetoShield,8,556.75
D0165,T03,2024-06,SugarBlock,19,701.21
D0165,T03,2024-07,GlucoCare,16,619.15
D0165,T03,2024-07,DiabetoShield,15,557.5
D0165,T03,2024-07,SugarBlock,8,698.91
D0165,T03,2024-08,GlucoCare,19,613.87
D0165,T03,2024-08,DiabetoShield,17,551.6
D0165,T03,2024-08,SugarBlock,9,705.1
D0165,T03,2024-09,GlucoCare,16,602.28
D0165,T03,2024-09,DiabetoShield,14,564.56
D0165,T03,2024-09,SugarBlock,12,671.21
D0165,T03,2024-10,GlucoCare,13,605.99
D0165,T03,2024-10,DiabetoShield,23,550.99
D0165,T03,2024-10,SugarBlock,2,679.33
D0165,T03,2024-11,GlucoCare,14,623.43
D0165,T03,2024-11,DiabetoShield,24,563.63
D0165,T03,2024-11,SugarBlock,4,708.2
D0165,T03,2024-12,GlucoCare,17,630.46
D0165,T03,2024-12,DiabetoShield,18,543.98
D0165,T03,2024-12,SugarBlock,8,686.2
D0166,T03,2024-01,GlucoCare,15,618.03
D0166,T03,2024-01,DiabetoShield,16,564.57
D0166,T03,2024-01,SugarBlock,15,686.67
D0166,T03,2024-02,GlucoCare,26,637.81
D0166,T03,2024-02,DiabetoShield,26,558.6
D0166,T03,2024-02,SugarBlock,10,670.51
D0166,T03,2024-03,GlucoCare,16,612.18
D0166,T03,2024-03,DiabetoShield,7,552.19
D0166,T03,2024-03,SugarBlock,21,673.73
D0166,T03,2024-04,GlucoCare,17,603.73
D0166,T03,2024-04,DiabetoShield,23,571.56
D0166,T03,2024-04,SugarBlock,5,671.69
D0166,T03,2024-05,GlucoCare,16,604.54
D0166,T03,2024-05,DiabetoShield,19,545.82
D0166,T03,2024-05,SugarBlock,12,696.02
D0166,T03,2024-06,GlucoCare,17,618.48
D0166,T03,2024-06,DiabetoShield,20,556.75
D0166,T03,2024-06,SugarBlock,12,701.21
D0166,T03,2024-07,GlucoCare,17,619.15
D0166,T03,2024-07,DiabetoShield,9,557.5
D0166,T03,2024-07,SugarBlock,16,698.91
D0166,T03,2024-08,GlucoCare,20,613.87
D0166,T03,2024-08,DiabetoShield,32,551.6
D0166,T03,2024-08,SugarBlock,2,705.1
D0166,T03,2024-09,GlucoCare,25,602.28
D0166,T03,2024-09,DiabetoShield,2,564.56
D0166,T03,2024-09,SugarBlock,32,671.21
D0166,T03,2024-10,GlucoCare,19,605.99
D0166,T03,2024-10,DiabetoShield,16,550.99
D0166,T03,2024-10,SugarBlock,13,679.33
D0166,T03,2024-11,GlucoCare,27,623.43
D0166,T03,2024-11,DiabetoShield,18,563.63
D0166,T03,2024-11,SugarBlock,10,708.2
D0166,T03,2024-12,GlucoCare,24,630.46
D0166,T03,2024-12,DiabetoShield,9,543.98
D0166,T03,2024-12,SugarBlock,24,686.2
D0167,T10,2024-01,GlucoCare,21,625.16
D0167,T10,2024-01,DiabetoShield,14,556.67
D0167,T10,2024-01,SugarBlock,21,706.76
D0167,T10,2024-02,GlucoCare,20,620.02
D0167,T10,2024-02,DiabetoShield,26,561.81
D0167,T10,2024-02,SugarBlock,5,694.63
D0167,T10,2024-03,GlucoCare,15,613.18
D0167,T10,2024-03,DiabetoShield,14,550.51
D0167,T10,2024-03,SugarBlock,12,692.26
D0167,T10,2024-04,GlucoCare,16,605.08
D0167,T10,2024-04,DiabetoShield,20,563.35
D0167,T10,2024-04,SugarBlock,14,692.18
D0167,T10,2024-05,GlucoCare,17,635.95
D0167,T10,2024-05,DiabetoShield,4,544.47
D0167,T10,2024-05,SugarBlock,24,679.63
D0167,T10,2024-06,GlucoCare,21,610.47
D0167,T10,2024-06,DiabetoShield,3,574.24
D0167,T10,2024-06,SugarBlock,26,689.61
D0167,T10,2024-07,GlucoCare,19,637.08
D0167,T10,2024-07,DiabetoShield,26,560.97
D0167,T10,2024-07,SugarBlock,5,678.12
D0167,T10,2024-08,GlucoCare,16,603.83
D0167,T10,2024-08,DiabetoShield,3,564.59
D0167,T10,2024-08,SugarBlock,25,707.67
D0167,T10,2024-09,GlucoCare,19,618.77
D0167,T10,2024-09,DiabetoShield,10,574.82
D0167,T10,2024-09,SugarBlock,24,686.21
D0167,T10,2024-10,GlucoCare,22,601.68
D0167,T10,2024-10,DiabetoShield,7,573.58
D0167,T10,2024-10,SugarBlock,17,687.63
D0167,T10,2024-11,GlucoCare,21,614.55
D0167,T10,2024-11,DiabetoShield,5,576.61
D0167,T10,2024-11,SugarBlock,25,687.55
D0167,T10,2024-12,GlucoCare,18,607.8
D0167,T10,2024-12,DiabetoShield,1,555.29
D0167,T10,2024-12,SugarBlock,22,692.56
D0168,T08,2024-01,GlucoCare,18,628.82
D0168,T08,2024-01,DiabetoShield,5,555.74
D0168,T08,2024-01,SugarBlock,16,710.43
D0168,T08,2024-02,GlucoCare,14,619.89
D0168,T08,2024-02,DiabetoShield,7,576.63
D0168,T08,2024-02,SugarBlock,15,702.8
D0168,T08,2024-03,GlucoCare,14,608.44
D0168,T08,2024-03,DiabetoShield,8,573.31
D0168,T08,2024-03,SugarBlock,12,687.25
D0168,T08,2024-04,GlucoCare,13,636.52
D0168,T08,2024-04,DiabetoShield,8,556.39
D0168,T08,2024-04,SugarBlock,10,701.72
D0168,T08,2024-05,GlucoCare,14,628.79
D0168,T08,2024-05,DiabetoShield,6,552.07
D0168,T08,2024-05,SugarBlock,11,672.19
D0168,T08,2024-06,GlucoCare,11,607.82
D0168,T08,2024-06,DiabetoShield,5,556.23
D0168,T08,2024-06,SugarBlock,10,706.85
D0168,T08,2024-07,GlucoCare,16,620.8
D0168,T08,2024-07,DiabetoShield,3,574.08
D0168,T08,2024-07,SugarBlock,16,704.0
D0168,T08,2024-08,GlucoCare,13,635.05
D0168,T08,2024-08,DiabetoShield,10,562.38
D0168,T08,2024-08,SugarBlock,10,695.84
D0168,T08,2024-09,GlucoCare,13,625.84
D0168,T08,2024-09,DiabetoShield,9,575.34
D0168,T08,2024-09,SugarBlock,8,704.58
D0168,T08,2024-10,GlucoCare,10,623.58
D0168,T08,2024-10,DiabetoShield,5,563.96
D0168,T08,2024-10,SugarBlock,12,693.21
D0168,T08,2024-11,GlucoCare,9,626.91
D0168,T08,2024-11,DiabetoShield,5,571.35
D0168,T08,2024-11,SugarBlock,11,670.16
D0168,T08,2024-12,GlucoCare,14,624.64
D0168,T08,2024-12,DiabetoShield,12,566.48
D0168,T08,2024-12,SugarBlock,8,673.75
D0169,T05,2024-01,GlucoCare,22,607.18
D0169,T05,2024-01,DiabetoShield,31,561.75
D0169,T05,2024-01,SugarBlock,0,704.7
D0169,T05,2024-02,GlucoCare,19,607.49
D0169,T05,2024-02,DiabetoShield,28,572.35
D0169,T05,2024-02,SugarBlock,3,705.77
D0169,T05,2024-03,GlucoCare,20,605.55
D0169,T05,2024-03,DiabetoShield,21,571.81
D0169,T05,2024-03,SugarBlock,13,670.26
D0169,T05,2024-04,GlucoCare,21,624.48
D0169,T05,2024-04,DiabetoShield,10,562.53
D0169,T05,2024-04,SugarBlock,17,708.85
D0169,T05,2024-05,GlucoCare,24,623.6
D0169,T05,2024-05,DiabetoShield,27,558.45
D0169,T05,2024-05,SugarBlock,1,677.2
D0169,T05,2024-06,GlucoCare,10,628.15
D0169,T05,2024-06,DiabetoShield,15,464.01
D0169,T05,2024-06,SugarBlock,16,594.89
D0169,T05,2024-07,GlucoCare,10,616.49
D0169,T05,2024-07,DiabetoShield,38,428.81
D0169,T05,2024-07,SugarBlock,4,541.64
D0169,T05,2024-08,GlucoCare,6,636.9
D0169,T05,2024-08,DiabetoShield,24,433.77
D0169,T05,2024-08,SugarBlock,10,567.81
D0169,T05,2024-09,GlucoCare,11,607.16
D0169,T05,2024-09,DiabetoShield,34,438.35
D0169,T05,2024-09,SugarBlock,6,567.38
D0169,T05,2024-10,GlucoCare,6,614.58
D0169,T05,2024-10,DiabetoShield,1,430.86
D0169,T05,2024-10,SugarBlock,45,550.99
D0169,T05,2024-11,GlucoCare,8,614.85
D0169,T05,2024-11,DiabetoShield,12,420.62
D0169,T05,2024-11,SugarBlock,26,554.11
D0169,T05,2024-12,GlucoCare,5,607.68
D0169,T05,2024-12,DiabetoShield,34,466.31
D0169,T05,2024-12,SugarBlock,3,509.23
D0170,T03,2024-01,GlucoCare,7,618.03
D0170,T03,2024-01,DiabetoShield,9,564.57
D0170,T03,2024-01,SugarBlock,22,686.67
D0170,T03,2024-02,GlucoCare,10,637.81
D0170,T03,2024-02,DiabetoShield,12,558.6
D0170,T03,2024-02,SugarBlock,15,670.51
D0170,T03,2024-03,GlucoCare,6,612.18
D0170,T03,2024-03,DiabetoShield,28,552.19
D0170,T03,2024-03,SugarBlock,4,673.73
D0170,T03,2024-04,GlucoCare,8,603.73
D0170,T03,2024-04,DiabetoShield,13,571.56
D0170,T03,2024-04,SugarBlock,17,671.69
D0170,T03,2024-05,GlucoCare,7,604.54
D0170,T03,2024-05,DiabetoShield,12,545.82
D0170,T03,2024-05,SugarBlock,11,696.02
D0170,T03,2024-06,GlucoCare,8,618.48
D0170,T03,2024-06,DiabetoShield,19,556.75
D0170,T03,2024-06,SugarBlock,16,701.21
D0170,T03,2024-07,GlucoCare,7,619.15
D0170,T03,2024-07,DiabetoShield,14,557.5
D0170,T03,2024-07,SugarBlock,14,698.91
D0170,T03,2024-08,GlucoCare,8,613.87
D0170,T03,2024-08,DiabetoShield,20,551.6
D0170,T03,2024-08,SugarBlock,7,705.1
D0170,T03,2024-09,GlucoCare,8,602.28
D0170,T03,2024-09,DiabetoShield,8,564.56
D0170,T03,2024-09,SugarBlock,24,671.21
D0170,T03,2024-10,GlucoCare,7,605.99
D0170,T03,2024-10,DiabetoShield,27,550.99
D0170,T03,2024-10,SugarBlock,6,679.33
D0170,T03,2024-11,GlucoCare,8,623.43
D0170,T03,2024-11,DiabetoShield,11,563.63
D0170,T03,2024-11,SugarBlock,14,708.2
D0170,T03,2024-12,GlucoCare,10,630.46
D0170,T03,2024-12,DiabetoShield,8,543.98
D0170,T03,2024-12,SugarBlock,20,686.2
D0171,T09,2024-01,GlucoCare,23,607.03
D0171,T09,2024-01,DiabetoShield,15,567.47
D0171,T09,2024-01,SugarBlock,22,683.8
D0171,T09,2024-02,GlucoCare,28,629.02
D0171,T09,2024-02,DiabetoShield,26,576.39
D0171,T09,2024-02,SugarBlock,11,699.29
D0171,T09,2024-03,GlucoCare,27,622.06
D0171,T09,2024-03,DiabetoShield,17,546.15
D0171,T09,2024-03,SugarBlock,23,703.58
D0171,T09,2024-04,GlucoCare,29,627.61
D0171,T09,2024-04,DiabetoShield,13,551.04
D0171,T09,2024-04,SugarBlock,35,704.36
D0171,T09,2024-05,GlucoCare,27,631.99
D0171,T09,2024-05,DiabetoShield,24,571.61
D0171,T09,2024-05,SugarBlock,14,685.58
D0171,T09,2024-06,GlucoCare,39,628.81
D0171,T09,2024-06,DiabetoShield,21,563.39
D0171,T09,2024-06,SugarBlock,28,680.47
D0171,T09,2024-07,GlucoCare,25,609.21
D0171,T09,2024-07,DiabetoShield,33,552.52
D0171,T09,2024-07,SugarBlock,5,669.51
D0171,T09,2024-08,GlucoCare,35,604.11
D0171,T09,2024-08,DiabetoShield,30,566.89
D0171,T09,2024-08,SugarBlock,12,707.51
D0171,T09,2024-09,GlucoCare,28,634.85
D0171,T09,2024-09,DiabetoShield,16,571.68
D0171,T09,2024-09,SugarBlock,28,682.64
D0171,T09,2024-10,GlucoCare,36,610.04
D0171,T09,2024-10,DiabetoShield,1,556.93
D0171,T09,2024-10,SugarBlock,39,697.21
D0171,T09,2024-11,GlucoCare,25,634.89
D0171,T09,2024-11,DiabetoShield,0,558.77
D0171,T09,2024-11,SugarBlock,35,706.34
D0171,T09,2024-12,GlucoCare,24,633.56
D0171,T09,2024-12,DiabetoShield,16,556.63
D0171,T09,2024-12,SugarBlock,21,674.56
D0172,T05,2024-01,GlucoCare,11,607.18
D0172,T05,2024-01,DiabetoShield,8,561.75
D0172,T05,2024-01,SugarBlock,5,704.7
D0172,T05,2024-02,GlucoCare,10,607.49
D0172,T05,2024-02,DiabetoShield,10,572.35
D0172,T05,2024-02,SugarBlock,6,705.77
D0172,T05,2024-03,GlucoCare,10,605.55
D0172,T05,2024-03,DiabetoShield,2,571.81
D0172,T05,2024-03,SugarBlock,13,670.26
D0172,T05,2024-04,GlucoCare,11,624.48
D0172,T05,2024-04,DiabetoShield,11,562.53
D0172,T05,2024-04,SugarBlock,3,708.85
D0172,T05,2024-05,GlucoCare,15,623.6
D0172,T05,2024-05,DiabetoShield,6,558.45
D0172,T05,2024-05,SugarBlock,7,677.2
D0172,T05,2024-06,GlucoCare,6,628.15
D0172,T05,2024-06,DiabetoShield,12,464.01
D0172,T05,2024-06,SugarBlock,7,594.89
D0172,T05,2024-07,GlucoCare,3,616.49
D0172,T05,2024-07,DiabetoShield,11,428.81
D0172,T05,2024-07,SugarBlock,6,541.64
D0172,T05,2024-08,GlucoCare,1,636.9
D0172,T05,2024-08,DiabetoShield,4,433.77
D0172,T05,2024-08,SugarBlock,10,567.81
D0172,T05,2024-09,GlucoCare,6,607.16
D0172,T05,2024-09,DiabetoShield,10,438.35
D0172,T05,2024-09,SugarBlock,9,567.38
D0172,T05,2024-10,GlucoCare,2,614.58
D0172,T05,2024-10,DiabetoShield,8,430.86
D0172,T05,2024-10,SugarBlock,12,550.99
D0172,T05,2024-11,GlucoCare,4,614.85
D0172,T05,2024-11,DiabetoShield,9,420.62
D0172,T05,2024-11,SugarBlock,5,554.11
D0172,T05,2024-12,GlucoCare,7,607.68
D0172,T05,2024-12,DiabetoShield,13,466.31
D0172,T05,2024-12,SugarBlock,8,509.23
D0173,T01,2024-01,GlucoCare,7,609.43
D0173,T01,2024-01,DiabetoShield,5,543.32
D0173,T01,2024-01,SugarBlock,8,707.52
D0173,T01,2024-02,GlucoCare,5,626.11
D0173,T01,2024-02,DiabetoShield,1,548.16
D0173,T01,2024-02,SugarBlock,11,676.94
D0173,T01,2024-03,GlucoCare,10,612.0
D0173,T01,2024-03,DiabetoShield,5,549.67
D0173,T01,2024-03,SugarBlock,9,702.79
D0173,T01,2024-04,GlucoCare,8,637.86
D0173,T01,2024-04,DiabetoShield,4,557.53
D0173,T01,2024-04,SugarBlock,6,679.34
D0173,T01,2024-05,GlucoCare,6,612.19
D0173,T01,2024-05,DiabetoShield,5,574.04
D0173,T01,2024-05,SugarBlock,8,697.01
D0173,T01,2024-06,GlucoCare,6,635.52
D0173,T01,2024-06,DiabetoShield,7,568.66
D0173,T01,2024-06,SugarBlock,7,680.21
D0173,T01,2024-07,GlucoCare,8,609.94
D0173,T01,2024-07,DiabetoShield,11,569.85
D0173,T01,2024-07,SugarBlock,3,706.3
D0173,T01,2024-08,GlucoCare,8,604.89
D0173,T01,2024-08,DiabetoShield,9,552.0
D0173,T01,2024-08,SugarBlock,0,682.64
D0173,T01,2024-09,GlucoCare,8,627.39
D0173,T01,2024-09,DiabetoShield,5,550.7
D0173,T01,2024-09,SugarBlock,9,689.19
D0173,T01,2024-10,GlucoCare,5,620.06
D0173,T01,2024-10,DiabetoShield,10,572.64
D0173,T01,2024-10,SugarBlock,1,670.43
D0173,T01,2024-11,GlucoCare,9,619.86
D0173,T01,2024-11,DiabetoShield,7,560.15
D0173,T01,2024-11,SugarBlock,5,685.43
D0173,T01,2024-12,GlucoCare,7,604.65
D0173,T01,2024-12,DiabetoShield,5,556.69
D0173,T01,2024-12,SugarBlock,7,699.1
D0174,T09,2024-01,GlucoCare,11,607.03
D0174,T09,2024-01,DiabetoShield,3,567.47
D0174,T09,2024-01,SugarBlock,17,683.8
D0174,T09,2024-02,GlucoCare,12,629.02
D0174,T09,2024-02,DiabetoShield,11,576.39
D0174,T09,2024-02,SugarBlock,3,699.29
D0174,T09,2024-03,GlucoCare,12,622.06
D0174,T09,2024-03,DiabetoShield,11,546.15
D0174,T09,2024-03,SugarBlock,6,703.58
D0174,T09,2024-04,GlucoCare,11,627.61
D0174,T09,2024-04,DiabetoShield,9,551.04
D0174,T09,2024-04,SugarBlock,10,704.36
D0174,T09,2024-05,GlucoCare,12,631.99
D0174,T09,2024-05,DiabetoShield,16,571.61
D0174,T09,2024-05,SugarBlock,1,685.58
D0174,T09,2024-06,GlucoCare,11,628.81
D0174,T09,2024-06,DiabetoShield,23,563.39
D0174,T09,2024-06,SugarBlock,0,680.47
D0174,T09,2024-07,GlucoCare,12,609.21
D0174,T09,2024-07,DiabetoShield,11,552.52
D0174,T09,2024-07,SugarBlock,5,669.51
D0174,T09,2024-08,GlucoCare,9,604.11
D0174,T09,2024-08,DiabetoShield,9,566.89
D0174,T09,2024-08,SugarBlock,6,707.51
D0174,T09,2024-09,GlucoCare,12,634.85
D0174,T09,2024-09,DiabetoShield,6,571.68
D0174,T09,2024-09,SugarBlock,12,682.64
D0174,T09,2024-10,GlucoCare,10,610.04
D0174,T09,2024-10,DiabetoShield,14,556.93
D0174,T09,2024-10,SugarBlock,1,697.21
D0174,T09,2024-11,GlucoCare,11,634.89
D0174,T09,2024-11,DiabetoShield,14,558.77
D0174,T09,2024-11,SugarBlock,4,706.34
D0174,T09,2024-12,GlucoCare,8,633.56
D0174,T09,2024-12,DiabetoShield,16,556.63
D0174,T09,2024-12,SugarBlock,1,674.56
D0175,T05,2024-01,GlucoCare,21,607.18
D0175,T05,2024-01,DiabetoShield,5,561.75
D0175,T05,2024-01,SugarBlock,23,704.7
D0175,T05,2024-02,GlucoCare,19,607.49
D0175,T05,2024-02,DiabetoShield,18,572.35
D0175,T05,2024-02,SugarBlock,16,705.77
D0175,T05,2024-03,GlucoCare,18,605.55
D0175,T05,2024-03,DiabetoShield,2,571.81
D0175,T05,2024-03,SugarBlock,24,670.26
D0175,T05,2024-04,GlucoCare,20,624.48
D0175,T05,2024-04,DiabetoShield,0,562.53
D0175,T05,2024-04,SugarBlock,29,708.85
D0175,T05,2024-05,GlucoCare,17,623.6
D0175,T05,2024-05,DiabetoShield,21,558.45
D0175,T05,2024-05,SugarBlock,10,677.2
D0175,T05,2024-06,GlucoCare,10,628.15
D0175,T05,2024-06,DiabetoShield,6,464.01
D0175,T05,2024-06,SugarBlock,32,594.89
D0175,T05,2024-07,GlucoCare,10,616.49
D0175,T05,2024-07,DiabetoShield,14,428.81
D0175,T05,2024-07,SugarBlock,26,541.64
D0175,T05,2024-08,GlucoCare,5,636.9
D0175,T05,2024-08,DiabetoShield,20,433.77
D0175,T05,2024-08,SugarBlock,18,567.81
D0175,T05,2024-09,GlucoCare,15,607.16
D0175,T05,2024-09,DiabetoShield,39,438.35
D0175,T05,2024-09,SugarBlock,1,567.38
D0175,T05,2024-10,GlucoCare,5,614.58
D0175,T05,2024-10,DiabetoShield,11,430.86
D0175,T05,2024-10,SugarBlock,21,550.99
D0175,T05,2024-11,GlucoCare,6,614.85
D0175,T05,2024-11,DiabetoShield,18,420.62
D0175,T05,2024-11,SugarBlock,16,554.11
D0175,T05,2024-12,GlucoCare,8,607.68
D0175,T05,2024-12,DiabetoShield,25,466.31
D0175,T05,2024-12,SugarBlock,9,509.23
D0176,T05,2024-01,GlucoCare,23,607.18
D0176,T05,2024-01,DiabetoShield,20,561.75
D0176,T05,2024-01,SugarBlock,10,704.7
D0176,T05,2024-02,GlucoCare,20,607.49
D0176,T05,2024-02,DiabetoShield,11,572.35
D0176,T05,2024-02,SugarBlock,20,705.77
D0176,T05,2024-03,GlucoCare,22,605.55
D0176,T05,2024-03,DiabetoShield,24,571.81
D0176,T05,2024-03,SugarBlock,8,670.26
D0176,T05,2024-04,GlucoCare,26,624.48
D0176,T05,2024-04,DiabetoShield,25,562.53
D0176,T05,2024-04,SugarBlock,12,708.85
D0176,T05,2024-05,GlucoCare,24,623.6
D0176,T05,2024-05,DiabetoShield,27,558.45
D0176,T05,2024-05,SugarBlock,6,677.2
D0176,T05,2024-06,GlucoCare,14,628.15
D0176,T05,2024-06,DiabetoShield,21,464.01
D0176,T05,2024-06,SugarBlock,21,594.89
D0176,T05,2024-07,GlucoCare,2,616.49
D0176,T05,2024-07,DiabetoShield,50,428.81
D0176,T05,2024-07,SugarBlock,0,541.64
D0176,T05,2024-08,GlucoCare,1,636.9
D0176,T05,2024-08,DiabetoShield,9,433.77
D0176,T05,2024-08,SugarBlock,43,567.81
D0176,T05,2024-09,GlucoCare,6,607.16
D0176,T05,2024-09,DiabetoShield,39,438.35
D0176,T05,2024-09,SugarBlock,11,567.38
D0176,T05,2024-10,GlucoCare,5,614.58
D0176,T05,2024-10,DiabetoShield,35,430.86
D0176,T05,2024-10,SugarBlock,19,550.99
D0176,T05,2024-11,GlucoCare,1,614.85
D0176,T05,2024-11,DiabetoShield,25,420.62
D0176,T05,2024-11,SugarBlock,20,554.11
D0176,T05,2024-12,GlucoCare,4,607.68
D0176,T05,2024-12,DiabetoShield,1,466.31
D0176,T05,2024-12,SugarBlock,48,509.23
D0177,T04,2024-01,GlucoCare,11,629.41
D0177,T04,2024-01,DiabetoShield,11,576.26
D0177,T04,2024-01,SugarBlock,12,687.25
D0177,T04,2024-02,GlucoCare,13,603.63
D0177,T04,2024-02,DiabetoShield,3,547.56
D0177,T04,2024-02,SugarBlock,27,700.46
D0177,T04,2024-03,GlucoCare,10,630.21
D0177,T04,2024-03,DiabetoShield,2,562.2
D0177,T04,2024-03,SugarBlock,23,696.25
D0177,T04,2024-04,GlucoCare,14,631.44
D0177,T04,2024-04,DiabetoShield,18,560.95
D0177,T04,2024-04,SugarBlock,9,680.33
D0177,T04,2024-05,GlucoCare,8,625.0
D0177,T04,2024-05,DiabetoShield,14,547.02
D0177,T04,2024-05,SugarBlock,10,698.83
D0177,T04,2024-06,GlucoCare,0,616.83
D0177,T04,2024-06,DiabetoShield,13,446.67
D0177,T04,2024-06,SugarBlock,13,562.6
D0177,T04,2024-07,GlucoCare,2,634.68
D0177,T04,2024-07,DiabetoShield,24,486.11
D0177,T04,2024-07,SugarBlock,8,582.06
D0177,T04,2024-08,GlucoCare,1,610.9
D0177,T04,2024-08,DiabetoShield,26,468.93
D0177,T04,2024-08,SugarBlock,5,538.59
D0177,T04,2024-09,GlucoCare,4,617.06
D0177,T04,2024-09,DiabetoShield,24,458.4
D0177,T04,2024-09,SugarBlock,11,547.24
D0177,T04,2024-10,GlucoCare,1,629.25
D0177,T04,2024-10,DiabetoShield,28,473.5
D0177,T04,2024-10,SugarBlock,7,517.62
D0177,T04,2024-11,GlucoCare,0,635.66
D0177,T04,2024-11,DiabetoShield,2,441.71
D0177,T04,2024-11,SugarBlock,29,572.72
D0177,T04,2024-12,GlucoCare,4,610.98
D0177,T04,2024-12,DiabetoShield,7,452.74
D0177,T04,2024-12,SugarBlock,23,588.28
D0178,T03,2024-01,GlucoCare,16,618.03
D0178,T03,2024-01,DiabetoShield,22,564.57
D0178,T03,2024-01,SugarBlock,8,686.67
D0178,T03,2024-02,GlucoCare,15,637.81
D0178,T03,2024-02,DiabetoShield,19,558.6
D0178,T03,2024-02,SugarBlock,3,670.51
D0178,T03,2024-03,GlucoCare,12,612.18
D0178,T03,2024-03,DiabetoShield,6,552.19
D0178,T03,2024-03,SugarBlock,22,673.73
D0178,T03,2024-04,GlucoCare,12,603.73
D0178,T03,2024-04,DiabetoShield,23,571.56
D0178,T03,2024-04,SugarBlock,2,671.69
D0178,T03,2024-05,GlucoCare,15,604.54
D0178,T03,2024-05,DiabetoShield,12,545.82
D0178,T03,2024-05,SugarBlock,15,696.02
D0178,T03,2024-06,GlucoCare,20,618.48
D0178,T03,2024-06,DiabetoShield,10,556.75
D0178,T03,2024-06,SugarBlock,22,701.21
D0178,T03,2024-07,GlucoCare,19,619.15
D0178,T03,2024-07,DiabetoShield,8,557.5
D0178,T03,2024-07,SugarBlock,21,698.91
D0178,T03,2024-08,GlucoCare,16,613.87
D0178,T03,2024-08,DiabetoShield,13,551.6
D0178,T03,2024-08,SugarBlock,12,705.1
D0178,T03,2024-09,GlucoCare,18,602.28
D0178,T03,2024-09,DiabetoShield,4,564.56
D0178,T03,2024-09,SugarBlock,21,671.21
D0178,T03,2024-10,GlucoCare,16,605.99
D0178,T03,2024-10,DiabetoShield,27,550.99
D0178,T03,2024-10,SugarBlock,1,679.33
D0178,T03,2024-11,GlucoCare,17,623.43
D0178,T03,2024-11,DiabetoShield,4,563.63
D0178,T03,2024-11,SugarBlock,27,708.2
D0178,T03,2024-12,GlucoCare,14,630.46
D0178,T03,2024-12,DiabetoShield,18,543.98
D0178,T03,2024-12,SugarBlock,10,686.2
D0179,T07,2024-01,GlucoCare,14,613.28
D0179,T07,2024-01,DiabetoShield,17,543.71
D0179,T07,2024-01,SugarBlock,5,677.97
D0179,T07,2024-02,GlucoCare,16,612.1
D0179,T07,2024-02,DiabetoShield,5,573.04
D0179,T07,2024-02,SugarBlock,16,707.05
D0179,T07,2024-03,GlucoCare,14,610.51
D0179,T07,2024-03,DiabetoShield,17,551.66
D0179,T07,2024-03,SugarBlock,6,687.12
D0179,T07,2024-04,GlucoCare,13,611.2
D0179,T07,2024-04,DiabetoShield,18,570.85
D0179,T07,2024-04,SugarBlock,2,698.24
D0179,T07,2024-05,GlucoCare,16,636.2
D0179,T07,2024-05,DiabetoShield,10,557.23
D0179,T07,2024-05,SugarBlock,12,710.52
D0179,T07,2024-06,GlucoCare,15,616.5
D0179,T07,2024-06,DiabetoShield,4,551.15
D0179,T07,2024-06,SugarBlock,16,703.48
D0179,T07,2024-07,GlucoCare,18,626.91
D0179,T07,2024-07,DiabetoShield,17,558.06
D0179,T07,2024-07,SugarBlock,5,695.42
D0179,T07,2024-08,GlucoCare,16,603.04
D0179,T07,2024-08,DiabetoShield,17,561.75
D0179,T07,2024-08,SugarBlock,4,670.02
D0179,T07,2024-09,GlucoCare,15,620.92
D0179,T07,2024-09,DiabetoShield,2,571.9
D0179,T07,2024-09,SugarBlock,17,672.66
D0179,T07,2024-10,GlucoCare,14,612.68
D0179,T07,2024-10,DiabetoShield,1,554.25
D0179,T07,2024-10,SugarBlock,17,673.03
D0179,T07,2024-11,GlucoCare,19,621.64
D0179,T07,2024-11,DiabetoShield,15,570.54
D0179,T07,2024-11,SugarBlock,5,694.51
D0179,T07,2024-12,GlucoCare,18,605.15
D0179,T07,2024-12,DiabetoShield,10,551.02
D0179,T07,2024-12,SugarBlock,13,688.97
D0180,T04,2024-01,GlucoCare,8,629.41
D0180,T04,2024-01,DiabetoShield,11,576.26
D0180,T04,2024-01,SugarBlock,0,687.25
D0180,T04,2024-02,GlucoCare,7,603.63
D0180,T04,2024-02,DiabetoShield,4,547.56
D0180,T04,2024-02,SugarBlock,7,700.46
D0180,T04,2024-03,GlucoCare,6,630.21
D0180,T04,2024-03,DiabetoShield,6,562.2
D0180,T04,2024-03,SugarBlock,6,696.25
D0180,T04,2024-04,GlucoCare,9,631.44
D0180,T04,2024-04,DiabetoShield,12,560.95
D0180,T04,2024-04,SugarBlock,1,680.33
D0180,T04,2024-05,GlucoCare,10,625.0
D0180,T04,2024-05,DiabetoShield,5,547.02
D0180,T04,2024-05,SugarBlock,8,698.83
D0180,T04,2024-06,GlucoCare,3,616.83
D0180,T04,2024-06,DiabetoShield,7,446.67
D0180,T04,2024-06,SugarBlock,5,562.6
D0180,T04,2024-07,GlucoCare,4,634.68
D0180,T04,2024-07,DiabetoShield,5,486.11
D0180,T04,2024-07,SugarBlock,11,582.06
D0180,T04,2024-08,GlucoCare,4,610.9
D0180,T04,2024-08,DiabetoShield,14,468.93
D0180,T04,2024-08,SugarBlock,2,538.59
D0180,T04,2024-09,GlucoCare,4,617.06
D0180,T04,2024-09,DiabetoShield,11,458.4
D0180,T04,2024-09,SugarBlock,4,547.24
D0180,T04,2024-10,GlucoCare,2,629.25
D0180,T04,2024-10,DiabetoShield,1,473.5
D0180,T04,2024-10,SugarBlock,12,517.62
D0180,T04,2024-11,GlucoCare,3,635.66
D0180,T04,2024-11,DiabetoShield,3,441.71
D0180,T04,2024-11,SugarBlock,10,572.72
D0180,T04,2024-12,GlucoCare,5,610.98
D0180,T04,2024-12,DiabetoShield,2,452.74
D0180,T04,2024-12,SugarBlock,14,588.28
D0181,T06,2024-01,GlucoCare,11,611.27
D0181,T06,2024-01,DiabetoShield,3,554.84
D0181,T06,2024-01,SugarBlock,12,690.22
D0181,T06,2024-02,GlucoCare,9,607.59
D0181,T06,2024-02,DiabetoShield,12,574.29
D0181,T06,2024-02,SugarBlock,3,675.89
D0181,T06,2024-03,GlucoCare,10,634.59
D0181,T06,2024-03,DiabetoShield,1,552.55
D0181,T06,2024-03,SugarBlock,14,693.38
D0181,T06,2024-04,GlucoCare,11,617.98
D0181,T06,2024-04,DiabetoShield,7,549.04
D0181,T06,2024-04,SugarBlock,10,674.05
D0181,T06,2024-05,GlucoCare,10,617.89
D0181,T06,2024-05,DiabetoShield,4,557.73
D0181,T06,2024-05,SugarBlock,12,670.85
D0181,T06,2024-06,GlucoCare,12,614.8
D0181,T06,2024-06,DiabetoShield,5,544.12
D0181,T06,2024-06,SugarBlock,12,671.82
D0181,T06,2024-07,GlucoCare,9,628.77
D0181,T06,2024-07,DiabetoShield,4,573.7
D0181,T06,2024-07,SugarBlock,12,677.41
D0181,T06,2024-08,GlucoCare,12,618.13
D0181,T06,2024-08,DiabetoShield,8,573.99
D0181,T06,2024-08,SugarBlock,7,682.39
D0181,T06,2024-09,GlucoCare,11,607.77
D0181,T06,2024-09,DiabetoShield,13,566.77
D0181,T06,2024-09,SugarBlock,2,679.38
D0181,T06,2024-10,GlucoCare,9,619.7
D0181,T06,2024-10,DiabetoShield,12,553.39
D0181,T06,2024-10,SugarBlock,2,685.51
D0181,T06,2024-11,GlucoCare,12,609.09
D0181,T06,2024-11,DiabetoShield,0,543.78
D0181,T06,2024-11,SugarBlock,12,685.03
D0181,T06,2024-12,GlucoCare,12,633.8
D0181,T06,2024-12,DiabetoShield,8,566.06
D0181,T06,2024-12,SugarBlock,5,705.71
D0182,T01,2024-01,GlucoCare,20,609.43
D0182,T01,2024-01,DiabetoShield,18,543.32
D0182,T01,2024-01,SugarBlock,11,707.52
D0182,T01,2024-02,GlucoCare,27,626.11
D0182,T01,2024-02,DiabetoShield,19,548.16
D0182,T01,2024-02,SugarBlock,14,676.94
D0182,T01,2024-03,GlucoCare,34,612.0
D0182,T01,2024-03,DiabetoShield,16,549.67
D0182,T01,2024-03,SugarBlock,17,702.79
D0182,T01,2024-04,GlucoCare,29,637.86
D0182,T01,2024-04,DiabetoShield,29,557.53
D0182,T01,2024-04,SugarBlock,8,679.34
D0182,T01,2024-05,GlucoCare,24,612.19
D0182,T01,2024-05,DiabetoShield,17,574.04
D0182,T01,2024-05,SugarBlock,12,697.01
D0182,T01,2024-06,GlucoCare,32,635.52
D0182,T01,2024-06,DiabetoShield,22,568.66
D0182,T01,2024-06,SugarBlock,6,680.21
D0182,T01,2024-07,GlucoCare,26,609.94
D0182,T01,2024-07,DiabetoShield,19,569.85
D0182,T01,2024-07,SugarBlock,12,706.3
D0182,T01,2024-08,GlucoCare,23,604.89
D0182,T01,2024-08,DiabetoShield,16,552.0
D0182,T01,2024-08,SugarBlock,18,682.64
D0182,T01,2024-09,GlucoCare,22,627.39
D0182,T01,2024-09,DiabetoShield,5,550.7
D0182,T01,2024-09,SugarBlock,22,689.19
D0182,T01,2024-10,GlucoCare,25,620.06
D0182,T01,2024-10,DiabetoShield,9,572.64
D0182,T01,2024-10,SugarBlock,27,670.43
D0182,T01,2024-11,GlucoCare,21,619.86
D0182,T01,2024-11,DiabetoShield,26,560.15
D0182,T01,2024-11,SugarBlock,7,685.43
D0182,T01,2024-12,GlucoCare,17,604.65
D0182,T01,2024-12,DiabetoShield,5,556.69
D0182,T01,2024-12,SugarBlock,31,699.1
D0183,T09,2024-01,GlucoCare,19,607.03
D0183,T09,2024-01,DiabetoShield,14,567.47
D0183,T09,2024-01,SugarBlock,25,683.8
D0183,T09,2024-02,GlucoCare,15,629.02
D0183,T09,2024-02,DiabetoShield,5,576.39
D0183,T09,2024-02,SugarBlock,27,699.29
D0183,T09,2024-03,GlucoCare,9,622.06
D0183,T09,2024-03,DiabetoShield,19,546.15
D0183,T09,2024-03,SugarBlock,12,703.58
D0183,T09,2024-04,GlucoCare,14,627.61
D0183,T09,2024-04,DiabetoShield,8,551.04
D0183,T09,2024-04,SugarBlock,31,704.36
D0183,T09,2024-05,GlucoCare,12,631.99
D0183,T09,2024-05,DiabetoShield,7,571.61
D0183,T09,2024-05,SugarBlock,26,685.58
D0183,T09,2024-06,GlucoCare,12,628.81
D0183,T09,2024-06,DiabetoShield,22,563.39
D0183,T09,2024-06,SugarBlock,17,680.47
D0183,T09,2024-07,GlucoCare,18,609.21
D0183,T09,2024-07,DiabetoShield,7,552.52
D0183,T09,2024-07,SugarBlock,26,669.51
D0183,T09,2024-08,GlucoCare,8,604.11
D0183,T09,2024-08,DiabetoShield,12,566.89
D0183,T09,2024-08,SugarBlock,24,707.51
D0183,T09,2024-09,GlucoCare,13,634.85
D0183,T09,2024-09,DiabetoShield,31,571.68
D0183,T09,2024-09,SugarBlock,5,682.64
D0183,T09,2024-10,GlucoCare,11,610.04
D0183,T09,2024-10,DiabetoShield,17,556.93
D0183,T09,2024-10,SugarBlock,19,697.21
D0183,T09,2024-11,GlucoCare,12,634.89
D0183,T09,2024-11,DiabetoShield,6,558.77
D0183,T09,2024-11,SugarBlock,26,706.34
D0183,T09,2024-12,GlucoCare,14,633.56
D0183,T09,2024-12,DiabetoShield,12,556.63
D0183,T09,2024-12,SugarBlock,18,674.56
D0184,T03,2024-01,GlucoCare,15,618.03
D0184,T03,2024-01,DiabetoShield,21,564.57
D0184,T03,2024-01,SugarBlock,25,686.67
D0184,T03,2024-02,GlucoCare,16,637.81
D0184,T03,2024-02,DiabetoShield,15,558.6
D0184,T03,2024-02,SugarBlock,26,670.51
D0184,T03,2024-03,GlucoCare,12,612.18
D0184,T03,2024-03,DiabetoShield,32,552.19
D0184,T03,2024-03,SugarBlock,4,673.73
D0184,T03,2024-04,GlucoCare,18,603.73
D0184,T03,2024-04,DiabetoShield,14,571.56
D0184,T03,2024-04,SugarBlock,21,671.69
D0184,T03,2024-05,GlucoCare,14,604.54
D0184,T03,2024-05,DiabetoShield,39,545.82
D0184,T03,2024-05,SugarBlock,1,696.02
D0184,T03,2024-06,GlucoCare,18,618.48
D0184,T03,2024-06,DiabetoShield,15,556.75
D0184,T03,2024-06,SugarBlock,22,701.21
D0184,T03,2024-07,GlucoCare,24,619.15
D0184,T03,2024-07,DiabetoShield,4,557.5
D0184,T03,2024-07,SugarBlock,37,698.91
D0184,T03,2024-08,GlucoCare,21,613.87
D0184,T03,2024-08,DiabetoShield,7,551.6
D0184,T03,2024-08,SugarBlock,37,705.1
D0184,T03,2024-09,GlucoCare,21,602.28
D0184,T03,2024-09,DiabetoShield,43,564.56
D0184,T03,2024-09,SugarBlock,2,671.21
D0184,T03,2024-10,GlucoCare,21,605.99
D0184,T03,2024-10,DiabetoShield,20,550.99
D0184,T03,2024-10,SugarBlock,19,679.33
D0184,T03,2024-11,GlucoCare,16,623.43
D0184,T03,2024-11,DiabetoShield,18,563.63
D0184,T03,2024-11,SugarBlock,24,708.2
D0184,T03,2024-12,GlucoCare,14,630.46
D0184,T03,2024-12,DiabetoShield,34,543.98
D0184,T03,2024-12,SugarBlock,3,686.2
D0185,T07,2024-01,GlucoCare,16,613.28
D0185,T07,2024-01,DiabetoShield,16,543.71
D0185,T07,2024-01,SugarBlock,20,677.97
D0185,T07,2024-02,GlucoCare,18,612.1
D0185,T07,2024-02,DiabetoShield,22,573.04
D0185,T07,2024-02,SugarBlock,8,707.05
D0185,T07,2024-03,GlucoCare,15,610.51
D0185,T07,2024-03,DiabetoShield,30,551.66
D0185,T07,2024-03,SugarBlock,3,687.12
D0185,T07,2024-04,GlucoCare,15,611.2
D0185,T07,2024-04,DiabetoShield,7,570.85
D0185,T07,2024-04,SugarBlock,25,698.24
D0185,T07,2024-05,GlucoCare,24,636.2
D0185,T07,2024-05,DiabetoShield,14,557.23
D0185,T07,2024-05,SugarBlock,23,710.52
D0185,T07,2024-06,GlucoCare,16,616.5
D0185,T07,2024-06,DiabetoShield,6,551.15
D0185,T07,2024-06,SugarBlock,27,703.48
D0185,T07,2024-07,GlucoCare,11,626.91
D0185,T07,2024-07,DiabetoShield,0,558.06
D0185,T07,2024-07,SugarBlock,32,695.42
D0185,T07,2024-08,GlucoCare,19,603.04
D0185,T07,2024-08,DiabetoShield,18,561.75
D0185,T07,2024-08,SugarBlock,10,670.02
D0185,T07,2024-09,GlucoCare,11,620.92
D0185,T07,2024-09,DiabetoShield,12,571.9
D0185,T07,2024-09,SugarBlock,18,672.66
D0185,T07,2024-10,GlucoCare,17,612.68
D0185,T07,2024-10,DiabetoShield,36,554.25
D0185,T07,2024-10,SugarBlock,3,673.03
D0185,T07,2024-11,GlucoCare,13,621.64
D0185,T07,2024-11,DiabetoShield,11,570.54
D0185,T07,2024-11,SugarBlock,20,694.51
D0185,T07,2024-12,GlucoCare,14,605.15
D0185,T07,2024-12,DiabetoShield,30,551.02
D0185,T07,2024-12,SugarBlock,9,688.97
D0186,T03,2024-01,GlucoCare,5,618.03
D0186,T03,2024-01,DiabetoShield,3,564.57
D0186,T03,2024-01,SugarBlock,6,686.67
D0186,T03,2024-02,GlucoCare,6,637.81
D0186,T03,2024-02,DiabetoShield,1,558.6
D0186,T03,2024-02,SugarBlock,9,670.51
D0186,T03,2024-03,GlucoCare,6,612.18
D0186,T03,2024-03,DiabetoShield,9,552.19
D0186,T03,2024-03,SugarBlock,1,673.73
D0186,T03,2024-04,GlucoCare,6,603.73
D0186,T03,2024-04,DiabetoShield,3,571.56
D0186,T03,2024-04,SugarBlock,7,671.69
D0186,T03,2024-05,GlucoCare,7,604.54
D0186,T03,2024-05,DiabetoShield,6,545.82
D0186,T03,2024-05,SugarBlock,5,696.02
D0186,T03,2024-06,GlucoCare,6,618.48
D0186,T03,2024-06,DiabetoShield,8,556.75
D0186,T03,2024-06,SugarBlock,1,701.21
D0186,T03,2024-07,GlucoCare,7,619.15
D0186,T03,2024-07,DiabetoShield,5,557.5
D0186,T03,2024-07,SugarBlock,4,698.91
D0186,T03,2024-08,GlucoCare,5,613.87
D0186,T03,2024-08,DiabetoShield,4,551.6
D0186,T03,2024-08,SugarBlock,3,705.1
D0186,T03,2024-09,GlucoCare,6,602.28
D0186,T03,2024-09,DiabetoShield,2,564.56
D0186,T03,2024-09,SugarBlock,7,671.21
D0186,T03,2024-10,GlucoCare,4,605.99
D0186,T03,2024-10,DiabetoShield,5,550.99
D0186,T03,2024-10,SugarBlock,3,679.33
D0186,T03,2024-11,GlucoCare,6,623.43
D0186,T03,2024-11,DiabetoShield,4,563.63
D0186,T03,2024-11,SugarBlock,6,708.2
D0186,T03,2024-12,GlucoCare,6,630.46
D0186,T03,2024-12,DiabetoShield,8,543.98
D0186,T03,2024-12,SugarBlock,1,686.2
D0187,T02,2024-01,GlucoCare,16,638.1
D0187,T02,2024-01,DiabetoShield,17,575.44
D0187,T02,2024-01,SugarBlock,3,707.18
D0187,T02,2024-02,GlucoCare,19,634.21
D0187,T02,2024-02,DiabetoShield,23,545.53
D0187,T02,2024-02,SugarBlock,1,706.91
D0187,T02,2024-03,GlucoCare,17,610.52
D0187,T02,2024-03,DiabetoShield,0,571.37
D0187,T02,2024-03,SugarBlock,26,700.1
D0187,T02,2024-04,GlucoCare,20,632.36
D0187,T02,2024-04,DiabetoShield,21,559.53
D0187,T02,2024-04,SugarBlock,2,686.89
D0187,T02,2024-05,GlucoCare,16,623.69
D0187,T02,2024-05,DiabetoShield,5,572.17
D0187,T02,2024-05,SugarBlock,19,696.11
D0187,T02,2024-06,GlucoCare,13,619.23
D0187,T02,2024-06,DiabetoShield,6,549.45
D0187,T02,2024-06,SugarBlock,20,691.97
D0187,T02,2024-07,GlucoCare,16,638.08
D0187,T02,2024-07,DiabetoShield,6,551.25
D0187,T02,2024-07,SugarBlock,19,701.28
D0187,T02,2024-08,GlucoCare,18,631.24
D0187,T02,2024-08,DiabetoShield,26,575.36
D0187,T02,2024-08,SugarBlock,2,702.69
D0187,T02,2024-09,GlucoCare,13,624.81
D0187,T02,2024-09,DiabetoShield,5,559.86
D0187,T02,2024-09,SugarBlock,17,687.28
D0187,T02,2024-10,GlucoCare,14,624.56
D0187,T02,2024-10,DiabetoShield,6,550.84
D0187,T02,2024-10,SugarBlock,19,682.91
D0187,T02,2024-11,GlucoCare,12,634.01
D0187,T02,2024-11,DiabetoShield,19,546.12
D0187,T02,2024-11,SugarBlock,4,707.67
D0187,T02,2024-12,GlucoCare,18,628.23
D0187,T02,2024-12,DiabetoShield,2,544.17
D0187,T02,2024-12,SugarBlock,26,689.81
D0188,T02,2024-01,GlucoCare,12,638.1
D0188,T02,2024-01,DiabetoShield,10,575.44
D0188,T02,2024-01,SugarBlock,22,707.18
D0188,T02,2024-02,GlucoCare,9,634.21
D0188,T02,2024-02,DiabetoShield,16,545.53
D0188,T02,2024-02,SugarBlock,11,706.91
D0188,T02,2024-03,GlucoCare,7,610.52
D0188,T02,2024-03,DiabetoShield,4,571.37
D0188,T02,2024-03,SugarBlock,23,700.1
D0188,T02,2024-04,GlucoCare,11,632.36
D0188,T02,2024-04,DiabetoShield,17,559.53
D0188,T02,2024-04,SugarBlock,14,686.89
D0188,T02,2024-05,GlucoCare,14,623.69
D0188,T02,2024-05,DiabetoShield,1,572.17
D0188,T02,2024-05,SugarBlock,38,696.11
D0188,T02,2024-06,GlucoCare,13,619.23
D0188,T02,2024-06,DiabetoShield,3,549.45
D0188,T02,2024-06,SugarBlock,30,691.97
D0188,T02,2024-07,GlucoCare,8,638.08
D0188,T02,2024-07,DiabetoShield,8,551.25
D0188,T02,2024-07,SugarBlock,23,701.28
D0188,T02,2024-08,GlucoCare,14,631.24
D0188,T02,2024-08,DiabetoShield,9,575.36
D0188,T02,2024-08,SugarBlock,24,702.69
D0188,T02,2024-09,GlucoCare,7,624.81
D0188,T02,2024-09,DiabetoShield,23,559.86
D0188,T02,2024-09,SugarBlock,6,687.28
D0188,T02,2024-10,GlucoCare,13,624.56
D0188,T02,2024-10,DiabetoShield,15,550.84
D0188,T02,2024-10,SugarBlock,18,682.91
D0188,T02,2024-11,GlucoCare,12,634.01
D0188,T02,2024-11,DiabetoShield,20,546.12
D0188,T02,2024-11,SugarBlock,14,707.67
D0188,T02,2024-12,GlucoCare,11,628.23
D0188,T02,2024-12,DiabetoShield,32,544.17
D0188,T02,2024-12,SugarBlock,1,689.81
D0189,T08,2024-01,GlucoCare,4,628.82
D0189,T08,2024-01,DiabetoShield,4,555.74
D0189,T08,2024-01,SugarBlock,8,710.43
D0189,T08,2024-02,GlucoCare,5,619.89
D0189,T08,2024-02,DiabetoShield,5,576.63
D0189,T08,2024-02,SugarBlock,10,702.8
D0189,T08,2024-03,GlucoCare,4,608.44
D0189,T08,2024-03,DiabetoShield,1,573.31
D0189,T08,2024-03,SugarBlock,14,687.25
D0189,T08,2024-04,GlucoCare,4,636.52
D0189,T08,2024-04,DiabetoShield,14,556.39
D0189,T08,2024-04,SugarBlock,2,701.72
D0189,T08,2024-05,GlucoCare,4,628.79
D0189,T08,2024-05,DiabetoShield,0,552.07
D0189,T08,2024-05,SugarBlock,12,672.19
D0189,T08,2024-06,GlucoCare,4,607.82
D0189,T08,2024-06,DiabetoShield,4,556.23
D0189,T08,2024-06,SugarBlock,10,706.85
D0189,T08,2024-07,GlucoCare,4,620.8
D0189,T08,2024-07,DiabetoShield,1,574.08
D0189,T08,2024-07,SugarBlock,15,704.0
D0189,T08,2024-08,GlucoCare,4,635.05
D0189,T08,2024-08,DiabetoShield,14,562.38
D0189,T08,2024-08,SugarBlock,2,695.84
D0189,T08,2024-09,GlucoCare,5,625.84
D0189,T08,2024-09,DiabetoShield,1,575.34
D0189,T08,2024-09,SugarBlock,12,704.58
D0189,T08,2024-10,GlucoCare,5,623.58
D0189,T08,2024-10,DiabetoShield,11,563.96
D0189,T08,2024-10,SugarBlock,4,693.21
D0189,T08,2024-11,GlucoCare,5,626.91
D0189,T08,2024-11,DiabetoShield,14,571.35
D0189,T08,2024-11,SugarBlock,1,670.16
D0189,T08,2024-12,GlucoCare,4,624.64
D0189,T08,2024-12,DiabetoShield,9,566.48
D0189,T08,2024-12,SugarBlock,4,673.75
D0190,T01,2024-01,GlucoCare,17,609.43
D0190,T01,2024-01,DiabetoShield,7,543.32
D0190,T01,2024-01,SugarBlock,25,707.52
D0190,T01,2024-02,GlucoCare,21,626.11
D0190,T01,2024-02,DiabetoShield,28,548.16
D0190,T01,2024-02,SugarBlock,10,676.94
D0190,T01,2024-03,GlucoCare,23,612.0
D0190,T01,2024-03,DiabetoShield,23,549.67
D0190,T01,2024-03,SugarBlock,14,702.79
D0190,T01,2024-04,GlucoCare,26,637.86
D0190,T01,2024-04,DiabetoShield,29,557.53
D0190,T01,2024-04,SugarBlock,14,679.34
D0190,T01,2024-05,GlucoCare,18,612.19
D0190,T01,2024-05,DiabetoShield,25,574.04
D0190,T01,2024-05,SugarBlock,11,697.01
D0190,T01,2024-06,GlucoCare,15,635.52
D0190,T01,2024-06,DiabetoShield,12,568.66
D0190,T01,2024-06,SugarBlock,27,680.21
D0190,T01,2024-07,GlucoCare,18,609.94
D0190,T01,2024-07,DiabetoShield,21,569.85
D0190,T01,2024-07,SugarBlock,19,706.3
D0190,T01,2024-08,GlucoCare,26,604.89
D0190,T01,2024-08,DiabetoShield,32,552.0
D0190,T01,2024-08,SugarBlock,2,682.64
D0190,T01,2024-09,GlucoCare,2,627.39
D0190,T01,2024-09,DiabetoShield,12,550.7
D0190,T01,2024-09,SugarBlock,58,689.19
D0190,T01,2024-10,GlucoCare,7,620.06
D0190,T01,2024-10,DiabetoShield,37,572.64
D0190,T01,2024-10,SugarBlock,20,670.43
D0190,T01,2024-11,GlucoCare,6,619.86
D0190,T01,2024-11,DiabetoShield,30,560.15
D0190,T01,2024-11,SugarBlock,21,685.43
D0190,T01,2024-12,GlucoCare,6,604.65
D0190,T01,2024-12,DiabetoShield,20,556.69
D0190,T01,2024-12,SugarBlock,50,699.1
D0191,T08,2024-01,GlucoCare,14,628.82
D0191,T08,2024-01,DiabetoShield,9,555.74
D0191,T08,2024-01,SugarBlock,10,710.43
D0191,T08,2024-02,GlucoCare,11,619.89
D0191,T08,2024-02,DiabetoShield,10,576.63
D0191,T08,2024-02,SugarBlock,8,702.8
D0191,T08,2024-03,GlucoCare,10,608.44
D0191,T08,2024-03,DiabetoShield,1,573.31
D0191,T08,2024-03,SugarBlock,16,687.25
D0191,T08,2024-04,GlucoCare,10,636.52
D0191,T08,2024-04,DiabetoShield,4,556.39
D0191,T08,2024-04,SugarBlock,17,701.72
D0191,T08,2024-05,GlucoCare,10,628.79
D0191,T08,2024-05,DiabetoShield,11,552.07
D0191,T08,2024-05,SugarBlock,14,672.19
D0191,T08,2024-06,GlucoCare,10,607.82
D0191,T08,2024-06,DiabetoShield,13,556.23
D0191,T08,2024-06,SugarBlock,6,706.85
D0191,T08,2024-07,GlucoCare,12,620.8
D0191,T08,2024-07,DiabetoShield,6,574.08
D0191,T08,2024-07,SugarBlock,10,704.0
D0191,T08,2024-08,GlucoCare,9,635.05
D0191,T08,2024-08,DiabetoShield,19,562.38
D0191,T08,2024-08,SugarBlock,0,695.84
D0191,T08,2024-09,GlucoCare,14,625.84
D0191,T08,2024-09,DiabetoShield,4,575.34
D0191,T08,2024-09,SugarBlock,15,704.58
D0191,T08,2024-10,GlucoCare,10,623.58
D0191,T08,2024-10,DiabetoShield,9,563.96
D0191,T08,2024-10,SugarBlock,10,693.21
D0191,T08,2024-11,GlucoCare,14,626.91
D0191,T08,2024-11,DiabetoShield,4,571.35
D0191,T08,2024-11,SugarBlock,15,670.16
D0191,T08,2024-12,GlucoCare,15,624.64
D0191,T08,2024-12,DiabetoShield,6,566.48
D0191,T08,2024-12,SugarBlock,15,673.75
D0192,T05,2024-01,GlucoCare,13,607.18
D0192,T05,2024-01,DiabetoShield,17,561.75
D0192,T05,2024-01,SugarBlock,10,704.7
D0192,T05,2024-02,GlucoCare,14,607.49
D0192,T05,2024-02,DiabetoShield,6,572.35
D0192,T05,2024-02,SugarBlock,23,705.77
D0192,T05,2024-03,GlucoCare,20,605.55
D0192,T05,2024-03,DiabetoShield,18,571.81
D0192,T05,2024-03,SugarBlock,11,670.26
D0192,T05,2024-04,GlucoCare,14,624.48
D0192,T05,2024-04,DiabetoShield,7,562.53
D0192,T05,2024-04,SugarBlock,20,708.85
D0192,T05,2024-05,GlucoCare,18,623.6
D0192,T05,2024-05,DiabetoShield,26,558.45
D0192,T05,2024-05,SugarBlock,4,677.2
D0192,T05,2024-06,GlucoCare,7,628.15
D0192,T05,2024-06,DiabetoShield,16,464.01
D0192,T05,2024-06,SugarBlock,25,594.89
D0192,T05,2024-07,GlucoCare,4,616.49
D0192,T05,2024-07,DiabetoShield,3,428.81
D0192,T05,2024-07,SugarBlock,37,541.64
D0192,T05,2024-08,GlucoCare,3,636.9
D0192,T05,2024-08,DiabetoShield,14,433.77
D0192,T05,2024-08,SugarBlock,27,567.81
D0192,T05,2024-09,GlucoCare,7,607.16
D0192,T05,2024-09,DiabetoShield,27,438.35
D0192,T05,2024-09,SugarBlock,2,567.38
D0192,T05,2024-10,GlucoCare,3,614.58
D0192,T05,2024-10,DiabetoShield,21,430.86
D0192,T05,2024-10,SugarBlock,16,550.99
D0192,T05,2024-11,GlucoCare,2,614.85
D0192,T05,2024-11,DiabetoShield,21,420.62
D0192,T05,2024-11,SugarBlock,19,554.11
D0192,T05,2024-12,GlucoCare,1,607.68
D0192,T05,2024-12,DiabetoShield,38,466.31
D0192,T05,2024-12,SugarBlock,9,509.23
D0193,T05,2024-01,GlucoCare,19,607.18
D0193,T05,2024-01,DiabetoShield,7,561.75
D0193,T05,2024-01,SugarBlock,19,704.7
D0193,T05,2024-02,GlucoCare,23,607.49
D0193,T05,2024-02,DiabetoShield,10,572.35
D0193,T05,2024-02,SugarBlock,20,705.77
D0193,T05,2024-03,GlucoCare,20,605.55
D0193,T05,2024-03,DiabetoShield,15,571.81
D0193,T05,2024-03,SugarBlock,14,670.26
D0193,T05,2024-04,GlucoCare,21,624.48
D0193,T05,2024-04,DiabetoShield,30,562.53
D0193,T05,2024-04,SugarBlock,2,708.85
D0193,T05,2024-05,GlucoCare,29,623.6
D0193,T05,2024-05,DiabetoShield,21,558.45
D0193,T05,2024-05,SugarBlock,8,677.2
D0193,T05,2024-06,GlucoCare,9,628.15
D0193,T05,2024-06,DiabetoShield,20,464.01
D0193,T05,2024-06,SugarBlock,12,594.89
D0193,T05,2024-07,GlucoCare,7,616.49
D0193,T05,2024-07,DiabetoShield,41,428.81
D0193,T05,2024-07,SugarBlock,2,541.64
D0193,T05,2024-08,GlucoCare,5,636.9
D0193,T05,2024-08,DiabetoShield,3,433.77
D0193,T05,2024-08,SugarBlock,42,567.81
D0193,T05,2024-09,GlucoCare,13,607.16
D0193,T05,2024-09,DiabetoShield,33,438.35
D0193,T05,2024-09,SugarBlock,9,567.38
D0193,T05,2024-10,GlucoCare,9,614.58
D0193,T05,2024-10,DiabetoShield,41,430.86
D0193,T05,2024-10,SugarBlock,8,550.99
D0193,T05,2024-11,GlucoCare,2,614.85
D0193,T05,2024-11,DiabetoShield,19,420.62
D0193,T05,2024-11,SugarBlock,18,554.11
D0193,T05,2024-12,GlucoCare,6,607.68
D0193,T05,2024-12,DiabetoShield,12,466.31
D0193,T05,2024-12,SugarBlock,28,509.23
D0194,T03,2024-01,GlucoCare,18,618.03
D0194,T03,2024-01,DiabetoShield,6,564.57
D0194,T03,2024-01,SugarBlock,30,686.67
D0194,T03,2024-02,GlucoCare,17,637.81
D0194,T03,2024-02,DiabetoShield,0,558.6
D0194,T03,2024-02,SugarBlock,25,670.51
D0194,T03,2024-03,GlucoCare,20,612.18
D0194,T03,2024-03,DiabetoShield,25,552.19
D0194,T03,2024-03,SugarBlock,9,673.73
D0194,T03,2024-04,GlucoCare,15,603.73
D0194,T03,2024-04,DiabetoShield,1,571.56
D0194,T03,2024-04,SugarBlock,31,671.69
D0194,T03,2024-05,GlucoCare,17,604.54
D0194,T03,2024-05,DiabetoShield,24,545.82
D0194,T03,2024-05,SugarBlock,8,696.02
D0194,T03,2024-06,GlucoCare,15,618.48
D0194,T03,2024-06,DiabetoShield,8,556.75
D0194,T03,2024-06,SugarBlock,18,701.21
D0194,T03,2024-07,GlucoCare,18,619.15
D0194,T03,2024-07,DiabetoShield,13,557.5
D0194,T03,2024-07,SugarBlock,16,698.91
D0194,T03,2024-08,GlucoCare,21,613.87
D0194,T03,2024-08,DiabetoShield,6,551.6
D0194,T03,2024-08,SugarBlock,24,705.1
D0194,T03,2024-09,GlucoCare,17,602.28
D0194,T03,2024-09,DiabetoShield,16,564.56
D0194,T03,2024-09,SugarBlock,15,671.21
D0194,T03,2024-10,GlucoCare,22,605.99
D0194,T03,2024-10,DiabetoShield,29,550.99
D0194,T03,2024-10,SugarBlock,3,679.33
D0194,T03,2024-11,GlucoCare,24,623.43
D0194,T03,2024-11,DiabetoShield,0,563.63
D0194,T03,2024-11,SugarBlock,31,708.2
D0194,T03,2024-12,GlucoCare,20,630.46
D0194,T03,2024-12,DiabetoShield,21,543.98
D0194,T03,2024-12,SugarBlock,11,686.2
D0195,T04,2024-01,GlucoCare,19,629.41
D0195,T04,2024-01,DiabetoShield,14,576.26
D0195,T04,2024-01,SugarBlock,20,687.25
D0195,T04,2024-02,GlucoCare,20,603.63
D0195,T04,2024-02,DiabetoShield,13,547.56
D0195,T04,2024-02,SugarBlock,24,700.46
D0195,T04,2024-03,GlucoCare,19,630.21
D0195,T04,2024-03,DiabetoShield,32,562.2
D0195,T04,2024-03,SugarBlock,0,696.25
D0195,T04,2024-04,GlucoCare,17,631.44
D0195,T04,2024-04,DiabetoShield,15,560.95
D0195,T04,2024-04,SugarBlock,18,680.33
D0195,T04,2024-05,GlucoCare,20,625.0
D0195,T04,2024-05,DiabetoShield,14,547.02
D0195,T04,2024-05,SugarBlock,19,698.83
D0195,T04,2024-06,GlucoCare,6,616.83
D0195,T04,2024-06,DiabetoShield,16,446.67
D0195,T04,2024-06,SugarBlock,31,562.6
D0195,T04,2024-07,GlucoCare,3,634.68
D0195,T04,2024-07,DiabetoShield,18,486.11
D0195,T04,2024-07,SugarBlock,26,582.06
D0195,T04,2024-08,GlucoCare,1,610.9
D0195,T04,2024-08,DiabetoShield,3,468.93
D0195,T04,2024-08,SugarBlock,47,538.59
D0195,T04,2024-09,GlucoCare,2,617.06
D0195,T04,2024-09,DiabetoShield,46,458.4
D0195,T04,2024-09,SugarBlock,3,547.24
D0195,T04,2024-10,GlucoCare,2,629.25
D0195,T04,2024-10,DiabetoShield,17,473.5
D0195,T04,2024-10,SugarBlock,28,517.62
D0195,T04,2024-11,GlucoCare,4,635.66
D0195,T04,2024-11,DiabetoShield,39,441.71
D0195,T04,2024-11,SugarBlock,2,572.72
D0195,T04,2024-12,GlucoCare,2,610.98
D0195,T04,2024-12,DiabetoShield,11,452.74
D0195,T04,2024-12,SugarBlock,39,588.28
D0196,T08,2024-01,GlucoCare,17,628.82
D0196,T08,2024-01,DiabetoShield,11,555.74
D0196,T08,2024-01,SugarBlock,12,710.43
D0196,T08,2024-02,GlucoCare,17,619.89
D0196,T08,2024-02,DiabetoShield,9,576.63
D0196,T08,2024-02,SugarBlock,11,702.8
D0196,T08,2024-03,GlucoCare,19,608.44
D0196,T08,2024-03,DiabetoShield,20,573.31
D0196,T08,2024-03,SugarBlock,4,687.25
D0196,T08,2024-04,GlucoCare,12,636.52
D0196,T08,2024-04,DiabetoShield,5,556.39
D0196,T08,2024-04,SugarBlock,15,701.72
D0196,T08,2024-05,GlucoCare,12,628.79
D0196,T08,2024-05,DiabetoShield,11,552.07
D0196,T08,2024-05,SugarBlock,11,672.19
D0196,T08,2024-06,GlucoCare,12,607.82
D0196,T08,2024-06,DiabetoShield,14,556.23
D0196,T08,2024-06,SugarBlock,6,706.85
D0196,T08,2024-07,GlucoCare,19,620.8
D0196,T08,2024-07,DiabetoShield,16,574.08
D0196,T08,2024-07,SugarBlock,5,704.0
D0196,T08,2024-08,GlucoCare,13,635.05
D0196,T08,2024-08,DiabetoShield,25,562.38
D0196,T08,2024-08,SugarBlock,0,695.84
D0196,T08,2024-09,GlucoCare,21,625.84
D0196,T08,2024-09,DiabetoShield,17,575.34
D0196,T08,2024-09,SugarBlock,8,704.58
D0196,T08,2024-10,GlucoCare,15,623.58
D0196,T08,2024-10,DiabetoShield,10,563.96
D0196,T08,2024-10,SugarBlock,10,693.21
D0196,T08,2024-11,GlucoCare,16,626.91
D0196,T08,2024-11,DiabetoShield,6,571.35
D0196,T08,2024-11,SugarBlock,14,670.16
D0196,T08,2024-12,GlucoCare,20,624.64
D0196,T08,2024-12,DiabetoShield,0,566.48
D0196,T08,2024-12,SugarBlock,24,673.75
D0197,T09,2024-01,GlucoCare,9,607.03
D0197,T09,2024-01,DiabetoShield,34,567.47
D0197,T09,2024-01,SugarBlock,3,683.8
D0197,T09,2024-02,GlucoCare,19,629.02
D0197,T09,2024-02,DiabetoShield,19,576.39
D0197,T09,2024-02,SugarBlock,23,699.29
D0197,T09,2024-03,GlucoCare,20,622.06
D0197,T09,2024-03,DiabetoShield,17,546.15
D0197,T09,2024-03,SugarBlock,21,703.58
D0197,T09,2024-04,GlucoCare,25,627.61
D0197,T09,2024-04,DiabetoShield,16,551.04
D0197,T09,2024-04,SugarBlock,27,704.36
D0197,T09,2024-05,GlucoCare,16,631.99
D0197,T09,2024-05,DiabetoShield,42,571.61
D0197,T09,2024-05,SugarBlock,3,685.58
D0197,T09,2024-06,GlucoCare,14,628.81
D0197,T09,2024-06,DiabetoShield,34,563.39
D0197,T09,2024-06,SugarBlock,2,680.47
D0197,T09,2024-07,GlucoCare,19,609.21
D0197,T09,2024-07,DiabetoShield,28,552.52
D0197,T09,2024-07,SugarBlock,9,669.51
D0197,T09,2024-08,GlucoCare,13,604.11
D0197,T09,2024-08,DiabetoShield,17,566.89
D0197,T09,2024-08,SugarBlock,21,707.51
D0197,T09,2024-09,GlucoCare,18,634.85
D0197,T09,2024-09,DiabetoShield,33,571.68
D0197,T09,2024-09,SugarBlock,12,682.64
D0197,T09,2024-10,GlucoCare,20,610.04
D0197,T09,2024-10,DiabetoShield,21,556.93
D0197,T09,2024-10,SugarBlock,23,697.21
D0197,T09,2024-11,GlucoCare,16,634.89
D0197,T09,2024-11,DiabetoShield,3,558.77
D0197,T09,2024-11,SugarBlock,31,706.34
D0197,T09,2024-12,GlucoCare,7,633.56
D0197,T09,2024-12,DiabetoShield,8,556.63
D0197,T09,2024-12,SugarBlock,23,674.56
D0198,T10,2024-01,GlucoCare,9,625.16
D0198,T10,2024-01,DiabetoShield,13,556.67
D0198,T10,2024-01,SugarBlock,14,706.76
D0198,T10,2024-02,GlucoCare,5,620.02
D0198,T10,2024-02,DiabetoShield,8,561.81
D0198,T10,2024-02,SugarBlock,18,694.63
D0198,T10,2024-03,GlucoCare,6,613.18
D0198,T10,2024-03,DiabetoShield,8,550.51
D0198,T10,2024-03,SugarBlock,20,692.26
D0198,T10,2024-04,GlucoCare,5,605.08
D0198,T10,2024-04,DiabetoShield,14,563.35
D0198,T10,2024-04,SugarBlock,12,692.18
D0198,T10,2024-05,GlucoCare,7,635.95
D0198,T10,2024-05,DiabetoShield,18,544.47
D0198,T10,2024-05,SugarBlock,8,679.63
D0198,T10,2024-06,GlucoCare,8,610.47
D0198,T10,2024-06,DiabetoShield,8,574.24
D0198,T10,2024-06,SugarBlock,17,689.61
D0198,T10,2024-07,GlucoCare,13,637.08
D0198,T10,2024-07,DiabetoShield,19,560.97
D0198,T10,2024-07,SugarBlock,12,678.12
D0198,T10,2024-08,GlucoCare,8,603.83
D0198,T10,2024-08,DiabetoShield,17,564.59
D0198,T10,2024-08,SugarBlock,16,707.67
D0198,T10,2024-09,GlucoCare,11,618.77
D0198,T10,2024-09,DiabetoShield,10,574.82
D0198,T10,2024-09,SugarBlock,23,686.21
D0198,T10,2024-10,GlucoCare,6,601.68
D0198,T10,2024-10,DiabetoShield,21,573.58
D0198,T10,2024-10,SugarBlock,6,687.63
D0198,T10,2024-11,GlucoCare,10,614.55
D0198,T10,2024-11,DiabetoShield,13,576.61
D0198,T10,2024-11,SugarBlock,18,687.55
D0198,T10,2024-12,GlucoCare,10,607.8
D0198,T10,2024-12,DiabetoShield,23,555.29
D0198,T10,2024-12,SugarBlock,7,692.56
D0199,T07,2024-01,GlucoCare,9,613.28
D0199,T07,2024-01,DiabetoShield,6,543.71
D0199,T07,2024-01,SugarBlock,8,677.97
D0199,T07,2024-02,GlucoCare,10,612.1
D0199,T07,2024-02,DiabetoShield,14,573.04
D0199,T07,2024-02,SugarBlock,3,707.05
D0199,T07,2024-03,GlucoCare,10,610.51
D0199,T07,2024-03,DiabetoShield,10,551.66
D0199,T07,2024-03,SugarBlock,4,687.12
D0199,T07,2024-04,GlucoCare,8,611.2
D0199,T07,2024-04,DiabetoShield,7,570.85
D0199,T07,2024-04,SugarBlock,10,698.24
D0199,T07,2024-05,GlucoCare,7,636.2
D0199,T07,2024-05,DiabetoShield,6,557.23
D0199,T07,2024-05,SugarBlock,6,710.52
D0199,T07,2024-06,GlucoCare,7,616.5
D0199,T07,2024-06,DiabetoShield,10,551.15
D0199,T07,2024-06,SugarBlock,4,703.48
D0199,T07,2024-07,GlucoCare,10,626.91
D0199,T07,2024-07,DiabetoShield,6,558.06
D0199,T07,2024-07,SugarBlock,9,695.42
D0199,T07,2024-08,GlucoCare,12,603.04
D0199,T07,2024-08,DiabetoShield,10,561.75
D0199,T07,2024-08,SugarBlock,5,670.02
D0199,T07,2024-09,GlucoCare,9,620.92
D0199,T07,2024-09,DiabetoShield,11,571.9
D0199,T07,2024-09,SugarBlock,2,672.66
D0199,T07,2024-10,GlucoCare,9,612.68
D0199,T07,2024-10,DiabetoShield,6,554.25
D0199,T07,2024-10,SugarBlock,7,673.03
D0199,T07,2024-11,GlucoCare,9,621.64
D0199,T07,2024-11,DiabetoShield,12,570.54
D0199,T07,2024-11,SugarBlock,2,694.51
D0199,T07,2024-12,GlucoCare,9,605.15
D0199,T07,2024-12,DiabetoShield,0,551.02
D0199,T07,2024-12,SugarBlock,14,688.97
D0200,T03,2024-01,GlucoCare,13,618.03
D0200,T03,2024-01,DiabetoShield,3,564.57
D0200,T03,2024-01,SugarBlock,16,686.67
D0200,T03,2024-02,GlucoCare,12,637.81
D0200,T03,2024-02,DiabetoShield,15,558.6
D0200,T03,2024-02,SugarBlock,4,670.51
D0200,T03,2024-03,GlucoCare,8,612.18
D0200,T03,2024-03,DiabetoShield,9,552.19
D0200,T03,2024-03,SugarBlock,11,673.73
D0200,T03,2024-04,GlucoCare,12,603.73
D0200,T03,2024-04,DiabetoShield,17,571.56
D0200,T03,2024-04,SugarBlock,1,671.69
D0200,T03,2024-05,GlucoCare,13,604.54
D0200,T03,2024-05,DiabetoShield,19,545.82
D0200,T03,2024-05,SugarBlock,2,696.02
D0200,T03,2024-06,GlucoCare,9,618.48
D0200,T03,2024-06,DiabetoShield,12,556.75
D0200,T03,2024-06,SugarBlock,7,701.21
D0200,T03,2024-07,GlucoCare,10,619.15
D0200,T03,2024-07,DiabetoShield,7,557.5
D0200,T03,2024-07,SugarBlock,11,698.91
D0200,T03,2024-08,GlucoCare,8,613.87
D0200,T03,2024-08,DiabetoShield,1,551.6
D0200,T03,2024-08,SugarBlock,14,705.1
D0200,T03,2024-09,GlucoCare,10,602.28
D0200,T03,2024-09,DiabetoShield,15,564.56
D0200,T03,2024-09,SugarBlock,0,671.21
D0200,T03,2024-10,GlucoCare,10,605.99
D0200,T03,2024-10,DiabetoShield,14,550.99
D0200,T03,2024-10,SugarBlock,7,679.33
D0200,T03,2024-11,GlucoCare,13,623.43
D0200,T03,2024-11,DiabetoShield,22,563.63
D0200,T03,2024-11,SugarBlock,0,708.2
D0200,T03,2024-12,GlucoCare,12,630.46
D0200,T03,2024-12,DiabetoShield,19,543.98
D0200,T03,2024-12,SugarBlock,1,686.2
D0201,T01,2024-01,GlucoCare,4,609.43
D0201,T01,2024-01,DiabetoShield,7,543.32
D0201,T01,2024-01,SugarBlock,7,707.52
D0201,T01,2024-02,GlucoCare,7,626.11
D0201,T01,2024-02,DiabetoShield,9,548.16
D0201,T01,2024-02,SugarBlock,7,676.94
D0201,T01,2024-03,GlucoCare,5,612.0
D0201,T01,2024-03,DiabetoShield,6,549.67
D0201,T01,2024-03,SugarBlock,9,702.79
D0201,T01,2024-04,GlucoCare,8,637.86
D0201,T01,2024-04,DiabetoShield,5,557.53
D0201,T01,2024-04,SugarBlock,15,679.34
D0201,T01,2024-05,GlucoCare,6,612.19
D0201,T01,2024-05,DiabetoShield,13,574.04
D0201,T01,2024-05,SugarBlock,1,697.01
D0201,T01,2024-06,GlucoCare,8,635.52
D0201,T01,2024-06,DiabetoShield,2,568.66
D0201,T01,2024-06,SugarBlock,15,680.21
D0201,T01,2024-07,GlucoCare,5,609.94
D0201,T01,2024-07,DiabetoShield,1,569.85
D0201,T01,2024-07,SugarBlock,15,706.3
D0201,T01,2024-08,GlucoCare,6,604.89
D0201,T01,2024-08,DiabetoShield,12,552.0
D0201,T01,2024-08,SugarBlock,5,682.64
D0201,T01,2024-09,GlucoCare,7,627.39
D0201,T01,2024-09,DiabetoShield,15,550.7
D0201,T01,2024-09,SugarBlock,1,689.19
D0201,T01,2024-10,GlucoCare,6,620.06
D0201,T01,2024-10,DiabetoShield,1,572.64
D0201,T01,2024-10,SugarBlock,12,670.43
D0201,T01,2024-11,GlucoCare,7,619.86
D0201,T01,2024-11,DiabetoShield,10,560.15
D0201,T01,2024-11,SugarBlock,5,685.43
D0201,T01,2024-12,GlucoCare,7,604.65
D0201,T01,2024-12,DiabetoShield,7,556.69
D0201,T01,2024-12,SugarBlock,7,699.1
D0202,T06,2024-01,GlucoCare,8,611.27
D0202,T06,2024-01,DiabetoShield,5,554.84
D0202,T06,2024-01,SugarBlock,9,690.22
D0202,T06,2024-02,GlucoCare,8,607.59
D0202,T06,2024-02,DiabetoShield,6,574.29
D0202,T06,2024-02,SugarBlock,5,675.89
D0202,T06,2024-03,GlucoCare,9,634.59
D0202,T06,2024-03,DiabetoShield,4,552.55
D0202,T06,2024-03,SugarBlock,8,693.38
D0202,T06,2024-04,GlucoCare,8,617.98
D0202,T06,2024-04,DiabetoShield,1,549.04
D0202,T06,2024-04,SugarBlock,13,674.05
D0202,T06,2024-05,GlucoCare,9,617.89
D0202,T06,2024-05,DiabetoShield,3,557.73
D0202,T06,2024-05,SugarBlock,11,670.85
D0202,T06,2024-06,GlucoCare,9,614.8
D0202,T06,2024-06,DiabetoShield,4,544.12
D0202,T06,2024-06,SugarBlock,7,671.82
D0202,T06,2024-07,GlucoCare,13,628.77
D0202,T06,2024-07,DiabetoShield,12,573.7
D0202,T06,2024-07,SugarBlock,1,677.41
D0202,T06,2024-08,GlucoCare,8,618.13
D0202,T06,2024-08,DiabetoShield,5,573.99
D0202,T06,2024-08,SugarBlock,7,682.39
D0202,T06,2024-09,GlucoCare,10,607.77
D0202,T06,2024-09,DiabetoShield,11,566.77
D0202,T06,2024-09,SugarBlock,1,679.38
D0202,T06,2024-10,GlucoCare,9,619.7
D0202,T06,2024-10,DiabetoShield,12,553.39
D0202,T06,2024-10,SugarBlock,0,685.51
D0202,T06,2024-11,GlucoCare,9,609.09
D0202,T06,2024-11,DiabetoShield,11,543.78
D0202,T06,2024-11,SugarBlock,1,685.03
D0202,T06,2024-12,GlucoCare,8,633.8
D0202,T06,2024-12,DiabetoShield,9,566.06
D0202,T06,2024-12,SugarBlock,2,705.71
D0203,T06,2024-01,GlucoCare,17,611.27
D0203,T06,2024-01,DiabetoShield,12,554.84
D0203,T06,2024-01,SugarBlock,13,690.22
D0203,T06,2024-02,GlucoCare,17,607.59
D0203,T06,2024-02,DiabetoShield,12,574.29
D0203,T06,2024-02,SugarBlock,12,675.89
D0203,T06,2024-03,GlucoCare,18,634.59
D0203,T06,2024-03,DiabetoShield,10,552.55
D0203,T06,2024-03,SugarBlock,15,693.38
D0203,T06,2024-04,GlucoCare,25,617.98
D0203,T06,2024-04,DiabetoShield,18,549.04
D0203,T06,2024-04,SugarBlock,11,674.05
D0203,T06,2024-05,GlucoCare,24,617.89
D0203,T06,2024-05,DiabetoShield,5,557.73
D0203,T06,2024-05,SugarBlock,18,670.85
D0203,T06,2024-06,GlucoCare,20,614.8
D0203,T06,2024-06,DiabetoShield,3,544.12
D0203,T06,2024-06,SugarBlock,25,671.82
D0203,T06,2024-07,GlucoCare,16,628.77
D0203,T06,2024-07,DiabetoShield,10,573.7
D0203,T06,2024-07,SugarBlock,15,677.41
D0203,T06,2024-08,GlucoCare,17,618.13
D0203,T06,2024-08,DiabetoShield,9,573.99
D0203,T06,2024-08,SugarBlock,19,682.39
D0203,T06,2024-09,GlucoCare,17,607.77
D0203,T06,2024-09,DiabetoShield,24,566.77
D0203,T06,2024-09,SugarBlock,4,679.38
D0203,T06,2024-10,GlucoCare,22,619.7
D0203,T06,2024-10,DiabetoShield,2,553.39
D0203,T06,2024-10,SugarBlock,25,685.51
D0203,T06,2024-11,GlucoCare,17,609.09
D0203,T06,2024-11,DiabetoShield,1,543.78
D0203,T06,2024-11,SugarBlock,21,685.03
D0203,T06,2024-12,GlucoCare,24,633.8
D0203,T06,2024-12,DiabetoShield,27,566.06
D0203,T06,2024-12,SugarBlock,4,705.71
D0204,T06,2024-01,GlucoCare,9,611.27
D0204,T06,2024-01,DiabetoShield,3,554.84
D0204,T06,2024-01,SugarBlock,8,690.22
D0204,T06,2024-02,GlucoCare,8,607.59
D0204,T06,2024-02,DiabetoShield,10,574.29
D0204,T06,2024-02,SugarBlock,3,675.89
D0204,T06,2024-03,GlucoCare,12,634.59
D0204,T06,2024-03,DiabetoShield,14,552.55
D0204,T06,2024-03,SugarBlock,0,693.38
D0204,T06,2024-04,GlucoCare,12,617.98
D0204,T06,2024-04,DiabetoShield,2,549.04
D0204,T06,2024-04,SugarBlock,10,674.05
D0204,T06,2024-05,GlucoCare,11,617.89
D0204,T06,2024-05,DiabetoShield,1,557.73
D0204,T06,2024-05,SugarBlock,11,670.85
D0204,T06,2024-06,GlucoCare,12,614.8
D0204,T06,2024-06,DiabetoShield,8,544.12
D0204,T06,2024-06,SugarBlock,4,671.82
D0204,T06,2024-07,GlucoCare,8,628.77
D0204,T06,2024-07,DiabetoShield,9,573.7
D0204,T06,2024-07,SugarBlock,3,677.41
D0204,T06,2024-08,GlucoCare,5,618.13
D0204,T06,2024-08,DiabetoShield,6,573.99
D0204,T06,2024-08,SugarBlock,4,682.39
D0204,T06,2024-09,GlucoCare,9,607.77
D0204,T06,2024-09,DiabetoShield,1,566.77
D0204,T06,2024-09,SugarBlock,11,679.38
D0204,T06,2024-10,GlucoCare,7,619.7
D0204,T06,2024-10,DiabetoShield,8,553.39
D0204,T06,2024-10,SugarBlock,1,685.51
D0204,T06,2024-11,GlucoCare,11,609.09
D0204,T06,2024-11,DiabetoShield,0,543.78
D0204,T06,2024-11,SugarBlock,12,685.03
D0204,T06,2024-12,GlucoCare,8,633.8
D0204,T06,2024-12,DiabetoShield,4,566.06
D0204,T06,2024-12,SugarBlock,10,705.71
D0205,T06,2024-01,GlucoCare,18,611.27
D0205,T06,2024-01,DiabetoShield,7,554.84
D0205,T06,2024-01,SugarBlock,22,690.22
D0205,T06,2024-02,GlucoCare,26,607.59
D0205,T06,2024-02,DiabetoShield,7,574.29
D0205,T06,2024-02,SugarBlock,30,675.89
D0205,T06,2024-03,GlucoCare,20,634.59
D0205,T06,2024-03,DiabetoShield,3,552.55
D0205,T06,2024-03,SugarBlock,27,693.38
D0205,T06,2024-04,GlucoCare,23,617.98
D0205,T06,2024-04,DiabetoShield,9,549.04
D0205,T06,2024-04,SugarBlock,17,674.05
D0205,T06,2024-05,GlucoCare,17,617.89
D0205,T06,2024-05,DiabetoShield,25,557.73
D0205,T06,2024-05,SugarBlock,4,670.85
D0205,T06,2024-06,GlucoCare,21,614.8
D0205,T06,2024-06,DiabetoShield,22,544.12
D0205,T06,2024-06,SugarBlock,5,671.82
D0205,T06,2024-07,GlucoCare,26,628.77
D0205,T06,2024-07,DiabetoShield,14,573.7
D0205,T06,2024-07,SugarBlock,18,677.41
D0205,T06,2024-08,GlucoCare,20,618.13
D0205,T06,2024-08,DiabetoShield,27,573.99
D0205,T06,2024-08,SugarBlock,8,682.39
D0205,T06,2024-09,GlucoCare,26,607.77
D0205,T06,2024-09,DiabetoShield,14,566.77
D0205,T06,2024-09,SugarBlock,15,679.38
D0205,T06,2024-10,GlucoCare,21,619.7
D0205,T06,2024-10,DiabetoShield,6,553.39
D0205,T06,2024-10,SugarBlock,30,685.51
D0205,T06,2024-11,GlucoCare,28,609.09
D0205,T06,2024-11,DiabetoShield,26,543.78
D0205,T06,2024-11,SugarBlock,1,685.03
D0205,T06,2024-12,GlucoCare,28,633.8
D0205,T06,2024-12,DiabetoShield,8,566.06
D0205,T06,2024-12,SugarBlock,18,705.71
D0206,T01,2024-01,GlucoCare,13,609.43
D0206,T01,2024-01,DiabetoShield,10,543.32
D0206,T01,2024-01,SugarBlock,11,707.52
D0206,T01,2024-02,GlucoCare,11,626.11
D0206,T01,2024-02,DiabetoShield,16,548.16
D0206,T01,2024-02,SugarBlock,5,676.94
D0206,T01,2024-03,GlucoCare,9,612.0
D0206,T01,2024-03,DiabetoShield,11,549.67
D0206,T01,2024-03,SugarBlock,4,702.79
D0206,T01,2024-04,GlucoCare,8,637.86
D0206,T01,2024-04,DiabetoShield,13,557.53
D0206,T01,2024-04,SugarBlock,2,679.34
D0206,T01,2024-05,GlucoCare,11,612.19
D0206,T01,2024-05,DiabetoShield,9,574.04
D0206,T01,2024-05,SugarBlock,11,697.01
D0206,T01,2024-06,GlucoCare,11,635.52
D0206,T01,2024-06,DiabetoShield,9,568.66
D0206,T01,2024-06,SugarBlock,13,680.21
D0206,T01,2024-07,GlucoCare,8,609.94
D0206,T01,2024-07,DiabetoShield,11,569.85
D0206,T01,2024-07,SugarBlock,6,706.3
D0206,T01,2024-08,GlucoCare,8,604.89
D0206,T01,2024-08,DiabetoShield,14,552.0
D0206,T01,2024-08,SugarBlock,2,682.64
D0206,T01,2024-09,GlucoCare,12,627.39
D0206,T01,2024-09,DiabetoShield,4,550.7
D0206,T01,2024-09,SugarBlock,19,689.19
D0206,T01,2024-10,GlucoCare,10,620.06
D0206,T01,2024-10,DiabetoShield,9,572.64
D0206,T01,2024-10,SugarBlock,7,670.43
D0206,T01,2024-11,GlucoCare,14,619.86
D0206,T01,2024-11,DiabetoShield,10,560.15
D0206,T01,2024-11,SugarBlock,10,685.43
D0206,T01,2024-12,GlucoCare,11,604.65
D0206,T01,2024-12,DiabetoShield,14,556.69
D0206,T01,2024-12,SugarBlock,5,699.1
D0207,T04,2024-01,GlucoCare,9,629.41
D0207,T04,2024-01,DiabetoShield,3,576.26
D0207,T04,2024-01,SugarBlock,18,687.25
D0207,T04,2024-02,GlucoCare,8,603.63
D0207,T04,2024-02,DiabetoShield,2,547.56
D0207,T04,2024-02,SugarBlock,23,700.46
D0207,T04,2024-03,GlucoCare,8,630.21
D0207,T04,2024-03,DiabetoShield,3,562.2
D0207,T04,2024-03,SugarBlock,20,696.25
D0207,T04,2024-04,GlucoCare,10,631.44
D0207,T04,2024-04,DiabetoShield,0,560.95
D0207,T04,2024-04,SugarBlock,22,680.33
D0207,T04,2024-05,GlucoCare,14,625.0
D0207,T04,2024-05,DiabetoShield,10,547.02
D0207,T04,2024-05,SugarBlock,19,698.83
D0207,T04,2024-06,GlucoCare,4,616.83
D0207,T04,2024-06,DiabetoShield,16,446.67
D0207,T04,2024-06,SugarBlock,16,562.6
D0207,T04,2024-07,GlucoCare,2,634.68
D0207,T04,2024-07,DiabetoShield,22,486.11
D0207,T04,2024-07,SugarBlock,9,582.06
D0207,T04,2024-08,GlucoCare,2,610.9
D0207,T04,2024-08,DiabetoShield,10,468.93
D0207,T04,2024-08,SugarBlock,23,538.59
D0207,T04,2024-09,GlucoCare,2,617.06
D0207,T04,2024-09,DiabetoShield,2,458.4
D0207,T04,2024-09,SugarBlock,27,547.24
D0207,T04,2024-10,GlucoCare,1,629.25
D0207,T04,2024-10,DiabetoShield,4,473.5
D0207,T04,2024-10,SugarBlock,25,517.62
D0207,T04,2024-11,GlucoCare,0,635.66
D0207,T04,2024-11,DiabetoShield,22,441.71
D0207,T04,2024-11,SugarBlock,7,572.72
D0207,T04,2024-12,GlucoCare,4,610.98
D0207,T04,2024-12,DiabetoShield,11,452.74
D0207,T04,2024-12,SugarBlock,18,588.28
D0208,T02,2024-01,GlucoCare,9,638.1
D0208,T02,2024-01,DiabetoShield,6,575.44
D0208,T02,2024-01,SugarBlock,11,707.18
D0208,T02,2024-02,GlucoCare,6,634.21
D0208,T02,2024-02,DiabetoShield,2,545.53
D0208,T02,2024-02,SugarBlock,16,706.91
D0208,T02,2024-03,GlucoCare,8,610.52
D0208,T02,2024-03,DiabetoShield,1,571.37
D0208,T02,2024-03,SugarBlock,16,700.1
D0208,T02,2024-04,GlucoCare,6,632.36
D0208,T02,2024-04,DiabetoShield,3,559.53
D0208,T02,2024-04,SugarBlock,13,686.89
D0208,T02,2024-05,GlucoCare,6,623.69
D0208,T02,2024-05,DiabetoShield,11,572.17
D0208,T02,2024-05,SugarBlock,8,696.11
D0208,T02,2024-06,GlucoCare,4,619.23
D0208,T02,2024-06,DiabetoShield,10,549.45
D0208,T02,2024-06,SugarBlock,6,691.97
D0208,T02,2024-07,GlucoCare,6,638.08
D0208,T02,2024-07,DiabetoShield,8,551.25
D0208,T02,2024-07,SugarBlock,13,701.28
D0208,T02,2024-08,GlucoCare,5,631.24
D0208,T02,2024-08,DiabetoShield,12,575.36
D0208,T02,2024-08,SugarBlock,3,702.69
D0208,T02,2024-09,GlucoCare,5,624.81
D0208,T02,2024-09,DiabetoShield,17,559.86
D0208,T02,2024-09,SugarBlock,0,687.28
D0208,T02,2024-10,GlucoCare,8,624.56
D0208,T02,2024-10,DiabetoShield,13,550.84
D0208,T02,2024-10,SugarBlock,6,682.91
D0208,T02,2024-11,GlucoCare,5,634.01
D0208,T02,2024-11,DiabetoShield,1,546.12
D0208,T02,2024-11,SugarBlock,16,707.67
D0208,T02,2024-12,GlucoCare,3,628.23
D0208,T02,2024-12,DiabetoShield,6,544.17
D0208,T02,2024-12,SugarBlock,12,689.81
D0209,T09,2024-01,GlucoCare,18,607.03
D0209,T09,2024-01,DiabetoShield,20,567.47
D0209,T09,2024-01,SugarBlock,5,683.8
D0209,T09,2024-02,GlucoCare,21,629.02
D0209,T09,2024-02,DiabetoShield,19,576.39
D0209,T09,2024-02,SugarBlock,7,699.29
D0209,T09,2024-03,GlucoCare,19,622.06
D0209,T09,2024-03,DiabetoShield,3,546.15
D0209,T09,2024-03,SugarBlock,24,703.58
D0209,T09,2024-04,GlucoCare,16,627.61
D0209,T09,2024-04,DiabetoShield,6,551.04
D0209,T09,2024-04,SugarBlock,20,704.36
D0209,T09,2024-05,GlucoCare,10,631.99
D0209,T09,2024-05,DiabetoShield,6,571.61
D0209,T09,2024-05,SugarBlock,19,685.58
D0209,T09,2024-06,GlucoCare,19,628.81
D0209,T09,2024-06,DiabetoShield,19,563.39
D0209,T09,2024-06,SugarBlock,11,680.47
D0209,T09,2024-07,GlucoCare,19,609.21
D0209,T09,2024-07,DiabetoShield,9,552.52
D0209,T09,2024-07,SugarBlock,16,669.51
D0209,T09,2024-08,GlucoCare,15,604.11
D0209,T09,2024-08,DiabetoShield,7,566.89
D0209,T09,2024-08,SugarBlock,15,707.51
D0209,T09,2024-09,GlucoCare,17,634.85
D0209,T09,2024-09,DiabetoShield,23,571.68
D0209,T09,2024-09,SugarBlock,6,682.64
D0209,T09,2024-10,GlucoCare,21,610.04
D0209,T09,2024-10,DiabetoShield,16,556.93
D0209,T09,2024-10,SugarBlock,7,697.21
D0209,T09,2024-11,GlucoCare,24,634.89
D0209,T09,2024-11,DiabetoShield,21,558.77
D0209,T09,2024-11,SugarBlock,8,706.34
D0209,T09,2024-12,GlucoCare,16,633.56
D0209,T09,2024-12,DiabetoShield,21,556.63
D0209,T09,2024-12,SugarBlock,2,674.56
D0210,T09,2024-01,GlucoCare,11,607.03
D0210,T09,2024-01,DiabetoShield,1,567.47
D0210,T09,2024-01,SugarBlock,13,683.8
D0210,T09,2024-02,GlucoCare,12,629.02
D0210,T09,2024-02,DiabetoShield,7,576.39
D0210,T09,2024-02,SugarBlock,8,699.29
D0210,T09,2024-03,GlucoCare,14,622.06
D0210,T09,2024-03,DiabetoShield,4,546.15
D0210,T09,2024-03,SugarBlock,14,703.58
D0210,T09,2024-04,GlucoCare,9,627.61
D0210,T09,2024-04,DiabetoShield,14,551.04
D0210,T09,2024-04,SugarBlock,2,704.36
D0210,T09,2024-05,GlucoCare,12,631.99
D0210,T09,2024-05,DiabetoShield,2,571.61
D0210,T09,2024-05,SugarBlock,14,685.58
D0210,T09,2024-06,GlucoCare,11,628.81
D0210,T09,2024-06,DiabetoShield,3,563.39
D0210,T09,2024-06,SugarBlock,15,680.47
D0210,T09,2024-07,GlucoCare,18,609.21
D0210,T09,2024-07,DiabetoShield,8,552.52
D0210,T09,2024-07,SugarBlock,9,669.51
D0210,T09,2024-08,GlucoCare,13,604.11
D0210,T09,2024-08,DiabetoShield,6,566.89
D0210,T09,2024-08,SugarBlock,12,707.51
D0210,T09,2024-09,GlucoCare,9,634.85
D0210,T09,2024-09,DiabetoShield,7,571.68
D0210,T09,2024-09,SugarBlock,7,682.64
D0210,T09,2024-10,GlucoCare,15,610.04
D0210,T09,2024-10,DiabetoShield,13,556.93
D0210,T09,2024-10,SugarBlock,6,697.21
D0210,T09,2024-11,GlucoCare,13,634.89
D0210,T09,2024-11,DiabetoShield,3,558.77
D0210,T09,2024-11,SugarBlock,14,706.34
D0210,T09,2024-12,GlucoCare,13,633.56
D0210,T09,2024-12,DiabetoShield,5,556.63
D0210,T09,2024-12,SugarBlock,13,674.56
D0211,T09,2024-01,GlucoCare,13,607.03
D0211,T09,2024-01,DiabetoShield,20,567.47
D0211,T09,2024-01,SugarBlock,2,683.8
D0211,T09,2024-02,GlucoCare,18,629.02
D0211,T09,2024-02,DiabetoShield,11,576.39
D0211,T09,2024-02,SugarBlock,12,699.29
D0211,T09,2024-03,GlucoCare,20,622.06
D0211,T09,2024-03,DiabetoShield,20,546.15
D0211,T09,2024-03,SugarBlock,8,703.58
D0211,T09,2024-04,GlucoCare,10,627.61
D0211,T09,2024-04,DiabetoShield,21,551.04
D0211,T09,2024-04,SugarBlock,2,704.36
D0211,T09,2024-05,GlucoCare,11,631.99
D0211,T09,2024-05,DiabetoShield,9,571.61
D0211,T09,2024-05,SugarBlock,18,685.58
D0211,T09,2024-06,GlucoCare,15,628.81
D0211,T09,2024-06,DiabetoShield,13,563.39
D0211,T09,2024-06,SugarBlock,12,680.47
D0211,T09,2024-07,GlucoCare,17,609.21
D0211,T09,2024-07,DiabetoShield,6,552.52
D0211,T09,2024-07,SugarBlock,16,669.51
D0211,T09,2024-08,GlucoCare,11,604.11
D0211,T09,2024-08,DiabetoShield,7,566.89
D0211,T09,2024-08,SugarBlock,17,707.51
D0211,T09,2024-09,GlucoCare,11,634.85
D0211,T09,2024-09,DiabetoShield,7,571.68
D0211,T09,2024-09,SugarBlock,16,682.64
D0211,T09,2024-10,GlucoCare,17,610.04
D0211,T09,2024-10,DiabetoShield,18,556.93
D0211,T09,2024-10,SugarBlock,7,697.21
D0211,T09,2024-11,GlucoCare,13,634.89
D0211,T09,2024-11,DiabetoShield,4,558.77
D0211,T09,2024-11,SugarBlock,16,706.34
D0211,T09,2024-12,GlucoCare,10,633.56
D0211,T09,2024-12,DiabetoShield,1,556.63
D0211,T09,2024-12,SugarBlock,22,674.56
D0212,T05,2024-01,GlucoCare,20,607.18
D0212,T05,2024-01,DiabetoShield,21,561.75
D0212,T05,2024-01,SugarBlock,11,704.7
D0212,T05,2024-02,GlucoCare,19,607.49
D0212,T05,2024-02,DiabetoShield,18,572.35
D0212,T05,2024-02,SugarBlock,8,705.77
D0212,T05,2024-03,GlucoCare,18,605.55
D0212,T05,2024-03,DiabetoShield,27,571.81
D0212,T05,2024-03,SugarBlock,3,670.26
D0212,T05,2024-04,GlucoCare,22,624.48
D0212,T05,2024-04,DiabetoShield,26,562.53
D0212,T05,2024-04,SugarBlock,7,708.85
D0212,T05,2024-05,GlucoCare,22,623.6
D0212,T05,2024-05,DiabetoShield,18,558.45
D0212,T05,2024-05,SugarBlock,10,677.2
D0212,T05,2024-06,GlucoCare,9,628.15
D0212,T05,2024-06,DiabetoShield,19,464.01
D0212,T05,2024-06,SugarBlock,20,594.89
D0212,T05,2024-07,GlucoCare,5,616.49
D0212,T05,2024-07,DiabetoShield,1,428.81
D0212,T05,2024-07,SugarBlock,36,541.64
D0212,T05,2024-08,GlucoCare,4,636.9
D0212,T05,2024-08,DiabetoShield,9,433.77
D0212,T05,2024-08,SugarBlock,25,567.81
D0212,T05,2024-09,GlucoCare,12,607.16
D0212,T05,2024-09,DiabetoShield,8,438.35
D0212,T05,2024-09,SugarBlock,27,567.38
D0212,T05,2024-10,GlucoCare,10,614.58
D0212,T05,2024-10,DiabetoShield,7,430.86
D0212,T05,2024-10,SugarBlock,32,550.99
D0212,T05,2024-11,GlucoCare,3,614.85
D0212,T05,2024-11,DiabetoShield,25,420.62
D0212,T05,2024-11,SugarBlock,12,554.11
D0212,T05,2024-12,GlucoCare,0,607.68
D0212,T05,2024-12,DiabetoShield,25,466.31
D0212,T05,2024-12,SugarBlock,14,509.23
D0213,T09,2024-01,GlucoCare,7,607.03
D0213,T09,2024-01,DiabetoShield,5,567.47
D0213,T09,2024-01,SugarBlock,4,683.8
D0213,T09,2024-02,GlucoCare,8,629.02
D0213,T09,2024-02,DiabetoShield,0,576.39
D0213,T09,2024-02,SugarBlock,11,699.29
D0213,T09,2024-03,GlucoCare,9,622.06
D0213,T09,2024-03,DiabetoShield,2,546.15
D0213,T09,2024-03,SugarBlock,9,703.58
D0213,T09,2024-04,GlucoCare,8,627.61
D0213,T09,2024-04,DiabetoShield,5,551.04
D0213,T09,2024-04,SugarBlock,8,704.36
D0213,T09,2024-05,GlucoCare,7,631.99
D0213,T09,2024-05,DiabetoShield,3,571.61
D0213,T09,2024-05,SugarBlock,9,685.58
D0213,T09,2024-06,GlucoCare,4,628.81
D0213,T09,2024-06,DiabetoShield,4,563.39
D0213,T09,2024-06,SugarBlock,8,680.47
D0213,T09,2024-07,GlucoCare,9,609.21
D0213,T09,2024-07,DiabetoShield,5,552.52
D0213,T09,2024-07,SugarBlock,5,669.51
D0213,T09,2024-08,GlucoCare,9,604.11
D0213,T09,2024-08,DiabetoShield,9,566.89
D0213,T09,2024-08,SugarBlock,1,707.51
D0213,T09,2024-09,GlucoCare,7,634.85
D0213,T09,2024-09,DiabetoShield,6,571.68
D0213,T09,2024-09,SugarBlock,7,682.64
D0213,T09,2024-10,GlucoCare,7,610.04
D0213,T09,2024-10,DiabetoShield,7,556.93
D0213,T09,2024-10,SugarBlock,3,697.21
D0213,T09,2024-11,GlucoCare,10,634.89
D0213,T09,2024-11,DiabetoShield,11,558.77
D0213,T09,2024-11,SugarBlock,3,706.34
D0213,T09,2024-12,GlucoCare,8,633.56
D0213,T09,2024-12,DiabetoShield,2,556.63
D0213,T09,2024-12,SugarBlock,9,674.56
D0214,T09,2024-01,GlucoCare,17,607.03
D0214,T09,2024-01,DiabetoShield,22,567.47
D0214,T09,2024-01,SugarBlock,3,683.8
D0214,T09,2024-02,GlucoCare,14,629.02
D0214,T09,2024-02,DiabetoShield,0,576.39
D0214,T09,2024-02,SugarBlock,24,699.29
D0214,T09,2024-03,GlucoCare,20,622.06
D0214,T09,2024-03,DiabetoShield,25,546.15
D0214,T09,2024-03,SugarBlock,3,703.58
D0214,T09,2024-04,GlucoCare,15,627.61
D0214,T09,2024-04,DiabetoShield,10,551.04
D0214,T09,2024-04,SugarBlock,13,704.36
D0214,T09,2024-05,GlucoCare,19,631.99
D0214,T09,2024-05,DiabetoShield,27,571.61
D0214,T09,2024-05,SugarBlock,2,685.58
D0214,T09,2024-06,GlucoCare,20,628.81
D0214,T09,2024-06,DiabetoShield,21,563.39
D0214,T09,2024-06,SugarBlock,7,680.47
D0214,T09,2024-07,GlucoCare,13,609.21
D0214,T09,2024-07,DiabetoShield,16,552.52
D0214,T09,2024-07,SugarBlock,12,669.51
D0214,T09,2024-08,GlucoCare,15,604.11
D0214,T09,2024-08,DiabetoShield,18,566.89
D0214,T09,2024-08,SugarBlock,11,707.51
D0214,T09,2024-09,GlucoCare,16,634.85
D0214,T09,2024-09,DiabetoShield,6,571.68
D0214,T09,2024-09,SugarBlock,23,682.64
D0214,T09,2024-10,GlucoCare,15,610.04
D0214,T09,2024-10,DiabetoShield,7,556.93
D0214,T09,2024-10,SugarBlock,15,697.21
D0214,T09,2024-11,GlucoCare,22,634.89
D0214,T09,2024-11,DiabetoShield,23,558.77
D0214,T09,2024-11,SugarBlock,6,706.34
D0214,T09,2024-12,GlucoCare,19,633.56
D0214,T09,2024-12,DiabetoShield,4,556.63
D0214,T09,2024-12,SugarBlock,24,674.56
D0215,T04,2024-01,GlucoCare,8,629.41
D0215,T04,2024-01,DiabetoShield,2,576.26
D0215,T04,2024-01,SugarBlock,11,687.25
D0215,T04,2024-02,GlucoCare,8,603.63
D0215,T04,2024-02,DiabetoShield,9,547.56
D0215,T04,2024-02,SugarBlock,3,700.46
D0215,T04,2024-03,GlucoCare,7,630.21
D0215,T04,2024-03,DiabetoShield,1,562.2
D0215,T04,2024-03,SugarBlock,9,696.25
D0215,T04,2024-04,GlucoCare,7,631.44
D0215,T04,2024-04,DiabetoShield,2,560.95
D0215,T04,2024-04,SugarBlock,9,680.33
D0215,T04,2024-05,GlucoCare,7,625.0
D0215,T04,2024-05,DiabetoShield,6,547.02
D0215,T04,2024-05,SugarBlock,4,698.83
D0215,T04,2024-06,GlucoCare,3,616.83
D0215,T04,2024-06,DiabetoShield,6,446.67
D0215,T04,2024-06,SugarBlock,8,562.6
D0215,T04,2024-07,GlucoCare,3,634.68
D0215,T04,2024-07,DiabetoShield,11,486.11
D0215,T04,2024-07,SugarBlock,1,582.06
D0215,T04,2024-08,GlucoCare,4,610.9
D0215,T04,2024-08,DiabetoShield,10,468.93
D0215,T04,2024-08,SugarBlock,4,538.59
D0215,T04,2024-09,GlucoCare,1,617.06
D0215,T04,2024-09,DiabetoShield,11,458.4
D0215,T04,2024-09,SugarBlock,1,547.24
D0215,T04,2024-10,GlucoCare,1,629.25
D0215,T04,2024-10,DiabetoShield,4,473.5
D0215,T04,2024-10,SugarBlock,9,517.62
D0215,T04,2024-11,GlucoCare,0,635.66
D0215,T04,2024-11,DiabetoShield,10,441.71
D0215,T04,2024-11,SugarBlock,7,572.72
D0215,T04,2024-12,GlucoCare,1,610.98
D0215,T04,2024-12,DiabetoShield,3,452.74
D0215,T04,2024-12,SugarBlock,10,588.28
D0216,T01,2024-01,GlucoCare,10,609.43
D0216,T01,2024-01,DiabetoShield,20,543.32
D0216,T01,2024-01,SugarBlock,6,707.52
D0216,T01,2024-02,GlucoCare,13,626.11
D0216,T01,2024-02,DiabetoShield,19,548.16
D0216,T01,2024-02,SugarBlock,5,676.94
D0216,T01,2024-03,GlucoCare,29,612.0
D0216,T01,2024-03,DiabetoShield,1,549.67
D0216,T01,2024-03,SugarBlock,23,702.79
D0216,T01,2024-04,GlucoCare,25,637.86
D0216,T01,2024-04,DiabetoShield,23,557.53
D0216,T01,2024-04,SugarBlock,11,679.34
D0216,T01,2024-05,GlucoCare,21,612.19
D0216,T01,2024-05,DiabetoShield,21,574.04
D0216,T01,2024-05,SugarBlock,8,697.01
D0216,T01,2024-06,GlucoCare,21,635.52
D0216,T01,2024-06,DiabetoShield,25,568.66
D0216,T01,2024-06,SugarBlock,1,680.21
D0216,T01,2024-07,GlucoCare,17,609.94
D0216,T01,2024-07,DiabetoShield,18,569.85
D0216,T01,2024-07,SugarBlock,9,706.3
D0216,T01,2024-08,GlucoCare,20,604.89
D0216,T01,2024-08,DiabetoShield,30,552.0
D0216,T01,2024-08,SugarBlock,1,682.64
D0216,T01,2024-09,GlucoCare,23,627.39
D0216,T01,2024-09,DiabetoShield,17,550.7
D0216,T01,2024-09,SugarBlock,8,689.19
D0216,T01,2024-10,GlucoCare,23,620.06
D0216,T01,2024-10,DiabetoShield,16,572.64
D0216,T01,2024-10,SugarBlock,13,670.43
D0216,T01,2024-11,GlucoCare,17,619.86
D0216,T01,2024-11,DiabetoShield,14,560.15
D0216,T01,2024-11,SugarBlock,17,685.43
D0216,T01,2024-12,GlucoCare,20,604.65
D0216,T01,2024-12,DiabetoShield,19,556.69
D0216,T01,2024-12,SugarBlock,8,699.1
D0217,T09,2024-01,GlucoCare,8,607.03
D0217,T09,2024-01,DiabetoShield,0,567.47
D0217,T09,2024-01,SugarBlock,13,683.8
D0217,T09,2024-02,GlucoCare,6,629.02
D0217,T09,2024-02,DiabetoShield,5,576.39
D0217,T09,2024-02,SugarBlock,5,699.29
D0217,T09,2024-03,GlucoCare,8,622.06
D0217,T09,2024-03,DiabetoShield,1,546.15
D0217,T09,2024-03,SugarBlock,11,703.58
D0217,T09,2024-04,GlucoCare,9,627.61
D0217,T09,2024-04,DiabetoShield,5,551.04
D0217,T09,2024-04,SugarBlock,7,704.36
D0217,T09,2024-05,GlucoCare,7,631.99
D0217,T09,2024-05,DiabetoShield,8,571.61
D0217,T09,2024-05,SugarBlock,3,685.58
D0217,T09,2024-06,GlucoCare,8,628.81
D0217,T09,2024-06,DiabetoShield,7,563.39
D0217,T09,2024-06,SugarBlock,4,680.47
D0217,T09,2024-07,GlucoCare,5,609.21
D0217,T09,2024-07,DiabetoShield,3,552.52
D0217,T09,2024-07,SugarBlock,8,669.51
D0217,T09,2024-08,GlucoCare,9,604.11
D0217,T09,2024-08,DiabetoShield,3,566.89
D0217,T09,2024-08,SugarBlock,8,707.51
D0217,T09,2024-09,GlucoCare,6,634.85
D0217,T09,2024-09,DiabetoShield,7,571.68
D0217,T09,2024-09,SugarBlock,3,682.64
D0217,T09,2024-10,GlucoCare,6,610.04
D0217,T09,2024-10,DiabetoShield,0,556.93
D0217,T09,2024-10,SugarBlock,12,697.21
D0217,T09,2024-11,GlucoCare,7,634.89
D0217,T09,2024-11,DiabetoShield,1,558.77
D0217,T09,2024-11,SugarBlock,8,706.34
D0217,T09,2024-12,GlucoCare,7,633.56
D0217,T09,2024-12,DiabetoShield,3,556.63
D0217,T09,2024-12,SugarBlock,9,674.56
D0218,T06,2024-01,GlucoCare,13,611.27
D0218,T06,2024-01,DiabetoShield,12,554.84
D0218,T06,2024-01,SugarBlock,1,690.22
D0218,T06,2024-02,GlucoCare,8,607.59
D0218,T06,2024-02,DiabetoShield,1,574.29
D0218,T06,2024-02,SugarBlock,14,675.89
D0218,T06,2024-03,GlucoCare,12,634.59
D0218,T06,2024-03,DiabetoShield,5,552.55
D0218,T06,2024-03,SugarBlock,11,693.38
D0218,T06,2024-04,GlucoCare,11,617.98
D0218,T06,2024-04,DiabetoShield,9,549.04
D0218,T06,2024-04,SugarBlock,6,674.05
D0218,T06,2024-05,GlucoCare,12,617.89
D0218,T06,2024-05,DiabetoShield,10,557.73
D0218,T06,2024-05,SugarBlock,4,670.85
D0218,T06,2024-06,GlucoCare,13,614.8
D0218,T06,2024-06,DiabetoShield,7,544.12
D0218,T06,2024-06,SugarBlock,9,671.82
D0218,T06,2024-07,GlucoCare,4,628.77
D0218,T06,2024-07,DiabetoShield,7,573.7
D0218,T06,2024-07,SugarBlock,19,677.41
D0218,T06,2024-08,GlucoCare,1,618.13
D0218,T06,2024-08,DiabetoShield,11,573.99
D0218,T06,2024-08,SugarBlock,16,682.39
D0218,T06,2024-09,GlucoCare,2,607.77
D0218,T06,2024-09,DiabetoShield,9,566.77
D0218,T06,2024-09,SugarBlock,12,679.38
D0218,T06,2024-10,GlucoCare,5,619.7
D0218,T06,2024-10,DiabetoShield,16,553.39
D0218,T06,2024-10,SugarBlock,9,685.51
D0218,T06,2024-11,GlucoCare,3,609.09
D0218,T06,2024-11,DiabetoShield,18,543.78
D0218,T06,2024-11,SugarBlock,4,685.03
D0218,T06,2024-12,GlucoCare,3,633.8
D0218,T06,2024-12,DiabetoShield,21,566.06
D0218,T06,2024-12,SugarBlock,0,705.71
D0219,T05,2024-01,GlucoCare,22,607.18
D0219,T05,2024-01,DiabetoShield,28,561.75
D0219,T05,2024-01,SugarBlock,2,704.7
D0219,T05,2024-02,GlucoCare,20,607.49
D0219,T05,2024-02,DiabetoShield,12,572.35
D0219,T05,2024-02,SugarBlock,19,705.77
D0219,T05,2024-03,GlucoCare,24,605.55
D0219,T05,2024-03,DiabetoShield,21,571.81
D0219,T05,2024-03,SugarBlock,19,670.26
D0219,T05,2024-04,GlucoCare,18,624.48
D0219,T05,2024-04,DiabetoShield,26,562.53
D0219,T05,2024-04,SugarBlock,4,708.85
D0219,T05,2024-05,GlucoCare,3,623.6
D0219,T05,2024-05,DiabetoShield,37,558.45
D0219,T05,2024-05,SugarBlock,5,677.2
D0219,T05,2024-06,GlucoCare,2,628.15
D0219,T05,2024-06,DiabetoShield,48,464.01
D0219,T05,2024-06,SugarBlock,2,594.89
D0219,T05,2024-07,GlucoCare,3,616.49
D0219,T05,2024-07,DiabetoShield,23,428.81
D0219,T05,2024-07,SugarBlock,26,541.64
D0219,T05,2024-08,GlucoCare,1,636.9
D0219,T05,2024-08,DiabetoShield,40,433.77
D0219,T05,2024-08,SugarBlock,5,567.81
D0219,T05,2024-09,GlucoCare,3,607.16
D0219,T05,2024-09,DiabetoShield,3,438.35
D0219,T05,2024-09,SugarBlock,44,567.38
D0219,T05,2024-10,GlucoCare,2,614.58
D0219,T05,2024-10,DiabetoShield,20,430.86
D0219,T05,2024-10,SugarBlock,27,550.99
D0219,T05,2024-11,GlucoCare,1,614.85
D0219,T05,2024-11,DiabetoShield,17,420.62
D0219,T05,2024-11,SugarBlock,27,554.11
D0219,T05,2024-12,GlucoCare,2,607.68
D0219,T05,2024-12,DiabetoShield,11,466.31
D0219,T05,2024-12,SugarBlock,36,509.23
D0220,T09,2024-01,GlucoCare,13,607.03
D0220,T09,2024-01,DiabetoShield,11,567.47
D0220,T09,2024-01,SugarBlock,12,683.8
D0220,T09,2024-02,GlucoCare,13,629.02
D0220,T09,2024-02,DiabetoShield,6,576.39
D0220,T09,2024-02,SugarBlock,16,699.29
D0220,T09,2024-03,GlucoCare,13,622.06
D0220,T09,2024-03,DiabetoShield,7,546.15
D0220,T09,2024-03,SugarBlock,17,703.58
D0220,T09,2024-04,GlucoCare,14,627.61
D0220,T09,2024-04,DiabetoShield,2,551.04
D0220,T09,2024-04,SugarBlock,21,704.36
D0220,T09,2024-05,GlucoCare,16,631.99
D0220,T09,2024-05,DiabetoShield,3,571.61
D0220,T09,2024-05,SugarBlock,24,685.58
D0220,T09,2024-06,GlucoCare,10,628.81
D0220,T09,2024-06,DiabetoShield,15,563.39
D0220,T09,2024-06,SugarBlock,9,680.47
D0220,T09,2024-07,GlucoCare,17,609.21
D0220,T09,2024-07,DiabetoShield,8,552.52
D0220,T09,2024-07,SugarBlock,15,669.51
D0220,T09,2024-08,GlucoCare,17,604.11
D0220,T09,2024-08,DiabetoShield,7,566.89
D0220,T09,2024-08,SugarBlock,17,707.51
D0220,T09,2024-09,GlucoCare,15,634.85
D0220,T09,2024-09,DiabetoShield,6,571.68
D0220,T09,2024-09,SugarBlock,16,682.64
D0220,T09,2024-10,GlucoCare,19,610.04
D0220,T09,2024-10,DiabetoShield,13,556.93
D0220,T09,2024-10,SugarBlock,12,697.21
D0220,T09,2024-11,GlucoCare,13,634.89
D0220,T09,2024-11,DiabetoShield,5,558.77
D0220,T09,2024-11,SugarBlock,20,706.34
D0220,T09,2024-12,GlucoCare,18,633.56
D0220,T09,2024-12,DiabetoShield,24,556.63
D0220,T09,2024-12,SugarBlock,3,674.56
D0221,T10,2024-01,GlucoCare,18,625.16
D0221,T10,2024-01,DiabetoShield,22,556.67
D0221,T10,2024-01,SugarBlock,4,706.76
D0221,T10,2024-02,GlucoCare,19,620.02
D0221,T10,2024-02,DiabetoShield,6,561.81
D0221,T10,2024-02,SugarBlock,25,694.63
D0221,T10,2024-03,GlucoCare,19,613.18
D0221,T10,2024-03,DiabetoShield,22,550.51
D0221,T10,2024-03,SugarBlock,9,692.26
D0221,T10,2024-04,GlucoCare,15,605.08
D0221,T10,2024-04,DiabetoShield,19,563.35
D0221,T10,2024-04,SugarBlock,9,692.18
D0221,T10,2024-05,GlucoCare,19,635.95
D0221,T10,2024-05,DiabetoShield,12,544.47
D0221,T10,2024-05,SugarBlock,18,679.63
D0221,T10,2024-06,GlucoCare,22,610.47
D0221,T10,2024-06,DiabetoShield,12,574.24
D0221,T10,2024-06,SugarBlock,18,689.61
D0221,T10,2024-07,GlucoCare,19,637.08
D0221,T10,2024-07,DiabetoShield,11,560.97
D0221,T10,2024-07,SugarBlock,17,678.12
D0221,T10,2024-08,GlucoCare,14,603.83
D0221,T10,2024-08,DiabetoShield,5,564.59
D0221,T10,2024-08,SugarBlock,22,707.67
D0221,T10,2024-09,GlucoCare,10,618.77
D0221,T10,2024-09,DiabetoShield,9,574.82
D0221,T10,2024-09,SugarBlock,15,686.21
D0221,T10,2024-10,GlucoCare,16,601.68
D0221,T10,2024-10,DiabetoShield,5,573.58
D0221,T10,2024-10,SugarBlock,19,687.63
D0221,T10,2024-11,GlucoCare,19,614.55
D0221,T10,2024-11,DiabetoShield,4,576.61
D0221,T10,2024-11,SugarBlock,21,687.55
D0221,T10,2024-12,GlucoCare,21,607.8
D0221,T10,2024-12,DiabetoShield,16,555.29
D0221,T10,2024-12,SugarBlock,9,692.56
D0222,T09,2024-01,GlucoCare,5,607.03
D0222,T09,2024-01,DiabetoShield,4,567.47
D0222,T09,2024-01,SugarBlock,4,683.8
D0222,T09,2024-02,GlucoCare,5,629.02
D0222,T09,2024-02,DiabetoShield,4,576.39
D0222,T09,2024-02,SugarBlock,5,699.29
D0222,T09,2024-03,GlucoCare,6,622.06
D0222,T09,2024-03,DiabetoShield,8,546.15
D0222,T09,2024-03,SugarBlock,2,703.58
D0222,T09,2024-04,GlucoCare,6,627.61
D0222,T09,2024-04,DiabetoShield,9,551.04
D0222,T09,2024-04,SugarBlock,5,704.36
D0222,T09,2024-05,GlucoCare,5,631.99
D0222,T09,2024-05,DiabetoShield,1,571.61
D0222,T09,2024-05,SugarBlock,8,685.58
D0222,T09,2024-06,GlucoCare,4,628.81
D0222,T09,2024-06,DiabetoShield,6,563.39
D0222,T09,2024-06,SugarBlock,6,680.47
D0222,T09,2024-07,GlucoCare,2,609.21
D0222,T09,2024-07,DiabetoShield,4,552.52
D0222,T09,2024-07,SugarBlock,5,669.51
D0222,T09,2024-08,GlucoCare,3,604.11
D0222,T09,2024-08,DiabetoShield,4,566.89
D0222,T09,2024-08,SugarBlock,5,707.51
D0222,T09,2024-09,GlucoCare,3,634.85
D0222,T09,2024-09,DiabetoShield,13,571.68
D0222,T09,2024-09,SugarBlock,0,682.64
D0222,T09,2024-10,GlucoCare,2,610.04
D0222,T09,2024-10,DiabetoShield,2,556.93
D0222,T09,2024-10,SugarBlock,9,697.21
D0222,T09,2024-11,GlucoCare,6,634.89
D0222,T09,2024-11,DiabetoShield,2,558.77
D0222,T09,2024-11,SugarBlock,8,706.34
D0222,T09,2024-12,GlucoCare,4,633.56
D0222,T09,2024-12,DiabetoShield,2,556.63
D0222,T09,2024-12,SugarBlock,9,674.56
D0223,T01,2024-01,GlucoCare,19,609.43
D0223,T01,2024-01,DiabetoShield,1,543.32
D0223,T01,2024-01,SugarBlock,28,707.52
D0223,T01,2024-02,GlucoCare,21,626.11
D0223,T01,2024-02,DiabetoShield,6,548.16
D0223,T01,2024-02,SugarBlock,24,676.94
D0223,T01,2024-03,GlucoCare,21,612.0
D0223,T01,2024-03,DiabetoShield,22,549.67
D0223,T01,2024-03,SugarBlock,7,702.79
D0223,T01,2024-04,GlucoCare,26,637.86
D0223,T01,2024-04,DiabetoShield,6,557.53
D0223,T01,2024-04,SugarBlock,21,679.34
D0223,T01,2024-05,GlucoCare,31,612.19
D0223,T01,2024-05,DiabetoShield,17,574.04
D0223,T01,2024-05,SugarBlock,15,697.01
D0223,T01,2024-06,GlucoCare,26,635.52
D0223,T01,2024-06,DiabetoShield,10,568.66
D0223,T01,2024-06,SugarBlock,20,680.21
D0223,T01,2024-07,GlucoCare,22,609.94
D0223,T01,2024-07,DiabetoShield,16,569.85
D0223,T01,2024-07,SugarBlock,22,706.3
D0223,T01,2024-08,GlucoCare,24,604.89
D0223,T01,2024-08,DiabetoShield,3,552.0
D0223,T01,2024-08,SugarBlock,24,682.64
D0223,T01,2024-09,GlucoCare,21,627.39
D0223,T01,2024-09,DiabetoShield,20,550.7
D0223,T01,2024-09,SugarBlock,14,689.19
D0223,T01,2024-10,GlucoCare,17,620.06
D0223,T01,2024-10,DiabetoShield,19,572.64
D0223,T01,2024-10,SugarBlock,9,670.43
D0223,T01,2024-11,GlucoCare,25,619.86
D0223,T01,2024-11,DiabetoShield,34,560.15
D0223,T01,2024-11,SugarBlock,3,685.43
D0223,T01,2024-12,GlucoCare,22,604.65
D0223,T01,2024-12,DiabetoShield,25,556.69
D0223,T01,2024-12,SugarBlock,5,699.1
D0224,T01,2024-01,GlucoCare,7,609.43
D0224,T01,2024-01,DiabetoShield,18,543.32
D0224,T01,2024-01,SugarBlock,5,707.52
D0224,T01,2024-02,GlucoCare,7,626.11
D0224,T01,2024-02,DiabetoShield,10,548.16
D0224,T01,2024-02,SugarBlock,11,676.94
D0224,T01,2024-03,GlucoCare,6,612.0
D0224,T01,2024-03,DiabetoShield,4,549.67
D0224,T01,2024-03,SugarBlock,12,702.79
D0224,T01,2024-04,GlucoCare,7,637.86
D0224,T01,2024-04,DiabetoShield,0,557.53
D0224,T01,2024-04,SugarBlock,19,679.34
D0224,T01,2024-05,GlucoCare,7,612.19
D0224,T01,2024-05,DiabetoShield,3,574.04
D0224,T01,2024-05,SugarBlock,18,697.01
D0224,T01,2024-06,GlucoCare,7,635.52
D0224,T01,2024-06,DiabetoShield,15,568.66
D0224,T01,2024-06,SugarBlock,3,680.21
D0224,T01,2024-07,GlucoCare,8,609.94
D0224,T01,2024-07,DiabetoShield,7,569.85
D0224,T01,2024-07,SugarBlock,11,706.3
D0224,T01,2024-08,GlucoCare,5,604.89
D0224,T01,2024-08,DiabetoShield,13,552.0
D0224,T01,2024-08,SugarBlock,3,682.64
D0224,T01,2024-09,GlucoCare,8,627.39
D0224,T01,2024-09,DiabetoShield,8,550.7
D0224,T01,2024-09,SugarBlock,10,689.19
D0224,T01,2024-10,GlucoCare,11,620.06
D0224,T01,2024-10,DiabetoShield,0,572.64
D0224,T01,2024-10,SugarBlock,17,670.43
D0224,T01,2024-11,GlucoCare,8,619.86
D0224,T01,2024-11,DiabetoShield,4,560.15
D0224,T01,2024-11,SugarBlock,13,685.43
D0224,T01,2024-12,GlucoCare,8,604.65
D0224,T01,2024-12,DiabetoShield,7,556.69
D0224,T01,2024-12,SugarBlock,16,699.1
D0225,T05,2024-01,GlucoCare,8,607.18
D0225,T05,2024-01,DiabetoShield,33,561.75
D0225,T05,2024-01,SugarBlock,9,704.7
D0225,T05,2024-02,GlucoCare,8,607.49
D0225,T05,2024-02,DiabetoShield,8,572.35
D0225,T05,2024-02,SugarBlock,36,705.77
D0225,T05,2024-03,GlucoCare,14,605.55
D0225,T05,2024-03,DiabetoShield,10,571.81
D0225,T05,2024-03,SugarBlock,36,670.26
D0225,T05,2024-04,GlucoCare,11,624.48
D0225,T05,2024-04,DiabetoShield,7,562.53
D0225,T05,2024-04,SugarBlock,40,708.85
D0225,T05,2024-05,GlucoCare,14,623.6
D0225,T05,2024-05,DiabetoShield,5,558.45
D0225,T05,2024-05,SugarBlock,35,677.2
D0225,T05,2024-06,GlucoCare,1,628.15
D0225,T05,2024-06,DiabetoShield,24,464.01
D0225,T05,2024-06,SugarBlock,24,594.89
D0225,T05,2024-07,GlucoCare,1,616.49
D0225,T05,2024-07,DiabetoShield,13,428.81
D0225,T05,2024-07,SugarBlock,48,541.64
D0225,T05,2024-08,GlucoCare,2,636.9
D0225,T05,2024-08,DiabetoShield,29,433.77
D0225,T05,2024-08,SugarBlock,28,567.81
D0225,T05,2024-09,GlucoCare,4,607.16
D0225,T05,2024-09,DiabetoShield,9,438.35
D0225,T05,2024-09,SugarBlock,34,567.38
D0225,T05,2024-10,GlucoCare,0,614.58
D0225,T05,2024-10,DiabetoShield,36,430.86
D0225,T05,2024-10,SugarBlock,11,550.99
D0225,T05,2024-11,GlucoCare,1,614.85
D0225,T05,2024-11,DiabetoShield,14,420.62
D0225,T05,2024-11,SugarBlock,39,554.11
D0225,T05,2024-12,GlucoCare,1,607.68
D0225,T05,2024-12,DiabetoShield,47,466.31
D0225,T05,2024-12,SugarBlock,1,509.23
D0226,T06,2024-01,GlucoCare,11,611.27
D0226,T06,2024-01,DiabetoShield,4,554.84
D0226,T06,2024-01,SugarBlock,17,690.22
D0226,T06,2024-02,GlucoCare,10,607.59
D0226,T06,2024-02,DiabetoShield,0,574.29
D0226,T06,2024-02,SugarBlock,22,675.89
D0226,T06,2024-03,GlucoCare,18,634.59
D0226,T06,2024-03,DiabetoShield,15,552.55
D0226,T06,2024-03,SugarBlock,6,693.38
D0226,T06,2024-04,GlucoCare,15,617.98
D0226,T06,2024-04,DiabetoShield,14,549.04
D0226,T06,2024-04,SugarBlock,5,674.05
D0226,T06,2024-05,GlucoCare,13,617.89
D0226,T06,2024-05,DiabetoShield,16,557.73
D0226,T06,2024-05,SugarBlock,5,670.85
D0226,T06,2024-06,GlucoCare,16,614.8
D0226,T06,2024-06,DiabetoShield,3,544.12
D0226,T06,2024-06,SugarBlock,24,671.82
D0226,T06,2024-07,GlucoCare,10,628.77
D0226,T06,2024-07,DiabetoShield,2,573.7
D0226,T06,2024-07,SugarBlock,22,677.41
D0226,T06,2024-08,GlucoCare,13,618.13
D0226,T06,2024-08,DiabetoShield,20,573.99
D0226,T06,2024-08,SugarBlock,2,682.39
D0226,T06,2024-09,GlucoCare,18,607.77
D0226,T06,2024-09,DiabetoShield,9,566.77
D0226,T06,2024-09,SugarBlock,9,679.38
D0226,T06,2024-10,GlucoCare,14,619.7
D0226,T06,2024-10,DiabetoShield,11,553.39
D0226,T06,2024-10,SugarBlock,8,685.51
D0226,T06,2024-11,GlucoCare,14,609.09
D0226,T06,2024-11,DiabetoShield,7,543.78
D0226,T06,2024-11,SugarBlock,12,685.03
D0226,T06,2024-12,GlucoCare,9,633.8
D0226,T06,2024-12,DiabetoShield,10,566.06
D0226,T06,2024-12,SugarBlock,10,705.71
D0227,T03,2024-01,GlucoCare,12,618.03
D0227,T03,2024-01,DiabetoShield,9,564.57
D0227,T03,2024-01,SugarBlock,16,686.67
D0227,T03,2024-02,GlucoCare,13,637.81
D0227,T03,2024-02,DiabetoShield,19,558.6
D0227,T03,2024-02,SugarBlock,6,670.51
D0227,T03,2024-03,GlucoCare,11,612.18
D0227,T03,2024-03,DiabetoShield,10,552.19
D0227,T03,2024-03,SugarBlock,14,673.73
D0227,T03,2024-04,GlucoCare,12,603.73
D0227,T03,2024-04,DiabetoShield,9,571.56
D0227,T03,2024-04,SugarBlock,15,671.69
D0227,T03,2024-05,GlucoCare,13,604.54
D0227,T03,2024-05,DiabetoShield,14,545.82
D0227,T03,2024-05,SugarBlock,8,696.02
D0227,T03,2024-06,GlucoCare,2,618.48
D0227,T03,2024-06,DiabetoShield,4,556.75
D0227,T03,2024-06,SugarBlock,26,701.21
D0227,T03,2024-07,GlucoCare,2,619.15
D0227,T03,2024-07,DiabetoShield,25,557.5
D0227,T03,2024-07,SugarBlock,1,698.91
D0227,T03,2024-08,GlucoCare,3,613.87
D0227,T03,2024-08,DiabetoShield,3,551.6
D0227,T03,2024-08,SugarBlock,21,705.1
D0227,T03,2024-09,GlucoCare,4,602.28
D0227,T03,2024-09,DiabetoShield,31,564.56
D0227,T03,2024-09,SugarBlock,2,671.21
D0227,T03,2024-10,GlucoCare,1,605.99
D0227,T03,2024-10,DiabetoShield,2,550.99
D0227,T03,2024-10,SugarBlock,30,679.33
D0227,T03,2024-11,GlucoCare,3,623.43
D0227,T03,2024-11,DiabetoShield,7,563.63
D0227,T03,2024-11,SugarBlock,22,708.2
D0227,T03,2024-12,GlucoCare,2,630.46
D0227,T03,2024-12,DiabetoShield,11,543.98
D0227,T03,2024-12,SugarBlock,23,686.2
D0228,T04,2024-01,GlucoCare,5,629.41
D0228,T04,2024-01,DiabetoShield,9,576.26
D0228,T04,2024-01,SugarBlock,2,687.25
D0228,T04,2024-02,GlucoCare,4,603.63
D0228,T04,2024-02,DiabetoShield,5,547.56
D0228,T04,2024-02,SugarBlock,5,700.46
D0228,T04,2024-03,GlucoCare,6,630.21
D0228,T04,2024-03,DiabetoShield,1,562.2
D0228,T04,2024-03,SugarBlock,9,696.25
D0228,T04,2024-04,GlucoCare,4,631.44
D0228,T04,2024-04,DiabetoShield,5,560.95
D0228,T04,2024-04,SugarBlock,5,680.33
D0228,T04,2024-05,GlucoCare,5,625.0
D0228,T04,2024-05,DiabetoShield,6,547.02
D0228,T04,2024-05,SugarBlock,7,698.83
D0228,T04,2024-06,GlucoCare,1,616.83
D0228,T04,2024-06,DiabetoShield,4,446.67
D0228,T04,2024-06,SugarBlock,10,562.6
D0228,T04,2024-07,GlucoCare,4,634.68
D0228,T04,2024-07,DiabetoShield,8,486.11
D0228,T04,2024-07,SugarBlock,6,582.06
D0228,T04,2024-08,GlucoCare,2,610.9
D0228,T04,2024-08,DiabetoShield,4,468.93
D0228,T04,2024-08,SugarBlock,10,538.59
D0228,T04,2024-09,GlucoCare,2,617.06
D0228,T04,2024-09,DiabetoShield,9,458.4
D0228,T04,2024-09,SugarBlock,4,547.24
D0228,T04,2024-10,GlucoCare,1,629.25
D0228,T04,2024-10,DiabetoShield,4,473.5
D0228,T04,2024-10,SugarBlock,10,517.62
D0228,T04,2024-11,GlucoCare,3,635.66
D0228,T04,2024-11,DiabetoShield,8,441.71
D0228,T04,2024-11,SugarBlock,7,572.72
D0228,T04,2024-12,GlucoCare,4,610.98
D0228,T04,2024-12,DiabetoShield,10,452.74
D0228,T04,2024-12,SugarBlock,4,588.28
D0229,T06,2024-01,GlucoCare,10,611.27
D0229,T06,2024-01,DiabetoShield,5,554.84
D0229,T06,2024-01,SugarBlock,9,690.22
D0229,T06,2024-02,GlucoCare,6,607.59
D0229,T06,2024-02,DiabetoShield,3,574.29
D0229,T06,2024-02,SugarBlock,10,675.89
D0229,T06,2024-03,GlucoCare,8,634.59
D0229,T06,2024-03,DiabetoShield,11,552.55
D0229,T06,2024-03,SugarBlock,6,693.38
D0229,T06,2024-04,GlucoCare,8,617.98
D0229,T06,2024-04,DiabetoShield,7,549.04
D0229,T06,2024-04,SugarBlock,7,674.05
D0229,T06,2024-05,GlucoCare,9,617.89
D0229,T06,2024-05,DiabetoShield,14,557.73
D0229,T06,2024-05,SugarBlock,1,670.85
D0229,T06,2024-06,GlucoCare,7,614.8
D0229,T06,2024-06,DiabetoShield,5,544.12
D0229,T06,2024-06,SugarBlock,7,671.82
D0229,T06,2024-07,GlucoCare,10,628.77
D0229,T06,2024-07,DiabetoShield,15,573.7
D0229,T06,2024-07,SugarBlock,0,677.41
D0229,T06,2024-08,GlucoCare,9,618.13
D0229,T06,2024-08,DiabetoShield,2,573.99
D0229,T06,2024-08,SugarBlock,14,682.39
D0229,T06,2024-09,GlucoCare,7,607.77
D0229,T06,2024-09,DiabetoShield,2,566.77
D0229,T06,2024-09,SugarBlock,14,679.38
D0229,T06,2024-10,GlucoCare,7,619.7
D0229,T06,2024-10,DiabetoShield,9,553.39
D0229,T06,2024-10,SugarBlock,4,685.51
D0229,T06,2024-11,GlucoCare,9,609.09
D0229,T06,2024-11,DiabetoShield,2,543.78
D0229,T06,2024-11,SugarBlock,12,685.03
D0229,T06,2024-12,GlucoCare,8,633.8
D0229,T06,2024-12,DiabetoShield,14,566.06
D0229,T06,2024-12,SugarBlock,2,705.71
D0230,T08,2024-01,GlucoCare,13,628.82
D0230,T08,2024-01,DiabetoShield,26,555.74
D0230,T08,2024-01,SugarBlock,3,710.43
D0230,T08,2024-02,GlucoCare,9,619.89
D0230,T08,2024-02,DiabetoShield,15,576.63
D0230,T08,2024-02,SugarBlock,6,702.8
D0230,T08,2024-03,GlucoCare,12,608.44
D0230,T08,2024-03,DiabetoShield,17,573.31
D0230,T08,2024-03,SugarBlock,10,687.25
D0230,T08,2024-04,GlucoCare,9,636.52
D0230,T08,2024-04,DiabetoShield,25,556.39
D0230,T08,2024-04,SugarBlock,2,701.72
D0230,T08,2024-05,GlucoCare,10,628.79
D0230,T08,2024-05,DiabetoShield,17,552.07
D0230,T08,2024-05,SugarBlock,14,672.19
D0230,T08,2024-06,GlucoCare,12,607.82
D0230,T08,2024-06,DiabetoShield,18,556.23
D0230,T08,2024-06,SugarBlock,7,706.85
D0230,T08,2024-07,GlucoCare,7,620.8
D0230,T08,2024-07,DiabetoShield,7,574.08
D0230,T08,2024-07,SugarBlock,13,704.0
D0230,T08,2024-08,GlucoCare,6,635.05
D0230,T08,2024-08,DiabetoShield,9,562.38
D0230,T08,2024-08,SugarBlock,11,695.84
D0230,T08,2024-09,GlucoCare,8,625.84
D0230,T08,2024-09,DiabetoShield,5,575.34
D0230,T08,2024-09,SugarBlock,24,704.58
D0230,T08,2024-10,GlucoCare,11,623.58
D0230,T08,2024-10,DiabetoShield,10,563.96
D0230,T08,2024-10,SugarBlock,13,693.21
D0230,T08,2024-11,GlucoCare,11,626.91
D0230,T08,2024-11,DiabetoShield,4,571.35
D0230,T08,2024-11,SugarBlock,25,670.16
D0230,T08,2024-12,GlucoCare,9,624.64
D0230,T08,2024-12,DiabetoShield,14,566.48
D0230,T08,2024-12,SugarBlock,14,673.75
D0231,T08,2024-01,GlucoCare,25,628.82
D0231,T08,2024-01,DiabetoShield,17,555.74
D0231,T08,2024-01,SugarBlock,21,710.43
D0231,T08,2024-02,GlucoCare,28,619.89
D0231,T08,2024-02,DiabetoShield,36,576.63
D0231,T08,2024-02,SugarBlock,5,702.8
D0231,T08,2024-03,GlucoCare,27,608.44
D0231,T08,2024-03,DiabetoShield,10,573.31
D0231,T08,2024-03,SugarBlock,28,687.25
D0231,T08,2024-04,GlucoCare,23,636.52
D0231,T08,2024-04,DiabetoShield,32,556.39
D0231,T08,2024-04,SugarBlock,1,701.72
D0231,T08,2024-05,GlucoCare,24,628.79
D0231,T08,2024-05,DiabetoShield,3,552.07
D0231,T08,2024-05,SugarBlock,30,672.19
D0231,T08,2024-06,GlucoCare,18,607.82
D0231,T08,2024-06,DiabetoShield,7,556.23
D0231,T08,2024-06,SugarBlock,25,706.85
D0231,T08,2024-07,GlucoCare,26,620.8
D0231,T08,2024-07,DiabetoShield,10,574.08
D0231,T08,2024-07,SugarBlock,24,704.0
D0231,T08,2024-08,GlucoCare,25,635.05
D0231,T08,2024-08,DiabetoShield,20,562.38
D0231,T08,2024-08,SugarBlock,15,695.84
D0231,T08,2024-09,GlucoCare,27,625.84
D0231,T08,2024-09,DiabetoShield,27,575.34
D0231,T08,2024-09,SugarBlock,10,704.58
D0231,T08,2024-10,GlucoCare,26,623.58
D0231,T08,2024-10,DiabetoShield,20,563.96
D0231,T08,2024-10,SugarBlock,11,693.21
D0231,T08,2024-11,GlucoCare,24,626.91
D0231,T08,2024-11,DiabetoShield,20,571.35
D0231,T08,2024-11,SugarBlock,14,670.16
D0231,T08,2024-12,GlucoCare,21,624.64
D0231,T08,2024-12,DiabetoShield,7,566.48
D0231,T08,2024-12,SugarBlock,23,673.75
D0232,T01,2024-01,GlucoCare,21,609.43
D0232,T01,2024-01,DiabetoShield,24,543.32
D0232,T01,2024-01,SugarBlock,11,707.52
D0232,T01,2024-02,GlucoCare,18,626.11
D0232,T01,2024-02,DiabetoShield,20,548.16
D0232,T01,2024-02,SugarBlock,11,676.94
D0232,T01,2024-03,GlucoCare,17,612.0
D0232,T01,2024-03,DiabetoShield,18,549.67
D0232,T01,2024-03,SugarBlock,9,702.79
D0232,T01,2024-04,GlucoCare,17,637.86
D0232,T01,2024-04,DiabetoShield,5,557.53
D0232,T01,2024-04,SugarBlock,32,679.34
D0232,T01,2024-05,GlucoCare,19,612.19
D0232,T01,2024-05,DiabetoShield,22,574.04
D0232,T01,2024-05,SugarBlock,9,697.01
D0232,T01,2024-06,GlucoCare,15,635.52
D0232,T01,2024-06,DiabetoShield,5,568.66
D0232,T01,2024-06,SugarBlock,30,680.21
D0232,T01,2024-07,GlucoCare,16,609.94
D0232,T01,2024-07,DiabetoShield,12,569.85
D0232,T01,2024-07,SugarBlock,18,706.3
D0232,T01,2024-08,GlucoCare,17,604.89
D0232,T01,2024-08,DiabetoShield,11,552.0
D0232,T01,2024-08,SugarBlock,22,682.64
D0232,T01,2024-09,GlucoCare,19,627.39
D0232,T01,2024-09,DiabetoShield,29,550.7
D0232,T01,2024-09,SugarBlock,3,689.19
D0232,T01,2024-10,GlucoCare,14,620.06
D0232,T01,2024-10,DiabetoShield,4,572.64
D0232,T01,2024-10,SugarBlock,24,670.43
D0232,T01,2024-11,GlucoCare,16,619.86
D0232,T01,2024-11,DiabetoShield,2,560.15
D0232,T01,2024-11,SugarBlock,29,685.43
D0232,T01,2024-12,GlucoCare,13,604.65
D0232,T01,2024-12,DiabetoShield,21,556.69
D0232,T01,2024-12,SugarBlock,11,699.1
D0233,T04,2024-01,GlucoCare,13,629.41
D0233,T04,2024-01,DiabetoShield,2,576.26
D0233,T04,2024-01,SugarBlock,20,687.25
D0233,T04,2024-02,GlucoCare,15,603.63
D0233,T04,2024-02,DiabetoShield,11,547.56
D0233,T04,2024-02,SugarBlock,7,700.46
D0233,T04,2024-03,GlucoCare,17,630.21
D0233,T04,2024-03,DiabetoShield,12,562.2
D0233,T04,2024-03,SugarBlock,4,696.25
D0233,T04,2024-04,GlucoCare,17,631.44
D0233,T04,2024-04,DiabetoShield,10,560.95
D0233,T04,2024-04,SugarBlock,13,680.33
D0233,T04,2024-05,GlucoCare,15,625.0
D0233,T04,2024-05,DiabetoShield,1,547.02
D0233,T04,2024-05,SugarBlock,21,698.83
D0233,T04,2024-06,GlucoCare,6,616.83
D0233,T04,2024-06,DiabetoShield,23,446.67
D0233,T04,2024-06,SugarBlock,3,562.6
D0233,T04,2024-07,GlucoCare,8,634.68
D0233,T04,2024-07,DiabetoShield,5,486.11
D0233,T04,2024-07,SugarBlock,22,582.06
D0233,T04,2024-08,GlucoCare,7,610.9
D0233,T04,2024-08,DiabetoShield,5,468.93
D0233,T04,2024-08,SugarBlock,17,538.59
D0233,T04,2024-09,GlucoCare,3,617.06
D0233,T04,2024-09,DiabetoShield,5,458.4
D0233,T04,2024-09,SugarBlock,15,547.24
D0233,T04,2024-10,GlucoCare,7,629.25
D0233,T04,2024-10,DiabetoShield,20,473.5
D0233,T04,2024-10,SugarBlock,4,517.62
D0233,T04,2024-11,GlucoCare,5,635.66
D0233,T04,2024-11,DiabetoShield,16,441.71
D0233,T04,2024-11,SugarBlock,8,572.72
D0233,T04,2024-12,GlucoCare,7,610.98
D0233,T04,2024-12,DiabetoShield,11,452.74
D0233,T04,2024-12,SugarBlock,12,588.28
D0234,T03,2024-01,GlucoCare,9,618.03
D0234,T03,2024-01,DiabetoShield,6,564.57
D0234,T03,2024-01,SugarBlock,8,686.67
D0234,T03,2024-02,GlucoCare,12,637.81
D0234,T03,2024-02,DiabetoShield,4,558.6
D0234,T03,2024-02,SugarBlock,9,670.51
D0234,T03,2024-03,GlucoCare,10,612.18
D0234,T03,2024-03,DiabetoShield,11,552.19
D0234,T03,2024-03,SugarBlock,2,673.73
D0234,T03,2024-04,GlucoCare,10,603.73
D0234,T03,2024-04,DiabetoShield,6,571.56
D0234,T03,2024-04,SugarBlock,8,671.69
D0234,T03,2024-05,GlucoCare,9,604.54
D0234,T03,2024-05,DiabetoShield,11,545.82
D0234,T03,2024-05,SugarBlock,5,696.02
D0234,T03,2024-06,GlucoCare,8,618.48
D0234,T03,2024-06,DiabetoShield,4,556.75
D0234,T03,2024-06,SugarBlock,9,701.21
D0234,T03,2024-07,GlucoCare,10,619.15
D0234,T03,2024-07,DiabetoShield,3,557.5
D0234,T03,2024-07,SugarBlock,10,698.91
D0234,T03,2024-08,GlucoCare,7,613.87
D0234,T03,2024-08,DiabetoShield,2,551.6
D0234,T03,2024-08,SugarBlock,12,705.1
D0234,T03,2024-09,GlucoCare,7,602.28
D0234,T03,2024-09,DiabetoShield,3,564.56
D0234,T03,2024-09,SugarBlock,8,671.21
D0234,T03,2024-10,GlucoCare,9,605.99
D0234,T03,2024-10,DiabetoShield,16,550.99
D0234,T03,2024-10,SugarBlock,0,679.33
D0234,T03,2024-11,GlucoCare,11,623.43
D0234,T03,2024-11,DiabetoShield,0,563.63
D0234,T03,2024-11,SugarBlock,15,708.2
D0234,T03,2024-12,GlucoCare,8,630.46
D0234,T03,2024-12,DiabetoShield,15,543.98
D0234,T03,2024-12,SugarBlock,0,686.2
D0235,T03,2024-01,GlucoCare,10,618.03
D0235,T03,2024-01,DiabetoShield,10,564.57
D0235,T03,2024-01,SugarBlock,4,686.67
D0235,T03,2024-02,GlucoCare,10,637.81
D0235,T03,2024-02,DiabetoShield,7,558.6
D0235,T03,2024-02,SugarBlock,9,670.51
D0235,T03,2024-03,GlucoCare,8,612.18
D0235,T03,2024-03,DiabetoShield,2,552.19
D0235,T03,2024-03,SugarBlock,13,673.73
D0235,T03,2024-04,GlucoCare,11,603.73
D0235,T03,2024-04,DiabetoShield,6,571.56
D0235,T03,2024-04,SugarBlock,11,671.69
D0235,T03,2024-05,GlucoCare,11,604.54
D0235,T03,2024-05,DiabetoShield,9,545.82
D0235,T03,2024-05,SugarBlock,5,696.02
D0235,T03,2024-06,GlucoCare,9,618.48
D0235,T03,2024-06,DiabetoShield,6,556.75
D0235,T03,2024-06,SugarBlock,8,701.21
D0235,T03,2024-07,GlucoCare,13,619.15
D0235,T03,2024-07,DiabetoShield,3,557.5
D0235,T03,2024-07,SugarBlock,14,698.91
D0235,T03,2024-08,GlucoCare,11,613.87
D0235,T03,2024-08,DiabetoShield,6,551.6
D0235,T03,2024-08,SugarBlock,10,705.1
D0235,T03,2024-09,GlucoCare,9,602.28
D0235,T03,2024-09,DiabetoShield,1,564.56
D0235,T03,2024-09,SugarBlock,12,671.21
D0235,T03,2024-10,GlucoCare,11,605.99
D0235,T03,2024-10,DiabetoShield,11,550.99
D0235,T03,2024-10,SugarBlock,5,679.33
D0235,T03,2024-11,GlucoCare,8,623.43
D0235,T03,2024-11,DiabetoShield,1,563.63
D0235,T03,2024-11,SugarBlock,13,708.2
D0235,T03,2024-12,GlucoCare,8,630.46
D0235,T03,2024-12,DiabetoShield,12,543.98
D0235,T03,2024-12,SugarBlock,4,686.2
D0236,T09,2024-01,GlucoCare,24,607.03
D0236,T09,2024-01,DiabetoShield,39,567.47
D0236,T09,2024-01,SugarBlock,2,683.8
D0236,T09,2024-02,GlucoCare,23,629.02
D0236,T09,2024-02,DiabetoShield,11,576.39
D0236,T09,2024-02,SugarBlock,20,699.29
D0236,T09,2024-03,GlucoCare,23,622.06
D0236,T09,2024-03,DiabetoShield,35,546.15
D0236,T09,2024-03,SugarBlock,7,703.58
D0236,T09,2024-04,GlucoCare,19,627.61
D0236,T09,2024-04,DiabetoShield,24,551.04
D0236,T09,2024-04,SugarBlock,13,704.36
D0236,T09,2024-05,GlucoCare,34,631.99
D0236,T09,2024-05,DiabetoShield,33,571.61
D0236,T09,2024-05,SugarBlock,15,685.58
D0236,T09,2024-06,GlucoCare,21,628.81
D0236,T09,2024-06,DiabetoShield,20,563.39
D0236,T09,2024-06,SugarBlock,18,680.47
D0236,T09,2024-07,GlucoCare,24,609.21
D0236,T09,2024-07,DiabetoShield,29,552.52
D0236,T09,2024-07,SugarBlock,10,669.51
D0236,T09,2024-08,GlucoCare,24,604.11
D0236,T09,2024-08,DiabetoShield,33,566.89
D0236,T09,2024-08,SugarBlock,8,707.51
D0236,T09,2024-09,GlucoCare,26,634.85
D0236,T09,2024-09,DiabetoShield,11,571.68
D0236,T09,2024-09,SugarBlock,39,682.64
D0236,T09,2024-10,GlucoCare,27,610.04
D0236,T09,2024-10,DiabetoShield,33,556.93
D0236,T09,2024-10,SugarBlock,5,697.21
D0236,T09,2024-11,GlucoCare,29,634.89
D0236,T09,2024-11,DiabetoShield,2,558.77
D0236,T09,2024-11,SugarBlock,35,706.34
D0236,T09,2024-12,GlucoCare,28,633.56
D0236,T09,2024-12,DiabetoShield,10,556.63
D0236,T09,2024-12,SugarBlock,32,674.56
D0237,T05,2024-01,GlucoCare,16,607.18
D0237,T05,2024-01,DiabetoShield,2,561.75
D0237,T05,2024-01,SugarBlock,22,704.7
D0237,T05,2024-02,GlucoCare,15,607.49
D0237,T05,2024-02,DiabetoShield,15,572.35
D0237,T05,2024-02,SugarBlock,12,705.77
D0237,T05,2024-03,GlucoCare,13,605.55
D0237,T05,2024-03,DiabetoShield,19,571.81
D0237,T05,2024-03,SugarBlock,3,670.26
D0237,T05,2024-04,GlucoCare,12,624.48
D0237,T05,2024-04,DiabetoShield,15,562.53
D0237,T05,2024-04,SugarBlock,6,708.85
D0237,T05,2024-05,GlucoCare,16,623.6
D0237,T05,2024-05,DiabetoShield,14,558.45
D0237,T05,2024-05,SugarBlock,7,677.2
D0237,T05,2024-06,GlucoCare,5,628.15
D0237,T05,2024-06,DiabetoShield,5,464.01
D0237,T05,2024-06,SugarBlock,27,594.89
D0237,T05,2024-07,GlucoCare,4,616.49
D0237,T05,2024-07,DiabetoShield,11,428.81
D0237,T05,2024-07,SugarBlock,20,541.64
D0237,T05,2024-08,GlucoCare,3,636.9
D0237,T05,2024-08,DiabetoShield,9,433.77
D0237,T05,2024-08,SugarBlock,21,567.81
D0237,T05,2024-09,GlucoCare,4,607.16
D0237,T05,2024-09,DiabetoShield,9,438.35
D0237,T05,2024-09,SugarBlock,19,567.38
D0237,T05,2024-10,GlucoCare,5,614.58
D0237,T05,2024-10,DiabetoShield,3,430.86
D0237,T05,2024-10,SugarBlock,28,550.99
D0237,T05,2024-11,GlucoCare,3,614.85
D0237,T05,2024-11,DiabetoShield,20,420.62
D0237,T05,2024-11,SugarBlock,11,554.11
D0237,T05,2024-12,GlucoCare,5,607.68
D0237,T05,2024-12,DiabetoShield,15,466.31
D0237,T05,2024-12,SugarBlock,17,509.23
D0238,T05,2024-01,GlucoCare,10,607.18
D0238,T05,2024-01,DiabetoShield,13,561.75
D0238,T05,2024-01,SugarBlock,5,704.7
D0238,T05,2024-02,GlucoCare,12,607.49
D0238,T05,2024-02,DiabetoShield,13,572.35
D0238,T05,2024-02,SugarBlock,7,705.77
D0238,T05,2024-03,GlucoCare,11,605.55
D0238,T05,2024-03,DiabetoShield,15,571.81
D0238,T05,2024-03,SugarBlock,4,670.26
D0238,T05,2024-04,GlucoCare,13,624.48
D0238,T05,2024-04,DiabetoShield,10,562.53
D0238,T05,2024-04,SugarBlock,7,708.85
D0238,T05,2024-05,GlucoCare,12,623.6
D0238,T05,2024-05,DiabetoShield,9,558.45
D0238,T05,2024-05,SugarBlock,6,677.2
D0238,T05,2024-06,GlucoCare,5,628.15
D0238,T05,2024-06,DiabetoShield,17,464.01
D0238,T05,2024-06,SugarBlock,4,594.89
D0238,T05,2024-07,GlucoCare,3,616.49
D0238,T05,2024-07,DiabetoShield,17,428.81
D0238,T05,2024-07,SugarBlock,4,541.64
D0238,T05,2024-08,GlucoCare,3,636.9
D0238,T05,2024-08,DiabetoShield,17,433.77
D0238,T05,2024-08,SugarBlock,7,567.81
D0238,T05,2024-09,GlucoCare,4,607.16
D0238,T05,2024-09,DiabetoShield,6,438.35
D0238,T05,2024-09,SugarBlock,13,567.38
D0238,T05,2024-10,GlucoCare,2,614.58
D0238,T05,2024-10,DiabetoShield,14,430.86
D0238,T05,2024-10,SugarBlock,4,550.99
D0238,T05,2024-11,GlucoCare,3,614.85
D0238,T05,2024-11,DiabetoShield,5,420.62
D0238,T05,2024-11,SugarBlock,14,554.11
D0238,T05,2024-12,GlucoCare,2,607.68
D0238,T05,2024-12,DiabetoShield,4,466.31
D0238,T05,2024-12,SugarBlock,17,509.23
D0239,T10,2024-01,GlucoCare,18,625.16
D0239,T10,2024-01,DiabetoShield,3,556.67
D0239,T10,2024-01,SugarBlock,31,706.76
D0239,T10,2024-02,GlucoCare,13,620.02
D0239,T10,2024-02,DiabetoShield,13,561.81
D0239,T10,2024-02,SugarBlock,21,694.63
D0239,T10,2024-03,GlucoCare,28,613.18
D0239,T10,2024-03,DiabetoShield,5,550.51
D0239,T10,2024-03,SugarBlock,40,692.26
D0239,T10,2024-04,GlucoCare,21,605.08
D0239,T10,2024-04,DiabetoShield,5,563.35
D0239,T10,2024-04,SugarBlock,28,692.18
D0239,T10,2024-05,GlucoCare,19,635.95
D0239,T10,2024-05,DiabetoShield,8,544.47
D0239,T10,2024-05,SugarBlock,32,679.63
D0239,T10,2024-06,GlucoCare,20,610.47
D0239,T10,2024-06,DiabetoShield,3,574.24
D0239,T10,2024-06,SugarBlock,28,689.61
D0239,T10,2024-07,GlucoCare,23,637.08
D0239,T10,2024-07,DiabetoShield,2,560.97
D0239,T10,2024-07,SugarBlock,32,678.12
D0239,T10,2024-08,GlucoCare,17,603.83
D0239,T10,2024-08,DiabetoShield,9,564.59
D0239,T10,2024-08,SugarBlock,22,707.67
D0239,T10,2024-09,GlucoCare,15,618.77
D0239,T10,2024-09,DiabetoShield,14,574.82
D0239,T10,2024-09,SugarBlock,19,686.21
D0239,T10,2024-10,GlucoCare,3,601.68
D0239,T10,2024-10,DiabetoShield,36,573.58
D0239,T10,2024-10,SugarBlock,16,687.63
D0239,T10,2024-11,GlucoCare,6,614.55
D0239,T10,2024-11,DiabetoShield,40,576.61
D0239,T10,2024-11,SugarBlock,2,687.55
D0239,T10,2024-12,GlucoCare,5,607.8
D0239,T10,2024-12,DiabetoShield,55,555.29
D0239,T10,2024-12,SugarBlock,2,692.56
D0240,T05,2024-01,GlucoCare,18,607.18
D0240,T05,2024-01,DiabetoShield,19,561.75
D0240,T05,2024-01,SugarBlock,15,704.7
D0240,T05,2024-02,GlucoCare,21,607.49
D0240,T05,2024-02,DiabetoShield,22,572.35
D0240,T05,2024-02,SugarBlock,6,705.77
D0240,T05,2024-03,GlucoCare,14,605.55
D0240,T05,2024-03,DiabetoShield,2,571.81
D0240,T05,2024-03,SugarBlock,22,670.26
D0240,T05,2024-04,GlucoCare,22,624.48
D0240,T05,2024-04,DiabetoShield,17,562.53
D0240,T05,2024-04,SugarBlock,12,708.85
D0240,T05,2024-05,GlucoCare,20,623.6
D0240,T05,2024-05,DiabetoShield,10,558.45
D0240,T05,2024-05,SugarBlock,19,677.2
D0240,T05,2024-06,GlucoCare,11,628.15
D0240,T05,2024-06,DiabetoShield,15,464.01
D0240,T05,2024-06,SugarBlock,15,594.89
D0240,T05,2024-07,GlucoCare,9,616.49
D0240,T05,2024-07,DiabetoShield,35,428.81
D0240,T05,2024-07,SugarBlock,7,541.64
D0240,T05,2024-08,GlucoCare,6,636.9
D0240,T05,2024-08,DiabetoShield,10,433.77
D0240,T05,2024-08,SugarBlock,24,567.81
D0240,T05,2024-09,GlucoCare,7,607.16
D0240,T05,2024-09,DiabetoShield,15,438.35
D0240,T05,2024-09,SugarBlock,16,567.38
D0240,T05,2024-10,GlucoCare,4,614.58
D0240,T05,2024-10,DiabetoShield,3,430.86
D0240,T05,2024-10,SugarBlock,34,550.99
D0240,T05,2024-11,GlucoCare,4,614.85
D0240,T05,2024-11,DiabetoShield,26,420.62
D0240,T05,2024-11,SugarBlock,5,554.11
D0240,T05,2024-12,GlucoCare,4,607.68
D0240,T05,2024-12,DiabetoShield,15,466.31
D0240,T05,2024-12,SugarBlock,22,509.23
D0241,T08,2024-01,GlucoCare,23,628.82
D0241,T08,2024-01,DiabetoShield,17,555.74
D0241,T08,2024-01,SugarBlock,9,710.43
D0241,T08,2024-02,GlucoCare,23,619.89
D0241,T08,2024-02,DiabetoShield,0,576.63
D0241,T08,2024-02,SugarBlock,34,702.8
D0241,T08,2024-03,GlucoCare,20,608.44
D0241,T08,2024-03,DiabetoShield,8,573.31
D0241,T08,2024-03,SugarBlock,23,687.25
D0241,T08,2024-04,GlucoCare,16,636.52
D0241,T08,2024-04,DiabetoShield,7,556.39
D0241,T08,2024-04,SugarBlock,27,701.72
D0241,T08,2024-05,GlucoCare,25,628.79
D0241,T08,2024-05,DiabetoShield,28,552.07
D0241,T08,2024-05,SugarBlock,6,672.19
D0241,T08,2024-06,GlucoCare,15,607.82
D0241,T08,2024-06,DiabetoShield,1,556.23
D0241,T08,2024-06,SugarBlock,26,706.85
D0241,T08,2024-07,GlucoCare,24,620.8
D0241,T08,2024-07,DiabetoShield,18,574.08
D0241,T08,2024-07,SugarBlock,15,704.0
D0241,T08,2024-08,GlucoCare,21,635.05
D0241,T08,2024-08,DiabetoShield,12,562.38
D0241,T08,2024-08,SugarBlock,19,695.84
D0241,T08,2024-09,GlucoCare,19,625.84
D0241,T08,2024-09,DiabetoShield,11,575.34
D0241,T08,2024-09,SugarBlock,15,704.58
D0241,T08,2024-10,GlucoCare,20,623.58
D0241,T08,2024-10,DiabetoShield,0,563.96
D0241,T08,2024-10,SugarBlock,28,693.21
D0241,T08,2024-11,GlucoCare,16,626.91
D0241,T08,2024-11,DiabetoShield,1,571.35
D0241,T08,2024-11,SugarBlock,26,670.16
D0241,T08,2024-12,GlucoCare,14,624.64
D0241,T08,2024-12,DiabetoShield,10,566.48
D0241,T08,2024-12,SugarBlock,19,673.75
D0242,T10,2024-01,GlucoCare,22,625.16
D0242,T10,2024-01,DiabetoShield,6,556.67
D0242,T10,2024-01,SugarBlock,17,706.76
D0242,T10,2024-02,GlucoCare,25,620.02
D0242,T10,2024-02,DiabetoShield,12,561.81
D0242,T10,2024-02,SugarBlock,16,694.63
D0242,T10,2024-03,GlucoCare,16,613.18
D0242,T10,2024-03,DiabetoShield,16,550.51
D0242,T10,2024-03,SugarBlock,11,692.26
D0242,T10,2024-04,GlucoCare,18,605.08
D0242,T10,2024-04,DiabetoShield,13,563.35
D0242,T10,2024-04,SugarBlock,18,692.18
D0242,T10,2024-05,GlucoCare,23,635.95
D0242,T10,2024-05,DiabetoShield,5,544.47
D0242,T10,2024-05,SugarBlock,22,679.63
D0242,T10,2024-06,GlucoCare,20,610.47
D0242,T10,2024-06,DiabetoShield,13,574.24
D0242,T10,2024-06,SugarBlock,16,689.61
D0242,T10,2024-07,GlucoCare,23,637.08
D0242,T10,2024-07,DiabetoShield,22,560.97
D0242,T10,2024-07,SugarBlock,9,678.12
D0242,T10,2024-08,GlucoCare,23,603.83
D0242,T10,2024-08,DiabetoShield,7,564.59
D0242,T10,2024-08,SugarBlock,24,707.67
D0242,T10,2024-09,GlucoCare,22,618.77
D0242,T10,2024-09,DiabetoShield,27,574.82
D0242,T10,2024-09,SugarBlock,5,686.21
D0242,T10,2024-10,GlucoCare,18,601.68
D0242,T10,2024-10,DiabetoShield,30,573.58
D0242,T10,2024-10,SugarBlock,2,687.63
D0242,T10,2024-11,GlucoCare,23,614.55
D0242,T10,2024-11,DiabetoShield,21,576.61
D0242,T10,2024-11,SugarBlock,10,687.55
D0242,T10,2024-12,GlucoCare,15,607.8
D0242,T10,2024-12,DiabetoShield,22,555.29
D0242,T10,2024-12,SugarBlock,6,692.56
D0243,T10,2024-01,GlucoCare,18,625.16
D0243,T10,2024-01,DiabetoShield,8,556.67
D0243,T10,2024-01,SugarBlock,21,706.76
D0243,T10,2024-02,GlucoCare,14,620.02
D0243,T10,2024-02,DiabetoShield,11,561.81
D0243,T10,2024-02,SugarBlock,13,694.63
D0243,T10,2024-03,GlucoCare,12,613.18
D0243,T10,2024-03,DiabetoShield,2,550.51
D0243,T10,2024-03,SugarBlock,21,692.26
D0243,T10,2024-04,GlucoCare,14,605.08
D0243,T10,2024-04,DiabetoShield,17,563.35
D0243,T10,2024-04,SugarBlock,5,692.18
D0243,T10,2024-05,GlucoCare,14,635.95
D0243,T10,2024-05,DiabetoShield,21,544.47
D0243,T10,2024-05,SugarBlock,3,679.63
D0243,T10,2024-06,GlucoCare,14,610.47
D0243,T10,2024-06,DiabetoShield,1,574.24
D0243,T10,2024-06,SugarBlock,21,689.61
D0243,T10,2024-07,GlucoCare,20,637.08
D0243,T10,2024-07,DiabetoShield,15,560.97
D0243,T10,2024-07,SugarBlock,10,678.12
D0243,T10,2024-08,GlucoCare,16,603.83
D0243,T10,2024-08,DiabetoShield,19,564.59
D0243,T10,2024-08,SugarBlock,6,707.67
D0243,T10,2024-09,GlucoCare,17,618.77
D0243,T10,2024-09,DiabetoShield,24,574.82
D0243,T10,2024-09,SugarBlock,6,686.21
D0243,T10,2024-10,GlucoCare,12,601.68
D0243,T10,2024-10,DiabetoShield,2,573.58
D0243,T10,2024-10,SugarBlock,21,687.63
D0243,T10,2024-11,GlucoCare,18,614.55
D0243,T10,2024-11,DiabetoShield,15,576.61
D0243,T10,2024-11,SugarBlock,8,687.55
D0243,T10,2024-12,GlucoCare,18,607.8
D0243,T10,2024-12,DiabetoShield,19,555.29
D0243,T10,2024-12,SugarBlock,9,692.56
D0244,T04,2024-01,GlucoCare,10,629.41
D0244,T04,2024-01,DiabetoShield,19,576.26
D0244,T04,2024-01,SugarBlock,2,687.25
D0244,T04,2024-02,GlucoCare,12,603.63
D0244,T04,2024-02,DiabetoShield,18,547.56
D0244,T04,2024-02,SugarBlock,4,700.46
D0244,T04,2024-03,GlucoCare,9,630.21
D0244,T04,2024-03,DiabetoShield,16,562.2
D0244,T04,2024-03,SugarBlock,8,696.25
D0244,T04,2024-04,GlucoCare,9,631.44
D0244,T04,2024-04,DiabetoShield,14,560.95
D0244,T04,2024-04,SugarBlock,6,680.33
D0244,T04,2024-05,GlucoCare,9,625.0
D0244,T04,2024-05,DiabetoShield,7,547.02
D0244,T04,2024-05,SugarBlock,13,698.83
D0244,T04,2024-06,GlucoCare,3,616.83
D0244,T04,2024-06,DiabetoShield,17,446.67
D0244,T04,2024-06,SugarBlock,4,562.6
D0244,T04,2024-07,GlucoCare,2,634.68
D0244,T04,2024-07,DiabetoShield,6,486.11
D0244,T04,2024-07,SugarBlock,24,582.06
D0244,T04,2024-08,GlucoCare,2,610.9
D0244,T04,2024-08,DiabetoShield,14,468.93
D0244,T04,2024-08,SugarBlock,14,538.59
D0244,T04,2024-09,GlucoCare,1,617.06
D0244,T04,2024-09,DiabetoShield,8,458.4
D0244,T04,2024-09,SugarBlock,22,547.24
D0244,T04,2024-10,GlucoCare,0,629.25
D0244,T04,2024-10,DiabetoShield,27,473.5
D0244,T04,2024-10,SugarBlock,1,517.62
D0244,T04,2024-11,GlucoCare,0,635.66
D0244,T04,2024-11,DiabetoShield,22,441.71
D0244,T04,2024-11,SugarBlock,2,572.72
D0244,T04,2024-12,GlucoCare,2,610.98
D0244,T04,2024-12,DiabetoShield,11,452.74
D0244,T04,2024-12,SugarBlock,10,588.28
D0245,T05,2024-01,GlucoCare,8,607.18
D0245,T05,2024-01,DiabetoShield,1,561.75
D0245,T05,2024-01,SugarBlock,10,704.7
D0245,T05,2024-02,GlucoCare,10,607.49
D0245,T05,2024-02,DiabetoShield,9,572.35
D0245,T05,2024-02,SugarBlock,3,705.77
D0245,T05,2024-03,GlucoCare,6,605.55
D0245,T05,2024-03,DiabetoShield,0,571.81
D0245,T05,2024-03,SugarBlock,14,670.26
D0245,T05,2024-04,GlucoCare,7,624.48
D0245,T05,2024-04,DiabetoShield,4,562.53
D0245,T05,2024-04,SugarBlock,9,708.85
D0245,T05,2024-05,GlucoCare,8,623.6
D0245,T05,2024-05,DiabetoShield,9,558.45
D0245,T05,2024-05,SugarBlock,0,677.2
D0245,T05,2024-06,GlucoCare,3,628.15
D0245,T05,2024-06,DiabetoShield,9,464.01
D0245,T05,2024-06,SugarBlock,2,594.89
D0245,T05,2024-07,GlucoCare,1,616.49
D0245,T05,2024-07,DiabetoShield,10,428.81
D0245,T05,2024-07,SugarBlock,8,541.64
D0245,T05,2024-08,GlucoCare,2,636.9
D0245,T05,2024-08,DiabetoShield,2,433.77
D0245,T05,2024-08,SugarBlock,16,567.81
D0245,T05,2024-09,GlucoCare,5,607.16
D0245,T05,2024-09,DiabetoShield,15,438.35
D0245,T05,2024-09,SugarBlock,1,567.38
D0245,T05,2024-10,GlucoCare,2,614.58
D0245,T05,2024-10,DiabetoShield,12,430.86
D0245,T05,2024-10,SugarBlock,4,550.99
D0245,T05,2024-11,GlucoCare,2,614.85
D0245,T05,2024-11,DiabetoShield,6,420.62
D0245,T05,2024-11,SugarBlock,12,554.11
D0245,T05,2024-12,GlucoCare,3,607.68
D0245,T05,2024-12,DiabetoShield,10,466.31
D0245,T05,2024-12,SugarBlock,6,509.23
D0246,T01,2024-01,GlucoCare,8,609.43
D0246,T01,2024-01,DiabetoShield,10,543.32
D0246,T01,2024-01,SugarBlock,5,707.52
D0246,T01,2024-02,GlucoCare,6,626.11
D0246,T01,2024-02,DiabetoShield,8,548.16
D0246,T01,2024-02,SugarBlock,5,676.94
D0246,T01,2024-03,GlucoCare,10,612.0
D0246,T01,2024-03,DiabetoShield,7,549.67
D0246,T01,2024-03,SugarBlock,6,702.79
D0246,T01,2024-04,GlucoCare,7,637.86
D0246,T01,2024-04,DiabetoShield,2,557.53
D0246,T01,2024-04,SugarBlock,11,679.34
D0246,T01,2024-05,GlucoCare,10,612.19
D0246,T01,2024-05,DiabetoShield,5,574.04
D0246,T01,2024-05,SugarBlock,10,697.01
D0246,T01,2024-06,GlucoCare,11,635.52
D0246,T01,2024-06,DiabetoShield,1,568.66
D0246,T01,2024-06,SugarBlock,12,680.21
D0246,T01,2024-07,GlucoCare,7,609.94
D0246,T01,2024-07,DiabetoShield,1,569.85
D0246,T01,2024-07,SugarBlock,13,706.3
D0246,T01,2024-08,GlucoCare,8,604.89
D0246,T01,2024-08,DiabetoShield,4,552.0
D0246,T01,2024-08,SugarBlock,7,682.64
D0246,T01,2024-09,GlucoCare,7,627.39
D0246,T01,2024-09,DiabetoShield,5,550.7
D0246,T01,2024-09,SugarBlock,8,689.19
D0246,T01,2024-10,GlucoCare,7,620.06
D0246,T01,2024-10,DiabetoShield,12,572.64
D0246,T01,2024-10,SugarBlock,1,670.43
D0246,T01,2024-11,GlucoCare,11,619.86
D0246,T01,2024-11,DiabetoShield,13,560.15
D0246,T01,2024-11,SugarBlock,3,685.43
D0246,T01,2024-12,GlucoCare,8,604.65
D0246,T01,2024-12,DiabetoShield,9,556.69
D0246,T01,2024-12,SugarBlock,7,699.1
D0247,T08,2024-01,GlucoCare,12,628.82
D0247,T08,2024-01,DiabetoShield,8,555.74
D0247,T08,2024-01,SugarBlock,8,710.43
D0247,T08,2024-02,GlucoCare,7,619.89
D0247,T08,2024-02,DiabetoShield,11,576.63
D0247,T08,2024-02,SugarBlock,3,702.8
D0247,T08,2024-03,GlucoCare,12,608.44
D0247,T08,2024-03,DiabetoShield,6,573.31
D0247,T08,2024-03,SugarBlock,9,687.25
D0247,T08,2024-04,GlucoCare,7,636.52
D0247,T08,2024-04,DiabetoShield,8,556.39
D0247,T08,2024-04,SugarBlock,6,701.72
D0247,T08,2024-05,GlucoCare,11,628.79
D0247,T08,2024-05,DiabetoShield,2,552.07
D0247,T08,2024-05,SugarBlock,15,672.19
D0247,T08,2024-06,GlucoCare,7,607.82
D0247,T08,2024-06,DiabetoShield,15,556.23
D0247,T08,2024-06,SugarBlock,0,706.85
D0247,T08,2024-07,GlucoCare,12,620.8
D0247,T08,2024-07,DiabetoShield,7,574.08
D0247,T08,2024-07,SugarBlock,9,704.0
D0247,T08,2024-08,GlucoCare,8,635.05
D0247,T08,2024-08,DiabetoShield,10,562.38
D0247,T08,2024-08,SugarBlock,6,695.84
D0247,T08,2024-09,GlucoCare,10,625.84
D0247,T08,2024-09,DiabetoShield,12,575.34
D0247,T08,2024-09,SugarBlock,4,704.58
D0247,T08,2024-10,GlucoCare,12,623.58
D0247,T08,2024-10,DiabetoShield,5,563.96
D0247,T08,2024-10,SugarBlock,14,693.21
D0247,T08,2024-11,GlucoCare,11,626.91
D0247,T08,2024-11,DiabetoShield,1,571.35
D0247,T08,2024-11,SugarBlock,14,670.16
D0247,T08,2024-12,GlucoCare,10,624.64
D0247,T08,2024-12,DiabetoShield,0,566.48
D0247,T08,2024-12,SugarBlock,14,673.75
D0248,T04,2024-01,GlucoCare,19,629.41
D0248,T04,2024-01,DiabetoShield,23,576.26
D0248,T04,2024-01,SugarBlock,7,687.25
D0248,T04,2024-02,GlucoCare,24,603.63
D0248,T04,2024-02,DiabetoShield,24,547.56
D0248,T04,2024-02,SugarBlock,2,700.46
D0248,T04,2024-03,GlucoCare,27,630.21
D0248,T04,2024-03,DiabetoShield,29,562.2
D0248,T04,2024-03,SugarBlock,4,696.25
D0248,T04,2024-04,GlucoCare,23,631.44
D0248,T04,2024-04,DiabetoShield,9,560.95
D0248,T04,2024-04,SugarBlock,20,680.33
D0248,T04,2024-05,GlucoCare,27,625.0
D0248,T04,2024-05,DiabetoShield,19,547.02
D0248,T04,2024-05,SugarBlock,14,698.83
D0248,T04,2024-06,GlucoCare,8,616.83
D0248,T04,2024-06,DiabetoShield,27,446.67
D0248,T04,2024-06,SugarBlock,3,562.6
D0248,T04,2024-07,GlucoCare,8,634.68
D0248,T04,2024-07,DiabetoShield,32,486.11
D0248,T04,2024-07,SugarBlock,7,582.06
D0248,T04,2024-08,GlucoCare,9,610.9
D0248,T04,2024-08,DiabetoShield,16,468.93
D0248,T04,2024-08,SugarBlock,17,538.59
D0248,T04,2024-09,GlucoCare,7,617.06
D0248,T04,2024-09,DiabetoShield,13,458.4
D0248,T04,2024-09,SugarBlock,19,547.24
D0248,T04,2024-10,GlucoCare,5,629.25
D0248,T04,2024-10,DiabetoShield,19,473.5
D0248,T04,2024-10,SugarBlock,15,517.62
D0248,T04,2024-11,GlucoCare,7,635.66
D0248,T04,2024-11,DiabetoShield,21,441.71
D0248,T04,2024-11,SugarBlock,9,572.72
D0248,T04,2024-12,GlucoCare,12,610.98
D0248,T04,2024-12,DiabetoShield,4,452.74
D0248,T04,2024-12,SugarBlock,26,588.28
D0249,T01,2024-01,GlucoCare,7,609.43
D0249,T01,2024-01,DiabetoShield,8,543.32
D0249,T01,2024-01,SugarBlock,11,707.52
D0249,T01,2024-02,GlucoCare,7,626.11
D0249,T01,2024-02,DiabetoShield,7,548.16
D0249,T01,2024-02,SugarBlock,16,676.94
D0249,T01,2024-03,GlucoCare,8,612.0
D0249,T01,2024-03,DiabetoShield,8,549.67
D0249,T01,2024-03,SugarBlock,7,702.79
D0249,T01,2024-04,GlucoCare,8,637.86
D0249,T01,2024-04,DiabetoShield,9,557.53
D0249,T01,2024-04,SugarBlock,9,679.34
D0249,T01,2024-05,GlucoCare,9,612.19
D0249,T01,2024-05,DiabetoShield,2,574.04
D0249,T01,2024-05,SugarBlock,14,697.01
D0249,T01,2024-06,GlucoCare,6,635.52
D0249,T01,2024-06,DiabetoShield,16,568.66
D0249,T01,2024-06,SugarBlock,4,680.21
D0249,T01,2024-07,GlucoCare,5,609.94
D0249,T01,2024-07,DiabetoShield,9,569.85
D0249,T01,2024-07,SugarBlock,12,706.3
D0249,T01,2024-08,GlucoCare,9,604.89
D0249,T01,2024-08,DiabetoShield,6,552.0
D0249,T01,2024-08,SugarBlock,13,682.64
D0249,T01,2024-09,GlucoCare,6,627.39
D0249,T01,2024-09,DiabetoShield,5,550.7
D0249,T01,2024-09,SugarBlock,13,689.19
D0249,T01,2024-10,GlucoCare,9,620.06
D0249,T01,2024-10,DiabetoShield,1,572.64
D0249,T01,2024-10,SugarBlock,19,670.43
D0249,T01,2024-11,GlucoCare,8,619.86
D0249,T01,2024-11,DiabetoShield,18,560.15
D0249,T01,2024-11,SugarBlock,3,685.43
D0249,T01,2024-12,GlucoCare,7,604.65
D0249,T01,2024-12,DiabetoShield,16,556.69
D0249,T01,2024-12,SugarBlock,2,699.1
D0250,T02,2024-01,GlucoCare,13,638.1
D0250,T02,2024-01,DiabetoShield,16,575.44
D0250,T02,2024-01,SugarBlock,12,707.18
D0250,T02,2024-02,GlucoCare,16,634.21
D0250,T02,2024-02,DiabetoShield,11,545.53
D0250,T02,2024-02,SugarBlock,25,706.91
D0250,T02,2024-03,GlucoCare,8,610.52
D0250,T02,2024-03,DiabetoShield,12,571.37
D0250,T02,2024-03,SugarBlock,17,700.1
D0250,T02,2024-04,GlucoCare,10,632.36
D0250,T02,2024-04,DiabetoShield,2,559.53
D0250,T02,2024-04,SugarBlock,31,686.89
D0250,T02,2024-05,GlucoCare,8,623.69
D0250,T02,2024-05,DiabetoShield,21,572.17
D0250,T02,2024-05,SugarBlock,11,696.11
D0250,T02,2024-06,GlucoCare,8,619.23
D0250,T02,2024-06,DiabetoShield,4,549.45
D0250,T02,2024-06,SugarBlock,26,691.97
D0250,T02,2024-07,GlucoCare,10,638.08
D0250,T02,2024-07,DiabetoShield,3,551.25
D0250,T02,2024-07,SugarBlock,26,701.28
D0250,T02,2024-08,GlucoCare,15,631.24
D0250,T02,2024-08,DiabetoShield,9,575.36
D0250,T02,2024-08,SugarBlock,27,702.69
D0250,T02,2024-09,GlucoCare,9,624.81
D0250,T02,2024-09,DiabetoShield,7,559.86
D0250,T02,2024-09,SugarBlock,19,687.28
D0250,T02,2024-10,GlucoCare,12,624.56
D0250,T02,2024-10,DiabetoShield,4,550.84
D0250,T02,2024-10,SugarBlock,28,682.91
D0250,T02,2024-11,GlucoCare,8,634.01
D0250,T02,2024-11,DiabetoShield,8,546.12
D0250,T02,2024-11,SugarBlock,28,707.67
D0250,T02,2024-12,GlucoCare,9,628.23
D0250,T02,2024-12,DiabetoShield,24,544.17
D0250,T02,2024-12,SugarBlock,7,689.81
D0251,T02,2024-01,GlucoCare,26,638.1
D0251,T02,2024-01,DiabetoShield,4,575.44
D0251,T02,2024-01,SugarBlock,27,707.18
D0251,T02,2024-02,GlucoCare,31,634.21
D0251,T02,2024-02,DiabetoShield,8,545.53
D0251,T02,2024-02,SugarBlock,23,706.91
D0251,T02,2024-03,GlucoCare,27,610.52
D0251,T02,2024-03,DiabetoShield,24,571.37
D0251,T02,2024-03,SugarBlock,5,700.1
D0251,T02,2024-04,GlucoCare,30,632.36
D0251,T02,2024-04,DiabetoShield,34,559.53
D0251,T02,2024-04,SugarBlock,3,686.89
D0251,T02,2024-05,GlucoCare,22,623.69
D0251,T02,2024-05,DiabetoShield,7,572.17
D0251,T02,2024-05,SugarBlock,29,696.11
D0251,T02,2024-06,GlucoCare,16,619.23
D0251,T02,2024-06,DiabetoShield,31,549.45
D0251,T02,2024-06,SugarBlock,2,691.97
D0251,T02,2024-07,GlucoCare,22,638.08
D0251,T02,2024-07,DiabetoShield,3,551.25
D0251,T02,2024-07,SugarBlock,32,701.28
D0251,T02,2024-08,GlucoCare,27,631.24
D0251,T02,2024-08,DiabetoShield,10,575.36
D0251,T02,2024-08,SugarBlock,28,702.69
D0251,T02,2024-09,GlucoCare,21,624.81
D0251,T02,2024-09,DiabetoShield,28,559.86
D0251,T02,2024-09,SugarBlock,0,687.28
D0251,T02,2024-10,GlucoCare,22,624.56
D0251,T02,2024-10,DiabetoShield,21,550.84
D0251,T02,2024-10,SugarBlock,7,682.91
D0251,T02,2024-11,GlucoCare,25,634.01
D0251,T02,2024-11,DiabetoShield,15,546.12
D0251,T02,2024-11,SugarBlock,12,707.67
D0251,T02,2024-12,GlucoCare,25,628.23
D0251,T02,2024-12,DiabetoShield,32,544.17
D0251,T02,2024-12,SugarBlock,5,689.81
D0252,T01,2024-01,GlucoCare,17,609.43
D0252,T01,2024-01,DiabetoShield,34,543.32
D0252,T01,2024-01,SugarBlock,7,707.52
D0252,T01,2024-02,GlucoCare,22,626.11
D0252,T01,2024-02,DiabetoShield,40,548.16
D0252,T01,2024-02,SugarBlock,8,676.94
D0252,T01,2024-03,GlucoCare,23,612.0
D0252,T01,2024-03,DiabetoShield,24,549.67
D0252,T01,2024-03,SugarBlock,26,702.79
D0252,T01,2024-04,GlucoCare,22,637.86
D0252,T01,2024-04,DiabetoShield,36,557.53
D0252,T01,2024-04,SugarBlock,8,679.34
D0252,T01,2024-05,GlucoCare,23,612.19
D0252,T01,2024-05,DiabetoShield,11,574.04
D0252,T01,2024-05,SugarBlock,36,697.01
D0252,T01,2024-06,GlucoCare,15,635.52
D0252,T01,2024-06,DiabetoShield,16,568.66
D0252,T01,2024-06,SugarBlock,25,680.21
D0252,T01,2024-07,GlucoCare,14,609.94
D0252,T01,2024-07,DiabetoShield,19,569.85
D0252,T01,2024-07,SugarBlock,20,706.3
D0252,T01,2024-08,GlucoCare,19,604.89
D0252,T01,2024-08,DiabetoShield,5,552.0
D0252,T01,2024-08,SugarBlock,37,682.64
D0252,T01,2024-09,GlucoCare,18,627.39
D0252,T01,2024-09,DiabetoShield,17,550.7
D0252,T01,2024-09,SugarBlock,23,689.19
D0252,T01,2024-10,GlucoCare,11,620.06
D0252,T01,2024-10,DiabetoShield,26,572.64
D0252,T01,2024-10,SugarBlock,16,670.43
D0252,T01,2024-11,GlucoCare,17,619.86
D0252,T01,2024-11,DiabetoShield,2,560.15
D0252,T01,2024-11,SugarBlock,46,685.43
D0252,T01,2024-12,GlucoCare,20,604.65
D0252,T01,2024-12,DiabetoShield,4,556.69
D0252,T01,2024-12,SugarBlock,44,699.1
D0253,T01,2024-01,GlucoCare,24,609.43
D0253,T01,2024-01,DiabetoShield,0,543.32
D0253,T01,2024-01,SugarBlock,36,707.52
D0253,T01,2024-02,GlucoCare,29,626.11
D0253,T01,2024-02,DiabetoShield,13,548.16
D0253,T01,2024-02,SugarBlock,18,676.94
D0253,T01,2024-03,GlucoCare,25,612.0
D0253,T01,2024-03,DiabetoShield,37,549.67
D0253,T01,2024-03,SugarBlock,3,702.79
D0253,T01,2024-04,GlucoCare,29,637.86
D0253,T01,2024-04,DiabetoShield,25,557.53
D0253,T01,2024-04,SugarBlock,10,679.34
D0253,T01,2024-05,GlucoCare,34,612.19
D0253,T01,2024-05,DiabetoShield,35,574.04
D0253,T01,2024-05,SugarBlock,8,697.01
D0253,T01,2024-06,GlucoCare,31,635.52
D0253,T01,2024-06,DiabetoShield,28,568.66
D0253,T01,2024-06,SugarBlock,11,680.21
D0253,T01,2024-07,GlucoCare,30,609.94
D0253,T01,2024-07,DiabetoShield,11,569.85
D0253,T01,2024-07,SugarBlock,25,706.3
D0253,T01,2024-08,GlucoCare,36,604.89
D0253,T01,2024-08,DiabetoShield,24,552.0
D0253,T01,2024-08,SugarBlock,15,682.64
D0253,T01,2024-09,GlucoCare,30,627.39
D0253,T01,2024-09,DiabetoShield,16,550.7
D0253,T01,2024-09,SugarBlock,20,689.19
D0253,T01,2024-10,GlucoCare,30,620.06
D0253,T01,2024-10,DiabetoShield,26,572.64
D0253,T01,2024-10,SugarBlock,10,670.43
D0253,T01,2024-11,GlucoCare,31,619.86
D0253,T01,2024-11,DiabetoShield,39,560.15
D0253,T01,2024-11,SugarBlock,1,685.43
D0253,T01,2024-12,GlucoCare,27,604.65
D0253,T01,2024-12,DiabetoShield,38,556.69
D0253,T01,2024-12,SugarBlock,0,699.1
D0254,T06,2024-01,GlucoCare,18,611.27
D0254,T06,2024-01,DiabetoShield,26,554.84
D0254,T06,2024-01,SugarBlock,15,690.22
D0254,T06,2024-02,GlucoCare,25,607.59
D0254,T06,2024-02,DiabetoShield,39,574.29
D0254,T06,2024-02,SugarBlock,6,675.89
D0254,T06,2024-03,GlucoCare,20,634.59
D0254,T06,2024-03,DiabetoShield,19,552.55
D0254,T06,2024-03,SugarBlock,28,693.38
D0254,T06,2024-04,GlucoCare,21,617.98
D0254,T06,2024-04,DiabetoShield,9,549.04
D0254,T06,2024-04,SugarBlock,44,674.05
D0254,T06,2024-05,GlucoCare,21,617.89
D0254,T06,2024-05,DiabetoShield,32,557.73
D0254,T06,2024-05,SugarBlock,4,670.85
D0254,T06,2024-06,GlucoCare,17,614.8
D0254,T06,2024-06,DiabetoShield,27,544.12
D0254,T06,2024-06,SugarBlock,18,671.82
D0254,T06,2024-07,GlucoCare,12,628.77
D0254,T06,2024-07,DiabetoShield,7,573.7
D0254,T06,2024-07,SugarBlock,28,677.41
D0254,T06,2024-08,GlucoCare,21,618.13
D0254,T06,2024-08,DiabetoShield,6,573.99
D0254,T06,2024-08,SugarBlock,41,682.39
D0254,T06,2024-09,GlucoCare,23,607.77
D0254,T06,2024-09,DiabetoShield,28,566.77
D0254,T06,2024-09,SugarBlock,20,679.38
D0254,T06,2024-10,GlucoCare,20,619.7
D0254,T06,2024-10,DiabetoShield,41,553.39
D0254,T06,2024-10,SugarBlock,3,685.51
D0254,T06,2024-11,GlucoCare,16,609.09
D0254,T06,2024-11,DiabetoShield,23,543.78
D0254,T06,2024-11,SugarBlock,18,685.03
D0254,T06,2024-12,GlucoCare,15,633.8
D0254,T06,2024-12,DiabetoShield,30,566.06
D0254,T06,2024-12,SugarBlock,13,705.71
D0255,T03,2024-01,GlucoCare,17,618.03
D0255,T03,2024-01,DiabetoShield,8,564.57
D0255,T03,2024-01,SugarBlock,19,686.67
D0255,T03,2024-02,GlucoCare,17,637.81
D0255,T03,2024-02,DiabetoShield,1,558.6
D0255,T03,2024-02,SugarBlock,23,670.51
D0255,T03,2024-03,GlucoCare,16,612.18
D0255,T03,2024-03,DiabetoShield,7,552.19
D0255,T03,2024-03,SugarBlock,17,673.73
D0255,T03,2024-04,GlucoCare,16,603.73
D0255,T03,2024-04,DiabetoShield,20,571.56
D0255,T03,2024-04,SugarBlock,3,671.69
D0255,T03,2024-05,GlucoCare,15,604.54
D0255,T03,2024-05,DiabetoShield,11,545.82
D0255,T03,2024-05,SugarBlock,10,696.02
D0255,T03,2024-06,GlucoCare,17,618.48
D0255,T03,2024-06,DiabetoShield,21,556.75
D0255,T03,2024-06,SugarBlock,3,701.21
D0255,T03,2024-07,GlucoCare,22,619.15
D0255,T03,2024-07,DiabetoShield,16,557.5
D0255,T03,2024-07,SugarBlock,14,698.91
D0255,T03,2024-08,GlucoCare,18,613.87
D0255,T03,2024-08,DiabetoShield,8,551.6
D0255,T03,2024-08,SugarBlock,17,705.1
D0255,T03,2024-09,GlucoCare,11,602.28
D0255,T03,2024-09,DiabetoShield,7,564.56
D0255,T03,2024-09,SugarBlock,12,671.21
D0255,T03,2024-10,GlucoCare,23,605.99
D0255,T03,2024-10,DiabetoShield,23,550.99
D0255,T03,2024-10,SugarBlock,3,679.33
D0255,T03,2024-11,GlucoCare,16,623.43
D0255,T03,2024-11,DiabetoShield,11,563.63
D0255,T03,2024-11,SugarBlock,16,708.2
D0255,T03,2024-12,GlucoCare,17,630.46
D0255,T03,2024-12,DiabetoShield,19,543.98
D0255,T03,2024-12,SugarBlock,0,686.2
D0256,T10,2024-01,GlucoCare,12,625.16
D0256,T10,2024-01,DiabetoShield,21,556.67
D0256,T10,2024-01,SugarBlock,4,706.76
D0256,T10,2024-02,GlucoCare,18,620.02
D0256,T10,2024-02,DiabetoShield,20,561.81
D0256,T10,2024-02,SugarBlock,6,694.63
D0256,T10,2024-03,GlucoCare,13,613.18
D0256,T10,2024-03,DiabetoShield,17,550.51
D0256,T10,2024-03,SugarBlock,7,692.26
D0256,T10,2024-04,GlucoCare,9,605.08
D0256,T10,2024-04,DiabetoShield,6,563.35
D0256,T10,2024-04,SugarBlock,15,692.18
D0256,T10,2024-05,GlucoCare,14,635.95
D0256,T10,2024-05,DiabetoShield,21,544.47
D0256,T10,2024-05,SugarBlock,2,679.63
D0256,T10,2024-06,GlucoCare,13,610.47
D0256,T10,2024-06,DiabetoShield,6,574.24
D0256,T10,2024-06,SugarBlock,15,689.61
D0256,T10,2024-07,GlucoCare,18,637.08
D0256,T10,2024-07,DiabetoShield,14,560.97
D0256,T10,2024-07,SugarBlock,11,678.12
D0256,T10,2024-08,GlucoCare,13,603.83
D0256,T10,2024-08,DiabetoShield,0,564.59
D0256,T10,2024-08,SugarBlock,26,707.67
D0256,T10,2024-09,GlucoCare,13,618.77
D0256,T10,2024-09,DiabetoShield,16,574.82
D0256,T10,2024-09,SugarBlock,5,686.21
D0256,T10,2024-10,GlucoCare,18,601.68
D0256,T10,2024-10,DiabetoShield,11,573.58
D0256,T10,2024-10,SugarBlock,11,687.63
D0256,T10,2024-11,GlucoCare,13,614.55
D0256,T10,2024-11,DiabetoShield,18,576.61
D0256,T10,2024-11,SugarBlock,5,687.55
D0256,T10,2024-12,GlucoCare,16,607.8
D0256,T10,2024-12,DiabetoShield,21,555.29
D0256,T10,2024-12,SugarBlock,5,692.56
D0257,T06,2024-01,GlucoCare,11,611.27
D0257,T06,2024-01,DiabetoShield,10,554.84
D0257,T06,2024-01,SugarBlock,7,690.22
D0257,T06,2024-02,GlucoCare,13,607.59
D0257,T06,2024-02,DiabetoShield,9,574.29
D0257,T06,2024-02,SugarBlock,11,675.89
D0257,T06,2024-03,GlucoCare,8,634.59
D0257,T06,2024-03,DiabetoShield,12,552.55
D0257,T06,2024-03,SugarBlock,1,693.38
D0257,T06,2024-04,GlucoCare,13,617.98
D0257,T06,2024-04,DiabetoShield,11,549.04
D0257,T06,2024-04,SugarBlock,5,674.05
D0257,T06,2024-05,GlucoCare,13,617.89
D0257,T06,2024-05,DiabetoShield,1,557.73
D0257,T06,2024-05,SugarBlock,13,670.85
D0257,T06,2024-06,GlucoCare,12,614.8
D0257,T06,2024-06,DiabetoShield,9,544.12
D0257,T06,2024-06,SugarBlock,7,671.82
D0257,T06,2024-07,GlucoCare,8,628.77
D0257,T06,2024-07,DiabetoShield,13,573.7
D0257,T06,2024-07,SugarBlock,0,677.41
D0257,T06,2024-08,GlucoCare,12,618.13
D0257,T06,2024-08,DiabetoShield,17,573.99
D0257,T06,2024-08,SugarBlock,2,682.39
D0257,T06,2024-09,GlucoCare,10,607.77
D0257,T06,2024-09,DiabetoShield,18,566.77
D0257,T06,2024-09,SugarBlock,2,679.38
D0257,T06,2024-10,GlucoCare,10,619.7
D0257,T06,2024-10,DiabetoShield,5,553.39
D0257,T06,2024-10,SugarBlock,12,685.51
D0257,T06,2024-11,GlucoCare,14,609.09
D0257,T06,2024-11,DiabetoShield,12,543.78
D0257,T06,2024-11,SugarBlock,3,685.03
D0257,T06,2024-12,GlucoCare,15,633.8
D0257,T06,2024-12,DiabetoShield,15,566.06
D0257,T06,2024-12,SugarBlock,4,705.71
D0258,T06,2024-01,GlucoCare,20,611.27
D0258,T06,2024-01,DiabetoShield,12,554.84
D0258,T06,2024-01,SugarBlock,15,690.22
D0258,T06,2024-02,GlucoCare,9,607.59
D0258,T06,2024-02,DiabetoShield,4,574.29
D0258,T06,2024-02,SugarBlock,20,675.89
D0258,T06,2024-03,GlucoCare,17,634.59
D0258,T06,2024-03,DiabetoShield,9,552.55
D0258,T06,2024-03,SugarBlock,12,693.38
D0258,T06,2024-04,GlucoCare,15,617.98
D0258,T06,2024-04,DiabetoShield,3,549.04
D0258,T06,2024-04,SugarBlock,22,674.05
D0258,T06,2024-05,GlucoCare,16,617.89
D0258,T06,2024-05,DiabetoShield,19,557.73
D0258,T06,2024-05,SugarBlock,2,670.85
D0258,T06,2024-06,GlucoCare,14,614.8
D0258,T06,2024-06,DiabetoShield,0,544.12
D0258,T06,2024-06,SugarBlock,26,671.82
D0258,T06,2024-07,GlucoCare,17,628.77
D0258,T06,2024-07,DiabetoShield,15,573.7
D0258,T06,2024-07,SugarBlock,10,677.41
D0258,T06,2024-08,GlucoCare,16,618.13
D0258,T06,2024-08,DiabetoShield,17,573.99
D0258,T06,2024-08,SugarBlock,12,682.39
D0258,T06,2024-09,GlucoCare,18,607.77
D0258,T06,2024-09,DiabetoShield,19,566.77
D0258,T06,2024-09,SugarBlock,9,679.38
D0258,T06,2024-10,GlucoCare,21,619.7
D0258,T06,2024-10,DiabetoShield,24,553.39
D0258,T06,2024-10,SugarBlock,2,685.51
D0258,T06,2024-11,GlucoCare,18,609.09
D0258,T06,2024-11,DiabetoShield,20,543.78
D0258,T06,2024-11,SugarBlock,2,685.03
D0258,T06,2024-12,GlucoCare,14,633.8
D0258,T06,2024-12,DiabetoShield,8,566.06
D0258,T06,2024-12,SugarBlock,16,705.71
D0259,T06,2024-01,GlucoCare,21,611.27
D0259,T06,2024-01,DiabetoShield,4,554.84
D0259,T06,2024-01,SugarBlock,17,690.22
D0259,T06,2024-02,GlucoCare,16,607.59
D0259,T06,2024-02,DiabetoShield,12,574.29
D0259,T06,2024-02,SugarBlock,11,675.89
D0259,T06,2024-03,GlucoCare,25,634.59
D0259,T06,2024-03,DiabetoShield,13,552.55
D0259,T06,2024-03,SugarBlock,10,693.38
D0259,T06,2024-04,GlucoCare,20,617.98
D0259,T06,2024-04,DiabetoShield,10,549.04
D0259,T06,2024-04,SugarBlock,12,674.05
D0259,T06,2024-05,GlucoCare,21,617.89
D0259,T06,2024-05,DiabetoShield,11,557.73
D0259,T06,2024-05,SugarBlock,12,670.85
D0259,T06,2024-06,GlucoCare,5,614.8
D0259,T06,2024-06,DiabetoShield,9,544.12
D0259,T06,2024-06,SugarBlock,39,671.82
D0259,T06,2024-07,GlucoCare,4,628.77
D0259,T06,2024-07,DiabetoShield,14,573.7
D0259,T06,2024-07,SugarBlock,19,677.41
D0259,T06,2024-08,GlucoCare,3,618.13
D0259,T06,2024-08,DiabetoShield,33,573.99
D0259,T06,2024-08,SugarBlock,3,682.39
D0259,T06,2024-09,GlucoCare,1,607.77
D0259,T06,2024-09,DiabetoShield,40,566.77
D0259,T06,2024-09,SugarBlock,5,679.38
D0259,T06,2024-10,GlucoCare,5,619.7
D0259,T06,2024-10,DiabetoShield,25,553.39
D0259,T06,2024-10,SugarBlock,16,685.51
D0259,T06,2024-11,GlucoCare,4,609.09
D0259,T06,2024-11,DiabetoShield,21,543.78
D0259,T06,2024-11,SugarBlock,22,685.03
D0259,T06,2024-12,GlucoCare,8,633.8
D0259,T06,2024-12,DiabetoShield,39,566.06
D0259,T06,2024-12,SugarBlock,1,705.71
D0260,T07,2024-01,GlucoCare,9,613.28
D0260,T07,2024-01,DiabetoShield,10,543.71
D0260,T07,2024-01,SugarBlock,13,677.97
D0260,T07,2024-02,GlucoCare,12,612.1
D0260,T07,2024-02,DiabetoShield,3,573.04
D0260,T07,2024-02,SugarBlock,18,707.05
D0260,T07,2024-03,GlucoCare,13,610.51
D0260,T07,2024-03,DiabetoShield,16,551.66
D0260,T07,2024-03,SugarBlock,9,687.12
D0260,T07,2024-04,GlucoCare,14,611.2
D0260,T07,2024-04,DiabetoShield,21,570.85
D0260,T07,2024-04,SugarBlock,2,698.24
D0260,T07,2024-05,GlucoCare,9,636.2
D0260,T07,2024-05,DiabetoShield,17,557.23
D0260,T07,2024-05,SugarBlock,1,710.52
D0260,T07,2024-06,GlucoCare,9,616.5
D0260,T07,2024-06,DiabetoShield,9,551.15
D0260,T07,2024-06,SugarBlock,13,703.48
D0260,T07,2024-07,GlucoCare,9,626.91
D0260,T07,2024-07,DiabetoShield,5,558.06
D0260,T07,2024-07,SugarBlock,13,695.42
D0260,T07,2024-08,GlucoCare,10,603.04
D0260,T07,2024-08,DiabetoShield,8,561.75
D0260,T07,2024-08,SugarBlock,14,670.02
D0260,T07,2024-09,GlucoCare,15,620.92
D0260,T07,2024-09,DiabetoShield,5,571.9
D0260,T07,2024-09,SugarBlock,18,672.66
D0260,T07,2024-10,GlucoCare,7,612.68
D0260,T07,2024-10,DiabetoShield,3,554.25
D0260,T07,2024-10,SugarBlock,16,673.03
D0260,T07,2024-11,GlucoCare,10,621.64
D0260,T07,2024-11,DiabetoShield,2,570.54
D0260,T07,2024-11,SugarBlock,19,694.51
D0260,T07,2024-12,GlucoCare,9,605.15
D0260,T07,2024-12,DiabetoShield,14,551.02
D0260,T07,2024-12,SugarBlock,6,688.97
D0261,T08,2024-01,GlucoCare,6,628.82
D0261,T08,2024-01,DiabetoShield,5,555.74
D0261,T08,2024-01,SugarBlock,7,710.43
D0261,T08,2024-02,GlucoCare,5,619.89
D0261,T08,2024-02,DiabetoShield,7,576.63
D0261,T08,2024-02,SugarBlock,6,702.8
D0261,T08,2024-03,GlucoCare,5,608.44
D0261,T08,2024-03,DiabetoShield,7,573.31
D0261,T08,2024-03,SugarBlock,5,687.25
D0261,T08,2024-04,GlucoCare,7,636.52
D0261,T08,2024-04,DiabetoShield,1,556.39
D0261,T08,2024-04,SugarBlock,13,701.72
D0261,T08,2024-05,GlucoCare,5,628.79
D0261,T08,2024-05,DiabetoShield,6,552.07
D0261,T08,2024-05,SugarBlock,7,672.19
D0261,T08,2024-06,GlucoCare,6,607.82
D0261,T08,2024-06,DiabetoShield,4,556.23
D0261,T08,2024-06,SugarBlock,8,706.85
D0261,T08,2024-07,GlucoCare,4,620.8
D0261,T08,2024-07,DiabetoShield,8,574.08
D0261,T08,2024-07,SugarBlock,4,704.0
D0261,T08,2024-08,GlucoCare,5,635.05
D0261,T08,2024-08,DiabetoShield,3,562.38
D0261,T08,2024-08,SugarBlock,13,695.84
D0261,T08,2024-09,GlucoCare,6,625.84
D0261,T08,2024-09,DiabetoShield,9,575.34
D0261,T08,2024-09,SugarBlock,4,704.58
D0261,T08,2024-10,GlucoCare,5,623.58
D0261,T08,2024-10,DiabetoShield,6,563.96
D0261,T08,2024-10,SugarBlock,8,693.21
D0261,T08,2024-11,GlucoCare,5,626.91
D0261,T08,2024-11,DiabetoShield,0,571.35
D0261,T08,2024-11,SugarBlock,14,670.16
D0261,T08,2024-12,GlucoCare,5,624.64
D0261,T08,2024-12,DiabetoShield,3,566.48
D0261,T08,2024-12,SugarBlock,10,673.75
D0262,T04,2024-01,GlucoCare,20,629.41
D0262,T04,2024-01,DiabetoShield,30,576.26
D0262,T04,2024-01,SugarBlock,7,687.25
D0262,T04,2024-02,GlucoCare,13,603.63
D0262,T04,2024-02,DiabetoShield,21,547.56
D0262,T04,2024-02,SugarBlock,11,700.46
D0262,T04,2024-03,GlucoCare,26,630.21
D0262,T04,2024-03,DiabetoShield,2,562.2
D0262,T04,2024-03,SugarBlock,36,696.25
D0262,T04,2024-04,GlucoCare,27,631.44
D0262,T04,2024-04,DiabetoShield,22,560.95
D0262,T04,2024-04,SugarBlock,17,680.33
D0262,T04,2024-05,GlucoCare,25,625.0
D0262,T04,2024-05,DiabetoShield,20,547.02
D0262,T04,2024-05,SugarBlock,15,698.83
D0262,T04,2024-06,GlucoCare,16,616.83
D0262,T04,2024-06,DiabetoShield,25,446.67
D0262,T04,2024-06,SugarBlock,27,562.6
D0262,T04,2024-07,GlucoCare,11,634.68
D0262,T04,2024-07,DiabetoShield,34,486.11
D0262,T04,2024-07,SugarBlock,15,582.06
D0262,T04,2024-08,GlucoCare,10,610.9
D0262,T04,2024-08,DiabetoShield,29,468.93
D0262,T04,2024-08,SugarBlock,28,538.59
D0262,T04,2024-09,GlucoCare,7,617.06
D0262,T04,2024-09,DiabetoShield,4,458.4
D0262,T04,2024-09,SugarBlock,37,547.24
D0262,T04,2024-10,GlucoCare,14,629.25
D0262,T04,2024-10,DiabetoShield,21,473.5
D0262,T04,2024-10,SugarBlock,30,517.62
D0262,T04,2024-11,GlucoCare,7,635.66
D0262,T04,2024-11,DiabetoShield,43,441.71
D0262,T04,2024-11,SugarBlock,4,572.72
D0262,T04,2024-12,GlucoCare,14,610.98
D0262,T04,2024-12,DiabetoShield,15,452.74
D0262,T04,2024-12,SugarBlock,27,588.28
D0263,T07,2024-01,GlucoCare,16,613.28
D0263,T07,2024-01,DiabetoShield,4,543.71
D0263,T07,2024-01,SugarBlock,25,677.97
D0263,T07,2024-02,GlucoCare,11,612.1
D0263,T07,2024-02,DiabetoShield,19,573.04
D0263,T07,2024-02,SugarBlock,18,707.05
D0263,T07,2024-03,GlucoCare,17,610.51
D0263,T07,2024-03,DiabetoShield,35,551.66
D0263,T07,2024-03,SugarBlock,3,687.12
D0263,T07,2024-04,GlucoCare,14,611.2
D0263,T07,2024-04,DiabetoShield,24,570.85
D0263,T07,2024-04,SugarBlock,8,698.24
D0263,T07,2024-05,GlucoCare,14,636.2
D0263,T07,2024-05,DiabetoShield,33,557.23
D0263,T07,2024-05,SugarBlock,1,710.52
D0263,T07,2024-06,GlucoCare,14,616.5
D0263,T07,2024-06,DiabetoShield,26,551.15
D0263,T07,2024-06,SugarBlock,2,703.48
D0263,T07,2024-07,GlucoCare,12,626.91
D0263,T07,2024-07,DiabetoShield,26,558.06
D0263,T07,2024-07,SugarBlock,4,695.42
D0263,T07,2024-08,GlucoCare,14,603.04
D0263,T07,2024-08,DiabetoShield,21,561.75
D0263,T07,2024-08,SugarBlock,14,670.02
D0263,T07,2024-09,GlucoCare,14,620.92
D0263,T07,2024-09,DiabetoShield,29,571.9
D0263,T07,2024-09,SugarBlock,7,672.66
D0263,T07,2024-10,GlucoCare,14,612.68
D0263,T07,2024-10,DiabetoShield,34,554.25
D0263,T07,2024-10,SugarBlock,3,673.03
D0263,T07,2024-11,GlucoCare,16,621.64
D0263,T07,2024-11,DiabetoShield,24,570.54
D0263,T07,2024-11,SugarBlock,10,694.51
D0263,T07,2024-12,GlucoCare,15,605.15
D0263,T07,2024-12,DiabetoShield,18,551.02
D0263,T07,2024-12,SugarBlock,19,688.97
D0264,T06,2024-01,GlucoCare,6,611.27
D0264,T06,2024-01,DiabetoShield,14,554.84
D0264,T06,2024-01,SugarBlock,3,690.22
D0264,T06,2024-02,GlucoCare,6,607.59
D0264,T06,2024-02,DiabetoShield,0,574.29
D0264,T06,2024-02,SugarBlock,17,675.89
D0264,T06,2024-03,GlucoCare,5,634.59
D0264,T06,2024-03,DiabetoShield,6,552.55
D0264,T06,2024-03,SugarBlock,10,693.38
D0264,T06,2024-04,GlucoCare,8,617.98
D0264,T06,2024-04,DiabetoShield,16,549.04
D0264,T06,2024-04,SugarBlock,3,674.05
D0264,T06,2024-05,GlucoCare,7,617.89
D0264,T06,2024-05,DiabetoShield,3,557.73
D0264,T06,2024-05,SugarBlock,18,670.85
D0264,T06,2024-06,GlucoCare,6,614.8
D0264,T06,2024-06,DiabetoShield,15,544.12
D0264,T06,2024-06,SugarBlock,4,671.82
D0264,T06,2024-07,GlucoCare,5,628.77
D0264,T06,2024-07,DiabetoShield,1,573.7
D0264,T06,2024-07,SugarBlock,15,677.41
D0264,T06,2024-08,GlucoCare,7,618.13
D0264,T06,2024-08,DiabetoShield,11,573.99
D0264,T06,2024-08,SugarBlock,6,682.39
D0264,T06,2024-09,GlucoCare,6,607.77
D0264,T06,2024-09,DiabetoShield,3,566.77
D0264,T06,2024-09,SugarBlock,13,679.38
D0264,T06,2024-10,GlucoCare,7,619.7
D0264,T06,2024-10,DiabetoShield,10,553.39
D0264,T06,2024-10,SugarBlock,10,685.51
D0264,T06,2024-11,GlucoCare,7,609.09
D0264,T06,2024-11,DiabetoShield,5,543.78
D0264,T06,2024-11,SugarBlock,13,685.03
D0264,T06,2024-12,GlucoCare,8,633.8
D0264,T06,2024-12,DiabetoShield,1,566.06
D0264,T06,2024-12,SugarBlock,17,705.71
D0265,T07,2024-01,GlucoCare,13,613.28
D0265,T07,2024-01,DiabetoShield,6,543.71
D0265,T07,2024-01,SugarBlock,11,677.97
D0265,T07,2024-02,GlucoCare,13,612.1
D0265,T07,2024-02,DiabetoShield,5,573.04
D0265,T07,2024-02,SugarBlock,11,707.05
D0265,T07,2024-03,GlucoCare,15,610.51
D0265,T07,2024-03,DiabetoShield,8,551.66
D0265,T07,2024-03,SugarBlock,13,687.12
D0265,T07,2024-04,GlucoCare,14,611.2
D0265,T07,2024-04,DiabetoShield,2,570.85
D0265,T07,2024-04,SugarBlock,16,698.24
D0265,T07,2024-05,GlucoCare,14,636.2
D0265,T07,2024-05,DiabetoShield,10,557.23
D0265,T07,2024-05,SugarBlock,13,710.52
D0265,T07,2024-06,GlucoCare,11,616.5
D0265,T07,2024-06,DiabetoShield,1,551.15
D0265,T07,2024-06,SugarBlock,20,703.48
D0265,T07,2024-07,GlucoCare,15,626.91
D0265,T07,2024-07,DiabetoShield,14,558.06
D0265,T07,2024-07,SugarBlock,8,695.42
D0265,T07,2024-08,GlucoCare,13,603.04
D0265,T07,2024-08,DiabetoShield,0,561.75
D0265,T07,2024-08,SugarBlock,22,670.02
D0265,T07,2024-09,GlucoCare,12,620.92
D0265,T07,2024-09,DiabetoShield,2,571.9
D0265,T07,2024-09,SugarBlock,19,672.66
D0265,T07,2024-10,GlucoCare,15,612.68
D0265,T07,2024-10,DiabetoShield,2,554.25
D0265,T07,2024-10,SugarBlock,19,673.03
D0265,T07,2024-11,GlucoCare,14,621.64
D0265,T07,2024-11,DiabetoShield,19,570.54
D0265,T07,2024-11,SugarBlock,1,694.51
D0265,T07,2024-12,GlucoCare,13,605.15
D0265,T07,2024-12,DiabetoShield,16,551.02
D0265,T07,2024-12,SugarBlock,0,688.97
D0266,T08,2024-01,GlucoCare,24,628.82
D0266,T08,2024-01,DiabetoShield,4,555.74
D0266,T08,2024-01,SugarBlock,25,710.43
D0266,T08,2024-02,GlucoCare,21,619.89
D0266,T08,2024-02,DiabetoShield,4,576.63
D0266,T08,2024-02,SugarBlock,32,702.8
D0266,T08,2024-03,GlucoCare,22,608.44
D0266,T08,2024-03,DiabetoShield,14,573.31
D0266,T08,2024-03,SugarBlock,9,687.25
D0266,T08,2024-04,GlucoCare,20,636.52
D0266,T08,2024-04,DiabetoShield,5,556.39
D0266,T08,2024-04,SugarBlock,27,701.72
D0266,T08,2024-05,GlucoCare,17,628.79
D0266,T08,2024-05,DiabetoShield,4,552.07
D0266,T08,2024-05,SugarBlock,24,672.19
D0266,T08,2024-06,GlucoCare,22,607.82
D0266,T08,2024-06,DiabetoShield,22,556.23
D0266,T08,2024-06,SugarBlock,8,706.85
D0266,T08,2024-07,GlucoCare,21,620.8
D0266,T08,2024-07,DiabetoShield,6,574.08
D0266,T08,2024-07,SugarBlock,19,704.0
D0266,T08,2024-08,GlucoCare,19,635.05
D0266,T08,2024-08,DiabetoShield,22,562.38
D0266,T08,2024-08,SugarBlock,10,695.84
D0266,T08,2024-09,GlucoCare,20,625.84
D0266,T08,2024-09,DiabetoShield,30,575.34
D0266,T08,2024-09,SugarBlock,2,704.58
D0266,T08,2024-10,GlucoCare,23,623.58
D0266,T08,2024-10,DiabetoShield,13,563.96
D0266,T08,2024-10,SugarBlock,17,693.21
D0266,T08,2024-11,GlucoCare,20,626.91
D0266,T08,2024-11,DiabetoShield,6,571.35
D0266,T08,2024-11,SugarBlock,21,670.16
D0266,T08,2024-12,GlucoCare,22,624.64
D0266,T08,2024-12,DiabetoShield,12,566.48
D0266,T08,2024-12,SugarBlock,13,673.75
D0267,T08,2024-01,GlucoCare,14,628.82
D0267,T08,2024-01,DiabetoShield,4,555.74
D0267,T08,2024-01,SugarBlock,12,710.43
D0267,T08,2024-02,GlucoCare,14,619.89
D0267,T08,2024-02,DiabetoShield,13,576.63
D0267,T08,2024-02,SugarBlock,8,702.8
D0267,T08,2024-03,GlucoCare,14,608.44
D0267,T08,2024-03,DiabetoShield,0,573.31
D0267,T08,2024-03,SugarBlock,20,687.25
D0267,T08,2024-04,GlucoCare,16,636.52
D0267,T08,2024-04,DiabetoShield,6,556.39
D0267,T08,2024-04,SugarBlock,13,701.72
D0267,T08,2024-05,GlucoCare,15,628.79
D0267,T08,2024-05,DiabetoShield,10,552.07
D0267,T08,2024-05,SugarBlock,7,672.19
D0267,T08,2024-06,GlucoCare,11,607.82
D0267,T08,2024-06,DiabetoShield,16,556.23
D0267,T08,2024-06,SugarBlock,5,706.85
D0267,T08,2024-07,GlucoCare,10,620.8
D0267,T08,2024-07,DiabetoShield,2,574.08
D0267,T08,2024-07,SugarBlock,14,704.0
D0267,T08,2024-08,GlucoCare,14,635.05
D0267,T08,2024-08,DiabetoShield,13,562.38
D0267,T08,2024-08,SugarBlock,6,695.84
D0267,T08,2024-09,GlucoCare,12,625.84
D0267,T08,2024-09,DiabetoShield,4,575.34
D0267,T08,2024-09,SugarBlock,13,704.58
D0267,T08,2024-10,GlucoCare,9,623.58
D0267,T08,2024-10,DiabetoShield,11,563.96
D0267,T08,2024-10,SugarBlock,3,693.21
D0267,T08,2024-11,GlucoCare,18,626.91
D0267,T08,2024-11,DiabetoShield,12,571.35
D0267,T08,2024-11,SugarBlock,7,670.16
D0267,T08,2024-12,GlucoCare,16,624.64
D0267,T08,2024-12,DiabetoShield,13,566.48
D0267,T08,2024-12,SugarBlock,6,673.75
D0268,T06,2024-01,GlucoCare,17,611.27
D0268,T06,2024-01,DiabetoShield,20,554.84
D0268,T06,2024-01,SugarBlock,6,690.22
D0268,T06,2024-02,GlucoCare,17,607.59
D0268,T06,2024-02,DiabetoShield,24,574.29
D0268,T06,2024-02,SugarBlock,4,675.89
D0268,T06,2024-03,GlucoCare,19,634.59
D0268,T06,2024-03,DiabetoShield,4,552.55
D0268,T06,2024-03,SugarBlock,26,693.38
D0268,T06,2024-04,GlucoCare,18,617.98
D0268,T06,2024-04,DiabetoShield,11,549.04
D0268,T06,2024-04,SugarBlock,17,674.05
D0268,T06,2024-05,GlucoCare,19,617.89
D0268,T06,2024-05,DiabetoShield,20,557.73
D0268,T06,2024-05,SugarBlock,9,670.85
D0268,T06,2024-06,GlucoCare,15,614.8
D0268,T06,2024-06,DiabetoShield,15,544.12
D0268,T06,2024-06,SugarBlock,8,671.82
D0268,T06,2024-07,GlucoCare,15,628.77
D0268,T06,2024-07,DiabetoShield,16,573.7
D0268,T06,2024-07,SugarBlock,7,677.41
D0268,T06,2024-08,GlucoCare,15,618.13
D0268,T06,2024-08,DiabetoShield,2,573.99
D0268,T06,2024-08,SugarBlock,27,682.39
D0268,T06,2024-09,GlucoCare,16,607.77
D0268,T06,2024-09,DiabetoShield,5,566.77
D0268,T06,2024-09,SugarBlock,29,679.38
D0268,T06,2024-10,GlucoCare,22,619.7
D0268,T06,2024-10,DiabetoShield,5,553.39
D0268,T06,2024-10,SugarBlock,24,685.51
D0268,T06,2024-11,GlucoCare,15,609.09
D0268,T06,2024-11,DiabetoShield,4,543.78
D0268,T06,2024-11,SugarBlock,20,685.03
D0268,T06,2024-12,GlucoCare,17,633.8
D0268,T06,2024-12,DiabetoShield,26,566.06
D0268,T06,2024-12,SugarBlock,0,705.71
D0269,T01,2024-01,GlucoCare,27,609.43
D0269,T01,2024-01,DiabetoShield,3,543.32
D0269,T01,2024-01,SugarBlock,31,707.52
D0269,T01,2024-02,GlucoCare,27,626.11
D0269,T01,2024-02,DiabetoShield,16,548.16
D0269,T01,2024-02,SugarBlock,12,676.94
D0269,T01,2024-03,GlucoCare,28,612.0
D0269,T01,2024-03,DiabetoShield,10,549.67
D0269,T01,2024-03,SugarBlock,27,702.79
D0269,T01,2024-04,GlucoCare,24,637.86
D0269,T01,2024-04,DiabetoShield,12,557.53
D0269,T01,2024-04,SugarBlock,20,679.34
D0269,T01,2024-05,GlucoCare,27,612.19
D0269,T01,2024-05,DiabetoShield,8,574.04
D0269,T01,2024-05,SugarBlock,23,697.01
D0269,T01,2024-06,GlucoCare,19,635.52
D0269,T01,2024-06,DiabetoShield,4,568.66
D0269,T01,2024-06,SugarBlock,20,680.21
D0269,T01,2024-07,GlucoCare,26,609.94
D0269,T01,2024-07,DiabetoShield,13,569.85
D0269,T01,2024-07,SugarBlock,24,706.3
D0269,T01,2024-08,GlucoCare,20,604.89
D0269,T01,2024-08,DiabetoShield,28,552.0
D0269,T01,2024-08,SugarBlock,0,682.64
D0269,T01,2024-09,GlucoCare,20,627.39
D0269,T01,2024-09,DiabetoShield,28,550.7
D0269,T01,2024-09,SugarBlock,8,689.19
D0269,T01,2024-10,GlucoCare,32,620.06
D0269,T01,2024-10,DiabetoShield,8,572.64
D0269,T01,2024-10,SugarBlock,26,670.43
D0269,T01,2024-11,GlucoCare,26,619.86
D0269,T01,2024-11,DiabetoShield,17,560.15
D0269,T01,2024-11,SugarBlock,21,685.43
D0269,T01,2024-12,GlucoCare,32,604.65
D0269,T01,2024-12,DiabetoShield,30,556.69
D0269,T01,2024-12,SugarBlock,7,699.1
D0270,T09,2024-01,GlucoCare,14,607.03
D0270,T09,2024-01,DiabetoShield,27,567.47
D0270,T09,2024-01,SugarBlock,11,683.8
D0270,T09,2024-02,GlucoCare,20,629.02
D0270,T09,2024-02,DiabetoShield,4,576.39
D0270,T09,2024-02,SugarBlock,35,699.29
D0270,T09,2024-03,GlucoCare,21,622.06
D0270,T09,2024-03,DiabetoShield,35,546.15
D0270,T09,2024-03,SugarBlock,1,703.58
D0270,T09,2024-04,GlucoCare,18,627.61
D0270,T09,2024-04,DiabetoShield,16,551.04
D0270,T09,2024-04,SugarBlock,29,704.36
D0270,T09,2024-05,GlucoCare,16,631.99
D0270,T09,2024-05,DiabetoShield,34,571.61
D0270,T09,2024-05,SugarBlock,0,685.58
D0270,T09,2024-06,GlucoCare,13,628.81
D0270,T09,2024-06,DiabetoShield,13,563.39
D0270,T09,2024-06,SugarBlock,28,680.47
D0270,T09,2024-07,GlucoCare,18,609.21
D0270,T09,2024-07,DiabetoShield,5,552.52
D0270,T09,2024-07,SugarBlock,24,669.51
D0270,T09,2024-08,GlucoCare,20,604.11
D0270,T09,2024-08,DiabetoShield,41,566.89
D0270,T09,2024-08,SugarBlock,3,707.51
D0270,T09,2024-09,GlucoCare,14,634.85
D0270,T09,2024-09,DiabetoShield,11,571.68
D0270,T09,2024-09,SugarBlock,26,682.64
D0270,T09,2024-10,GlucoCare,19,610.04
D0270,T09,2024-10,DiabetoShield,16,556.93
D0270,T09,2024-10,SugarBlock,23,697.21
D0270,T09,2024-11,GlucoCare,22,634.89
D0270,T09,2024-11,DiabetoShield,28,558.77
D0270,T09,2024-11,SugarBlock,9,706.34
D0270,T09,2024-12,GlucoCare,15,633.56
D0270,T09,2024-12,DiabetoShield,8,556.63
D0270,T09,2024-12,SugarBlock,27,674.56
D0271,T10,2024-01,GlucoCare,12,625.16
D0271,T10,2024-01,DiabetoShield,4,556.67
D0271,T10,2024-01,SugarBlock,16,706.76
D0271,T10,2024-02,GlucoCare,19,620.02
D0271,T10,2024-02,DiabetoShield,2,561.81
D0271,T10,2024-02,SugarBlock,19,694.63
D0271,T10,2024-03,GlucoCare,18,613.18
D0271,T10,2024-03,DiabetoShield,7,550.51
D0271,T10,2024-03,SugarBlock,14,692.26
D0271,T10,2024-04,GlucoCare,12,605.08
D0271,T10,2024-04,DiabetoShield,2,563.35
D0271,T10,2024-04,SugarBlock,18,692.18
D0271,T10,2024-05,GlucoCare,15,635.95
D0271,T10,2024-05,DiabetoShield,13,544.47
D0271,T10,2024-05,SugarBlock,9,679.63
D0271,T10,2024-06,GlucoCare,15,610.47
D0271,T10,2024-06,DiabetoShield,1,574.24
D0271,T10,2024-06,SugarBlock,21,689.61
D0271,T10,2024-07,GlucoCare,18,637.08
D0271,T10,2024-07,DiabetoShield,5,560.97
D0271,T10,2024-07,SugarBlock,15,678.12
D0271,T10,2024-08,GlucoCare,11,603.83
D0271,T10,2024-08,DiabetoShield,9,564.59
D0271,T10,2024-08,SugarBlock,9,707.67
D0271,T10,2024-09,GlucoCare,11,618.77
D0271,T10,2024-09,DiabetoShield,4,574.82
D0271,T10,2024-09,SugarBlock,17,686.21
D0271,T10,2024-10,GlucoCare,10,601.68
D0271,T10,2024-10,DiabetoShield,10,573.58
D0271,T10,2024-10,SugarBlock,9,687.63
D0271,T10,2024-11,GlucoCare,16,614.55
D0271,T10,2024-11,DiabetoShield,13,576.61
D0271,T10,2024-11,SugarBlock,5,687.55
D0271,T10,2024-12,GlucoCare,7,607.8
D0271,T10,2024-12,DiabetoShield,4,555.29
D0271,T10,2024-12,SugarBlock,14,692.56
D0272,T06,2024-01,GlucoCare,14,611.27
D0272,T06,2024-01,DiabetoShield,12,554.84
D0272,T06,2024-01,SugarBlock,2,690.22
D0272,T06,2024-02,GlucoCare,11,607.59
D0272,T06,2024-02,DiabetoShield,13,574.29
D0272,T06,2024-02,SugarBlock,2,675.89
D0272,T06,2024-03,GlucoCare,11,634.59
D0272,T06,2024-03,DiabetoShield,14,552.55
D0272,T06,2024-03,SugarBlock,2,693.38
D0272,T06,2024-04,GlucoCare,13,617.98
D0272,T06,2024-04,DiabetoShield,15,549.04
D0272,T06,2024-04,SugarBlock,4,674.05
D0272,T06,2024-05,GlucoCare,14,617.89
D0272,T06,2024-05,DiabetoShield,14,557.73
D0272,T06,2024-05,SugarBlock,2,670.85
D0272,T06,2024-06,GlucoCare,8,614.8
D0272,T06,2024-06,DiabetoShield,11,544.12
D0272,T06,2024-06,SugarBlock,2,671.82
D0272,T06,2024-07,GlucoCare,10,628.77
D0272,T06,2024-07,DiabetoShield,10,573.7
D0272,T06,2024-07,SugarBlock,5,677.41
D0272,T06,2024-08,GlucoCare,11,618.13
D0272,T06,2024-08,DiabetoShield,16,573.99
D0272,T06,2024-08,SugarBlock,0,682.39
D0272,T06,2024-09,GlucoCare,15,607.77
D0272,T06,2024-09,DiabetoShield,3,566.77
D0272,T06,2024-09,SugarBlock,14,679.38
D0272,T06,2024-10,GlucoCare,10,619.7
D0272,T06,2024-10,DiabetoShield,8,553.39
D0272,T06,2024-10,SugarBlock,6,685.51
D0272,T06,2024-11,GlucoCare,9,609.09
D0272,T06,2024-11,DiabetoShield,9,543.78
D0272,T06,2024-11,SugarBlock,8,685.03
D0272,T06,2024-12,GlucoCare,11,633.8
D0272,T06,2024-12,DiabetoShield,1,566.06
D0272,T06,2024-12,SugarBlock,15,705.71
D0273,T05,2024-01,GlucoCare,12,607.18
D0273,T05,2024-01,DiabetoShield,9,561.75
D0273,T05,2024-01,SugarBlock,8,704.7
D0273,T05,2024-02,GlucoCare,14,607.49
D0273,T05,2024-02,DiabetoShield,20,572.35
D0273,T05,2024-02,SugarBlock,2,705.77
D0273,T05,2024-03,GlucoCare,13,605.55
D0273,T05,2024-03,DiabetoShield,16,571.81
D0273,T05,2024-03,SugarBlock,8,670.26
D0273,T05,2024-04,GlucoCare,14,624.48
D0273,T05,2024-04,DiabetoShield,10,562.53
D0273,T05,2024-04,SugarBlock,9,708.85
D0273,T05,2024-05,GlucoCare,15,623.6
D0273,T05,2024-05,DiabetoShield,15,558.45
D0273,T05,2024-05,SugarBlock,4,677.2
D0273,T05,2024-06,GlucoCare,1,628.15
D0273,T05,2024-06,DiabetoShield,8,464.01
D0273,T05,2024-06,SugarBlock,19,594.89
D0273,T05,2024-07,GlucoCare,1,616.49
D0273,T05,2024-07,DiabetoShield,1,428.81
D0273,T05,2024-07,SugarBlock,34,541.64
D0273,T05,2024-08,GlucoCare,1,636.9
D0273,T05,2024-08,DiabetoShield,0,433.77
D0273,T05,2024-08,SugarBlock,27,567.81
D0273,T05,2024-09,GlucoCare,1,607.16
D0273,T05,2024-09,DiabetoShield,7,438.35
D0273,T05,2024-09,SugarBlock,15,567.38
D0273,T05,2024-10,GlucoCare,1,614.58
D0273,T05,2024-10,DiabetoShield,20,430.86
D0273,T05,2024-10,SugarBlock,2,550.99
D0273,T05,2024-11,GlucoCare,2,614.85
D0273,T05,2024-11,DiabetoShield,12,420.62
D0273,T05,2024-11,SugarBlock,13,554.11
D0273,T05,2024-12,GlucoCare,1,607.68
D0273,T05,2024-12,DiabetoShield,24,466.31
D0273,T05,2024-12,SugarBlock,1,509.23
D0274,T02,2024-01,GlucoCare,20,638.1
D0274,T02,2024-01,DiabetoShield,17,575.44
D0274,T02,2024-01,SugarBlock,22,707.18
D0274,T02,2024-02,GlucoCare,18,634.21
D0274,T02,2024-02,DiabetoShield,4,545.53
D0274,T02,2024-02,SugarBlock,38,706.91
D0274,T02,2024-03,GlucoCare,18,610.52
D0274,T02,2024-03,DiabetoShield,36,571.37
D0274,T02,2024-03,SugarBlock,0,700.1
D0274,T02,2024-04,GlucoCare,11,632.36
D0274,T02,2024-04,DiabetoShield,9,559.53
D0274,T02,2024-04,SugarBlock,27,686.89
D0274,T02,2024-05,GlucoCare,16,623.69
D0274,T02,2024-05,DiabetoShield,7,572.17
D0274,T02,2024-05,SugarBlock,30,696.11
D0274,T02,2024-06,GlucoCare,14,619.23
D0274,T02,2024-06,DiabetoShield,0,549.45
D0274,T02,2024-06,SugarBlock,39,691.97
D0274,T02,2024-07,GlucoCare,14,638.08
D0274,T02,2024-07,DiabetoShield,11,551.25
D0274,T02,2024-07,SugarBlock,26,701.28
D0274,T02,2024-08,GlucoCare,12,631.24
D0274,T02,2024-08,DiabetoShield,26,575.36
D0274,T02,2024-08,SugarBlock,9,702.69
D0274,T02,2024-09,GlucoCare,18,624.81
D0274,T02,2024-09,DiabetoShield,11,559.86
D0274,T02,2024-09,SugarBlock,23,687.28
D0274,T02,2024-10,GlucoCare,15,624.56
D0274,T02,2024-10,DiabetoShield,13,550.84
D0274,T02,2024-10,SugarBlock,21,682.91
D0274,T02,2024-11,GlucoCare,11,634.01
D0274,T02,2024-11,DiabetoShield,37,546.12
D0274,T02,2024-11,SugarBlock,0,707.67
D0274,T02,2024-12,GlucoCare,14,628.23
D0274,T02,2024-12,DiabetoShield,4,544.17
D0274,T02,2024-12,SugarBlock,30,689.81
D0275,T05,2024-01,GlucoCare,22,607.18
D0275,T05,2024-01,DiabetoShield,3,561.75
D0275,T05,2024-01,SugarBlock,22,704.7
D0275,T05,2024-02,GlucoCare,16,607.49
D0275,T05,2024-02,DiabetoShield,13,572.35
D0275,T05,2024-02,SugarBlock,9,705.77
D0275,T05,2024-03,GlucoCare,15,605.55
D0275,T05,2024-03,DiabetoShield,9,571.81
D0275,T05,2024-03,SugarBlock,11,670.26
D0275,T05,2024-04,GlucoCare,18,624.48
D0275,T05,2024-04,DiabetoShield,16,562.53
D0275,T05,2024-04,SugarBlock,10,708.85
D0275,T05,2024-05,GlucoCare,11,623.6
D0275,T05,2024-05,DiabetoShield,9,558.45
D0275,T05,2024-05,SugarBlock,12,677.2
D0275,T05,2024-06,GlucoCare,7,628.15
D0275,T05,2024-06,DiabetoShield,18,464.01
D0275,T05,2024-06,SugarBlock,9,594.89
D0275,T05,2024-07,GlucoCare,6,616.49
D0275,T05,2024-07,DiabetoShield,26,428.81
D0275,T05,2024-07,SugarBlock,4,541.64
D0275,T05,2024-08,GlucoCare,4,636.9
D0275,T05,2024-08,DiabetoShield,17,433.77
D0275,T05,2024-08,SugarBlock,11,567.81
D0275,T05,2024-09,GlucoCare,10,607.16
D0275,T05,2024-09,DiabetoShield,16,438.35
D0275,T05,2024-09,SugarBlock,13,567.38
D0275,T05,2024-10,GlucoCare,5,614.58
D0275,T05,2024-10,DiabetoShield,17,430.86
D0275,T05,2024-10,SugarBlock,16,550.99
D0275,T05,2024-11,GlucoCare,4,614.85
D0275,T05,2024-11,DiabetoShield,9,420.62
D0275,T05,2024-11,SugarBlock,20,554.11
D0275,T05,2024-12,GlucoCare,4,607.68
D0275,T05,2024-12,DiabetoShield,27,466.31
D0275,T05,2024-12,SugarBlock,2,509.23
D0276,T06,2024-01,GlucoCare,25,611.27
D0276,T06,2024-01,DiabetoShield,21,554.84
D0276,T06,2024-01,SugarBlock,23,690.22
D0276,T06,2024-02,GlucoCare,14,607.59
D0276,T06,2024-02,DiabetoShield,8,574.29
D0276,T06,2024-02,SugarBlock,39,675.89
D0276,T06,2024-03,GlucoCare,16,634.59
D0276,T06,2024-03,DiabetoShield,21,552.55
D0276,T06,2024-03,SugarBlock,26,693.38
D0276,T06,2024-04,GlucoCare,16,617.98
D0276,T06,2024-04,DiabetoShield,3,549.04
D0276,T06,2024-04,SugarBlock,43,674.05
D0276,T06,2024-05,GlucoCare,17,617.89
D0276,T06,2024-05,DiabetoShield,15,557.73
D0276,T06,2024-05,SugarBlock,24,670.85
D0276,T06,2024-06,GlucoCare,17,614.8
D0276,T06,2024-06,DiabetoShield,46,544.12
D0276,T06,2024-06,SugarBlock,0,671.82
D0276,T06,2024-07,GlucoCare,26,628.77
D0276,T06,2024-07,DiabetoShield,21,573.7
D0276,T06,2024-07,SugarBlock,27,677.41
D0276,T06,2024-08,GlucoCare,12,618.13
D0276,T06,2024-08,DiabetoShield,21,573.99
D0276,T06,2024-08,SugarBlock,29,682.39
D0276,T06,2024-09,GlucoCare,18,607.77
D0276,T06,2024-09,DiabetoShield,5,566.77
D0276,T06,2024-09,SugarBlock,39,679.38
D0276,T06,2024-10,GlucoCare,25,619.7
D0276,T06,2024-10,DiabetoShield,47,553.39
D0276,T06,2024-10,SugarBlock,2,685.51
D0276,T06,2024-11,GlucoCare,18,609.09
D0276,T06,2024-11,DiabetoShield,20,543.78
D0276,T06,2024-11,SugarBlock,32,685.03
D0276,T06,2024-12,GlucoCare,14,633.8
D0276,T06,2024-12,DiabetoShield,32,566.06
D0276,T06,2024-12,SugarBlock,6,705.71
D0277,T08,2024-01,GlucoCare,33,628.82
D0277,T08,2024-01,DiabetoShield,30,555.74
D0277,T08,2024-01,SugarBlock,16,710.43
D0277,T08,2024-02,GlucoCare,17,619.89
D0277,T08,2024-02,DiabetoShield,26,576.63
D0277,T08,2024-02,SugarBlock,7,702.8
D0277,T08,2024-03,GlucoCare,23,608.44
D0277,T08,2024-03,DiabetoShield,35,573.31
D0277,T08,2024-03,SugarBlock,11,687.25
D0277,T08,2024-04,GlucoCare,26,636.52
D0277,T08,2024-04,DiabetoShield,32,556.39
D0277,T08,2024-04,SugarBlock,11,701.72
D0277,T08,2024-05,GlucoCare,30,628.79
D0277,T08,2024-05,DiabetoShield,6,552.07
D0277,T08,2024-05,SugarBlock,36,672.19
D0277,T08,2024-06,GlucoCare,35,607.82
D0277,T08,2024-06,DiabetoShield,10,556.23
D0277,T08,2024-06,SugarBlock,39,706.85
D0277,T08,2024-07,GlucoCare,20,620.8
D0277,T08,2024-07,DiabetoShield,7,574.08
D0277,T08,2024-07,SugarBlock,28,704.0
D0277,T08,2024-08,GlucoCare,24,635.05
D0277,T08,2024-08,DiabetoShield,1,562.38
D0277,T08,2024-08,SugarBlock,40,695.84
D0277,T08,2024-09,GlucoCare,30,625.84
D0277,T08,2024-09,DiabetoShield,23,575.34
D0277,T08,2024-09,SugarBlock,25,704.58
D0277,T08,2024-10,GlucoCare,23,623.58
D0277,T08,2024-10,DiabetoShield,33,563.96
D0277,T08,2024-10,SugarBlock,1,693.21
D0277,T08,2024-11,GlucoCare,46,626.91
D0277,T08,2024-11,DiabetoShield,14,571.35
D0277,T08,2024-11,SugarBlock,38,670.16
D0277,T08,2024-12,GlucoCare,21,624.64
D0277,T08,2024-12,DiabetoShield,3,566.48
D0277,T08,2024-12,SugarBlock,42,673.75
D0278,T05,2024-01,GlucoCare,27,607.18
D0278,T05,2024-01,DiabetoShield,29,561.75
D0278,T05,2024-01,SugarBlock,4,704.7
D0278,T05,2024-02,GlucoCare,31,607.49
D0278,T05,2024-02,DiabetoShield,7,572.35
D0278,T05,2024-02,SugarBlock,31,705.77
D0278,T05,2024-03,GlucoCare,28,605.55
D0278,T05,2024-03,DiabetoShield,22,571.81
D0278,T05,2024-03,SugarBlock,15,670.26
D0278,T05,2024-04,GlucoCare,23,624.48
D0278,T05,2024-04,DiabetoShield,25,562.53
D0278,T05,2024-04,SugarBlock,12,708.85
D0278,T05,2024-05,GlucoCare,24,623.6
D0278,T05,2024-05,DiabetoShield,24,558.45
D0278,T05,2024-05,SugarBlock,10,677.2
D0278,T05,2024-06,GlucoCare,14,628.15
D0278,T05,2024-06,DiabetoShield,8,464.01
D0278,T05,2024-06,SugarBlock,36,594.89
D0278,T05,2024-07,GlucoCare,7,616.49
D0278,T05,2024-07,DiabetoShield,14,428.81
D0278,T05,2024-07,SugarBlock,31,541.64
D0278,T05,2024-08,GlucoCare,6,636.9
D0278,T05,2024-08,DiabetoShield,0,433.77
D0278,T05,2024-08,SugarBlock,50,567.81
D0278,T05,2024-09,GlucoCare,11,607.16
D0278,T05,2024-09,DiabetoShield,11,438.35
D0278,T05,2024-09,SugarBlock,31,567.38
D0278,T05,2024-10,GlucoCare,7,614.58
D0278,T05,2024-10,DiabetoShield,25,430.86
D0278,T05,2024-10,SugarBlock,32,550.99
D0278,T05,2024-11,GlucoCare,7,614.85
D0278,T05,2024-11,DiabetoShield,44,420.62
D0278,T05,2024-11,SugarBlock,0,554.11
D0278,T05,2024-12,GlucoCare,9,607.68
D0278,T05,2024-12,DiabetoShield,20,466.31
D0278,T05,2024-12,SugarBlock,21,509.23
D0279,T02,2024-01,GlucoCare,17,638.1
D0279,T02,2024-01,DiabetoShield,34,575.44
D0279,T02,2024-01,SugarBlock,4,707.18
D0279,T02,2024-02,GlucoCare,11,634.21
D0279,T02,2024-02,DiabetoShield,17,545.53
D0279,T02,2024-02,SugarBlock,24,706.91
D0279,T02,2024-03,GlucoCare,12,610.52
D0279,T02,2024-03,DiabetoShield,27,571.37
D0279,T02,2024-03,SugarBlock,8,700.1
D0279,T02,2024-04,GlucoCare,16,632.36
D0279,T02,2024-04,DiabetoShield,21,559.53
D0279,T02,2024-04,SugarBlock,12,686.89
D0279,T02,2024-05,GlucoCare,9,623.69
D0279,T02,2024-05,DiabetoShield,13,572.17
D0279,T02,2024-05,SugarBlock,21,696.11
D0279,T02,2024-06,GlucoCare,19,619.23
D0279,T02,2024-06,DiabetoShield,33,549.45
D0279,T02,2024-06,SugarBlock,5,691.97
D0279,T02,2024-07,GlucoCare,12,638.08
D0279,T02,2024-07,DiabetoShield,3,551.25
D0279,T02,2024-07,SugarBlock,28,701.28
D0279,T02,2024-08,GlucoCare,12,631.24
D0279,T02,2024-08,DiabetoShield,4,575.36
D0279,T02,2024-08,SugarBlock,27,702.69
D0279,T02,2024-09,GlucoCare,19,624.81
D0279,T02,2024-09,DiabetoShield,24,559.86
D0279,T02,2024-09,SugarBlock,17,687.28
D0279,T02,2024-10,GlucoCare,5,624.56
D0279,T02,2024-10,DiabetoShield,3,550.84
D0279,T02,2024-10,SugarBlock,26,682.91
D0279,T02,2024-11,GlucoCare,19,634.01
D0279,T02,2024-11,DiabetoShield,14,546.12
D0279,T02,2024-11,SugarBlock,24,707.67
D0279,T02,2024-12,GlucoCare,13,628.23
D0279,T02,2024-12,DiabetoShield,10,544.17
D0279,T02,2024-12,SugarBlock,31,689.81
D0280,T02,2024-01,GlucoCare,10,638.1
D0280,T02,2024-01,DiabetoShield,6,575.44
D0280,T02,2024-01,SugarBlock,6,707.18
D0280,T02,2024-02,GlucoCare,7,634.21
D0280,T02,2024-02,DiabetoShield,8,545.53
D0280,T02,2024-02,SugarBlock,4,706.91
D0280,T02,2024-03,GlucoCare,10,610.52
D0280,T02,2024-03,DiabetoShield,3,571.37
D0280,T02,2024-03,SugarBlock,15,700.1
D0280,T02,2024-04,GlucoCare,9,632.36
D0280,T02,2024-04,DiabetoShield,7,559.53
D0280,T02,2024-04,SugarBlock,6,686.89
D0280,T02,2024-05,GlucoCare,9,623.69
D0280,T02,2024-05,DiabetoShield,1,572.17
D0280,T02,2024-05,SugarBlock,11,696.11
D0280,T02,2024-06,GlucoCare,9,619.23
D0280,T02,2024-06,DiabetoShield,7,549.45
D0280,T02,2024-06,SugarBlock,8,691.97
D0280,T02,2024-07,GlucoCare,8,638.08
D0280,T02,2024-07,DiabetoShield,12,551.25
D0280,T02,2024-07,SugarBlock,3,701.28
D0280,T02,2024-08,GlucoCare,8,631.24
D0280,T02,2024-08,DiabetoShield,1,575.36
D0280,T02,2024-08,SugarBlock,13,702.69
D0280,T02,2024-09,GlucoCare,8,624.81
D0280,T02,2024-09,DiabetoShield,7,559.86
D0280,T02,2024-09,SugarBlock,6,687.28
D0280,T02,2024-10,GlucoCare,12,624.56
D0280,T02,2024-10,DiabetoShield,10,550.84
D0280,T02,2024-10,SugarBlock,4,682.91
D0280,T02,2024-11,GlucoCare,9,634.01
D0280,T02,2024-11,DiabetoShield,5,546.12
D0280,T02,2024-11,SugarBlock,8,707.67
D0280,T02,2024-12,GlucoCare,8,628.23
D0280,T02,2024-12,DiabetoShield,9,544.17
D0280,T02,2024-12,SugarBlock,5,689.81
D0281,T06,2024-01,GlucoCare,33,611.27
D0281,T06,2024-01,DiabetoShield,34,554.84
D0281,T06,2024-01,SugarBlock,3,690.22
D0281,T06,2024-02,GlucoCare,19,607.59
D0281,T06,2024-02,DiabetoShield,1,574.29
D0281,T06,2024-02,SugarBlock,36,675.89
D0281,T06,2024-03,GlucoCare,34,634.59
D0281,T06,2024-03,DiabetoShield,25,552.55
D0281,T06,2024-03,SugarBlock,13,693.38
D0281,T06,2024-04,GlucoCare,29,617.98
D0281,T06,2024-04,DiabetoShield,33,549.04
D0281,T06,2024-04,SugarBlock,13,674.05
D0281,T06,2024-05,GlucoCare,39,617.89
D0281,T06,2024-05,DiabetoShield,29,557.73
D0281,T06,2024-05,SugarBlock,12,670.85
D0281,T06,2024-06,GlucoCare,32,614.8
D0281,T06,2024-06,DiabetoShield,2,544.12
D0281,T06,2024-06,SugarBlock,34,671.82
D0281,T06,2024-07,GlucoCare,36,628.77
D0281,T06,2024-07,DiabetoShield,1,573.7
D0281,T06,2024-07,SugarBlock,42,677.41
D0281,T06,2024-08,GlucoCare,25,618.13
D0281,T06,2024-08,DiabetoShield,27,573.99
D0281,T06,2024-08,SugarBlock,14,682.39
D0281,T06,2024-09,GlucoCare,8,607.77
D0281,T06,2024-09,DiabetoShield,32,566.77
D0281,T06,2024-09,SugarBlock,44,679.38
D0281,T06,2024-10,GlucoCare,2,619.7
D0281,T06,2024-10,DiabetoShield,7,553.39
D0281,T06,2024-10,SugarBlock,49,685.51
D0281,T06,2024-11,GlucoCare,5,609.09
D0281,T06,2024-11,DiabetoShield,11,543.78
D0281,T06,2024-11,SugarBlock,46,685.03
D0281,T06,2024-12,GlucoCare,11,633.8
D0281,T06,2024-12,DiabetoShield,37,566.06
D0281,T06,2024-12,SugarBlock,19,705.71
D0282,T07,2024-01,GlucoCare,11,613.28
D0282,T07,2024-01,DiabetoShield,9,543.71
D0282,T07,2024-01,SugarBlock,22,677.97
D0282,T07,2024-02,GlucoCare,17,612.1
D0282,T07,2024-02,DiabetoShield,21,573.04
D0282,T07,2024-02,SugarBlock,10,707.05
D0282,T07,2024-03,GlucoCare,12,610.51
D0282,T07,2024-03,DiabetoShield,22,551.66
D0282,T07,2024-03,SugarBlock,15,687.12
D0282,T07,2024-04,GlucoCare,13,611.2
D0282,T07,2024-04,DiabetoShield,30,570.85
D0282,T07,2024-04,SugarBlock,2,698.24
D0282,T07,2024-05,GlucoCare,12,636.2
D0282,T07,2024-05,DiabetoShield,10,557.23
D0282,T07,2024-05,SugarBlock,21,710.52
D0282,T07,2024-06,GlucoCare,8,616.5
D0282,T07,2024-06,DiabetoShield,26,551.15
D0282,T07,2024-06,SugarBlock,3,703.48
D0282,T07,2024-07,GlucoCare,12,626.91
D0282,T07,2024-07,DiabetoShield,11,558.06
D0282,T07,2024-07,SugarBlock,28,695.42
D0282,T07,2024-08,GlucoCare,10,603.04
D0282,T07,2024-08,DiabetoShield,1,561.75
D0282,T07,2024-08,SugarBlock,34,670.02
D0282,T07,2024-09,GlucoCare,13,620.92
D0282,T07,2024-09,DiabetoShield,30,571.9
D0282,T07,2024-09,SugarBlock,7,672.66
D0282,T07,2024-10,GlucoCare,10,612.68
D0282,T07,2024-10,DiabetoShield,16,554.25
D0282,T07,2024-10,SugarBlock,12,673.03
D0282,T07,2024-11,GlucoCare,6,621.64
D0282,T07,2024-11,DiabetoShield,15,570.54
D0282,T07,2024-11,SugarBlock,15,694.51
D0282,T07,2024-12,GlucoCare,16,605.15
D0282,T07,2024-12,DiabetoShield,23,551.02
D0282,T07,2024-12,SugarBlock,17,688.97
D0283,T09,2024-01,GlucoCare,9,607.03
D0283,T09,2024-01,DiabetoShield,6,567.47
D0283,T09,2024-01,SugarBlock,11,683.8
D0283,T09,2024-02,GlucoCare,9,629.02
D0283,T09,2024-02,DiabetoShield,7,576.39
D0283,T09,2024-02,SugarBlock,8,699.29
D0283,T09,2024-03,GlucoCare,11,622.06
D0283,T09,2024-03,DiabetoShield,8,546.15
D0283,T09,2024-03,SugarBlock,9,703.58
D0283,T09,2024-04,GlucoCare,8,627.61
D0283,T09,2024-04,DiabetoShield,11,551.04
D0283,T09,2024-04,SugarBlock,4,704.36
D0283,T09,2024-05,GlucoCare,7,631.99
D0283,T09,2024-05,DiabetoShield,9,571.61
D0283,T09,2024-05,SugarBlock,6,685.58
D0283,T09,2024-06,GlucoCare,7,628.81
D0283,T09,2024-06,DiabetoShield,11,563.39
D0283,T09,2024-06,SugarBlock,5,680.47
D0283,T09,2024-07,GlucoCare,7,609.21
D0283,T09,2024-07,DiabetoShield,6,552.52
D0283,T09,2024-07,SugarBlock,9,669.51
D0283,T09,2024-08,GlucoCare,9,604.11
D0283,T09,2024-08,DiabetoShield,12,566.89
D0283,T09,2024-08,SugarBlock,4,707.51
D0283,T09,2024-09,GlucoCare,9,634.85
D0283,T09,2024-09,DiabetoShield,15,571.68
D0283,T09,2024-09,SugarBlock,1,682.64
D0283,T09,2024-10,GlucoCare,9,610.04
D0283,T09,2024-10,DiabetoShield,13,556.93
D0283,T09,2024-10,SugarBlock,4,697.21
D0283,T09,2024-11,GlucoCare,12,634.89
D0283,T09,2024-11,DiabetoShield,12,558.77
D0283,T09,2024-11,SugarBlock,4,706.34
D0283,T09,2024-12,GlucoCare,8,633.56
D0283,T09,2024-12,DiabetoShield,3,556.63
D0283,T09,2024-12,SugarBlock,13,674.56
D0284,T09,2024-01,GlucoCare,15,607.03
D0284,T09,2024-01,DiabetoShield,9,567.47
D0284,T09,2024-01,SugarBlock,8,683.8
D0284,T09,2024-02,GlucoCare,9,629.02
D0284,T09,2024-02,DiabetoShield,0,576.39
D0284,T09,2024-02,SugarBlock,13,699.29
D0284,T09,2024-03,GlucoCare,9,622.06
D0284,T09,2024-03,DiabetoShield,5,546.15
D0284,T09,2024-03,SugarBlock,11,703.58
D0284,T09,2024-04,GlucoCare,11,627.61
D0284,T09,2024-04,DiabetoShield,8,551.04
D0284,T09,2024-04,SugarBlock,7,704.36
D0284,T09,2024-05,GlucoCare,11,631.99
D0284,T09,2024-05,DiabetoShield,3,571.61
D0284,T09,2024-05,SugarBlock,15,685.58
D0284,T09,2024-06,GlucoCare,9,628.81
D0284,T09,2024-06,DiabetoShield,14,563.39
D0284,T09,2024-06,SugarBlock,1,680.47
D0284,T09,2024-07,GlucoCare,8,609.21
D0284,T09,2024-07,DiabetoShield,4,552.52
D0284,T09,2024-07,SugarBlock,9,669.51
D0284,T09,2024-08,GlucoCare,11,604.11
D0284,T09,2024-08,DiabetoShield,9,566.89
D0284,T09,2024-08,SugarBlock,7,707.51
D0284,T09,2024-09,GlucoCare,11,634.85
D0284,T09,2024-09,DiabetoShield,10,571.68
D0284,T09,2024-09,SugarBlock,6,682.64
D0284,T09,2024-10,GlucoCare,11,610.04
D0284,T09,2024-10,DiabetoShield,15,556.93
D0284,T09,2024-10,SugarBlock,3,697.21
D0284,T09,2024-11,GlucoCare,10,634.89
D0284,T09,2024-11,DiabetoShield,11,558.77
D0284,T09,2024-11,SugarBlock,4,706.34
D0284,T09,2024-12,GlucoCare,10,633.56
D0284,T09,2024-12,DiabetoShield,4,556.63
D0284,T09,2024-12,SugarBlock,10,674.56
D0285,T06,2024-01,GlucoCare,8,611.27
D0285,T06,2024-01,DiabetoShield,15,554.84
D0285,T06,2024-01,SugarBlock,1,690.22
D0285,T06,2024-02,GlucoCare,13,607.59
D0285,T06,2024-02,DiabetoShield,9,574.29
D0285,T06,2024-02,SugarBlock,11,675.89
D0285,T06,2024-03,GlucoCare,12,634.59
D0285,T06,2024-03,DiabetoShield,14,552.55
D0285,T06,2024-03,SugarBlock,1,693.38
D0285,T06,2024-04,GlucoCare,15,617.98
D0285,T06,2024-04,DiabetoShield,6,549.04
D0285,T06,2024-04,SugarBlock,9,674.05
D0285,T06,2024-05,GlucoCare,11,617.89
D0285,T06,2024-05,DiabetoShield,4,557.73
D0285,T06,2024-05,SugarBlock,10,670.85
D0285,T06,2024-06,GlucoCare,3,614.8
D0285,T06,2024-06,DiabetoShield,5,544.12
D0285,T06,2024-06,SugarBlock,27,671.82
D0285,T06,2024-07,GlucoCare,6,628.77
D0285,T06,2024-07,DiabetoShield,29,573.7
D0285,T06,2024-07,SugarBlock,0,677.41
D0285,T06,2024-08,GlucoCare,5,618.13
D0285,T06,2024-08,DiabetoShield,3,573.99
D0285,T06,2024-08,SugarBlock,26,682.39
D0285,T06,2024-09,GlucoCare,4,607.77
D0285,T06,2024-09,DiabetoShield,17,566.77
D0285,T06,2024-09,SugarBlock,10,679.38
D0285,T06,2024-10,GlucoCare,3,619.7
D0285,T06,2024-10,DiabetoShield,10,553.39
D0285,T06,2024-10,SugarBlock,18,685.51
D0285,T06,2024-11,GlucoCare,5,609.09
D0285,T06,2024-11,DiabetoShield,12,543.78
D0285,T06,2024-11,SugarBlock,10,685.03
D0285,T06,2024-12,GlucoCare,3,633.8
D0285,T06,2024-12,DiabetoShield,4,566.06
D0285,T06,2024-12,SugarBlock,21,705.71
D0286,T02,2024-01,GlucoCare,11,638.1
D0286,T02,2024-01,DiabetoShield,12,575.44
D0286,T02,2024-01,SugarBlock,16,707.18
D0286,T02,2024-02,GlucoCare,15,634.21
D0286,T02,2024-02,DiabetoShield,15,545.53
D0286,T02,2024-02,SugarBlock,13,706.91
D0286,T02,2024-03,GlucoCare,9,610.52
D0286,T02,2024-03,DiabetoShield,16,571.37
D0286,T02,2024-03,SugarBlock,7,700.1
D0286,T02,2024-04,GlucoCare,8,632.36
D0286,T02,2024-04,DiabetoShield,4,559.53
D0286,T02,2024-04,SugarBlock,22,686.89
D0286,T02,2024-05,GlucoCare,7,623.69
D0286,T02,2024-05,DiabetoShield,13,572.17
D0286,T02,2024-05,SugarBlock,12,696.11
D0286,T02,2024-06,GlucoCare,11,619.23
D0286,T02,2024-06,DiabetoShield,13,549.45
D0286,T02,2024-06,SugarBlock,13,691.97
D0286,T02,2024-07,GlucoCare,14,638.08
D0286,T02,2024-07,DiabetoShield,15,551.25
D0286,T02,2024-07,SugarBlock,16,701.28
D0286,T02,2024-08,GlucoCare,8,631.24
D0286,T02,2024-08,DiabetoShield,8,575.36
D0286,T02,2024-08,SugarBlock,17,702.69
D0286,T02,2024-09,GlucoCare,12,624.81
D0286,T02,2024-09,DiabetoShield,11,559.86
D0286,T02,2024-09,SugarBlock,12,687.28
D0286,T02,2024-10,GlucoCare,9,624.56
D0286,T02,2024-10,DiabetoShield,24,550.84
D0286,T02,2024-10,SugarBlock,4,682.91
D0286,T02,2024-11,GlucoCare,7,634.01
D0286,T02,2024-11,DiabetoShield,1,546.12
D0286,T02,2024-11,SugarBlock,29,707.67
D0286,T02,2024-12,GlucoCare,8,628.23
D0286,T02,2024-12,DiabetoShield,17,544.17
D0286,T02,2024-12,SugarBlock,7,689.81
D0287,T09,2024-01,GlucoCare,7,607.03
D0287,T09,2024-01,DiabetoShield,2,567.47
D0287,T09,2024-01,SugarBlock,8,683.8
D0287,T09,2024-02,GlucoCare,6,629.02
D0287,T09,2024-02,DiabetoShield,9,576.39
D0287,T09,2024-02,SugarBlock,3,699.29
D0287,T09,2024-03,GlucoCare,8,622.06
D0287,T09,2024-03,DiabetoShield,3,546.15
D0287,T09,2024-03,SugarBlock,10,703.58
D0287,T09,2024-04,GlucoCare,6,627.61
D0287,T09,2024-04,DiabetoShield,12,551.04
D0287,T09,2024-04,SugarBlock,1,704.36
D0287,T09,2024-05,GlucoCare,5,631.99
D0287,T09,2024-05,DiabetoShield,5,571.61
D0287,T09,2024-05,SugarBlock,5,685.58
D0287,T09,2024-06,GlucoCare,5,628.81
D0287,T09,2024-06,DiabetoShield,7,563.39
D0287,T09,2024-06,SugarBlock,3,680.47
D0287,T09,2024-07,GlucoCare,7,609.21
D0287,T09,2024-07,DiabetoShield,1,552.52
D0287,T09,2024-07,SugarBlock,10,669.51
D0287,T09,2024-08,GlucoCare,5,604.11
D0287,T09,2024-08,DiabetoShield,6,566.89
D0287,T09,2024-08,SugarBlock,7,707.51
D0287,T09,2024-09,GlucoCare,6,634.85
D0287,T09,2024-09,DiabetoShield,7,571.68
D0287,T09,2024-09,SugarBlock,4,682.64
D0287,T09,2024-10,GlucoCare,7,610.04
D0287,T09,2024-10,DiabetoShield,3,556.93
D0287,T09,2024-10,SugarBlock,10,697.21
D0287,T09,2024-11,GlucoCare,8,634.89
D0287,T09,2024-11,DiabetoShield,2,558.77
D0287,T09,2024-11,SugarBlock,11,706.34
D0287,T09,2024-12,GlucoCare,6,633.56
D0287,T09,2024-12,DiabetoShield,5,556.63
D0287,T09,2024-12,SugarBlock,7,674.56
D0288,T06,2024-01,GlucoCare,13,611.27
D0288,T06,2024-01,DiabetoShield,9,554.84
D0288,T06,2024-01,SugarBlock,18,690.22
D0288,T06,2024-02,GlucoCare,16,607.59
D0288,T06,2024-02,DiabetoShield,1,574.29
D0288,T06,2024-02,SugarBlock,31,675.89
D0288,T06,2024-03,GlucoCare,20,634.59
D0288,T06,2024-03,DiabetoShield,10,552.55
D0288,T06,2024-03,SugarBlock,18,693.38
D0288,T06,2024-04,GlucoCare,18,617.98
D0288,T06,2024-04,DiabetoShield,11,549.04
D0288,T06,2024-04,SugarBlock,21,674.05
D0288,T06,2024-05,GlucoCare,14,617.89
D0288,T06,2024-05,DiabetoShield,21,557.73
D0288,T06,2024-05,SugarBlock,11,670.85
D0288,T06,2024-06,GlucoCare,17,614.8
D0288,T06,2024-06,DiabetoShield,1,544.12
D0288,T06,2024-06,SugarBlock,32,671.82
D0288,T06,2024-07,GlucoCare,13,628.77
D0288,T06,2024-07,DiabetoShield,22,573.7
D0288,T06,2024-07,SugarBlock,8,677.41
D0288,T06,2024-08,GlucoCare,18,618.13
D0288,T06,2024-08,DiabetoShield,27,573.99
D0288,T06,2024-08,SugarBlock,8,682.39
D0288,T06,2024-09,GlucoCare,17,607.77
D0288,T06,2024-09,DiabetoShield,4,566.77
D0288,T06,2024-09,SugarBlock,24,679.38
D0288,T06,2024-10,GlucoCare,20,619.7
D0288,T06,2024-10,DiabetoShield,6,553.39
D0288,T06,2024-10,SugarBlock,28,685.51
D0288,T06,2024-11,GlucoCare,21,609.09
D0288,T06,2024-11,DiabetoShield,11,543.78
D0288,T06,2024-11,SugarBlock,22,685.03
D0288,T06,2024-12,GlucoCare,19,633.8
D0288,T06,2024-12,DiabetoShield,7,566.06
D0288,T06,2024-12,SugarBlock,28,705.71
D0289,T09,2024-01,GlucoCare,19,607.03
D0289,T09,2024-01,DiabetoShield,5,567.47
D0289,T09,2024-01,SugarBlock,15,683.8
D0289,T09,2024-02,GlucoCare,13,629.02
D0289,T09,2024-02,DiabetoShield,5,576.39
D0289,T09,2024-02,SugarBlock,13,699.29
D0289,T09,2024-03,GlucoCare,11,622.06
D0289,T09,2024-03,DiabetoShield,11,546.15
D0289,T09,2024-03,SugarBlock,7,703.58
D0289,T09,2024-04,GlucoCare,11,627.61
D0289,T09,2024-04,DiabetoShield,10,551.04
D0289,T09,2024-04,SugarBlock,11,704.36
D0289,T09,2024-05,GlucoCare,12,631.99
D0289,T09,2024-05,DiabetoShield,13,571.61
D0289,T09,2024-05,SugarBlock,8,685.58
D0289,T09,2024-06,GlucoCare,13,628.81
D0289,T09,2024-06,DiabetoShield,13,563.39
D0289,T09,2024-06,SugarBlock,8,680.47
D0289,T09,2024-07,GlucoCare,17,609.21
D0289,T09,2024-07,DiabetoShield,20,552.52
D0289,T09,2024-07,SugarBlock,4,669.51
D0289,T09,2024-08,GlucoCare,17,604.11
D0289,T09,2024-08,DiabetoShield,24,566.89
D0289,T09,2024-08,SugarBlock,2,707.51
D0289,T09,2024-09,GlucoCare,13,634.85
D0289,T09,2024-09,DiabetoShield,21,571.68
D0289,T09,2024-09,SugarBlock,0,682.64
D0289,T09,2024-10,GlucoCare,14,610.04
D0289,T09,2024-10,DiabetoShield,9,556.93
D0289,T09,2024-10,SugarBlock,12,697.21
D0289,T09,2024-11,GlucoCare,11,634.89
D0289,T09,2024-11,DiabetoShield,5,558.77
D0289,T09,2024-11,SugarBlock,12,706.34
D0289,T09,2024-12,GlucoCare,12,633.56
D0289,T09,2024-12,DiabetoShield,7,556.63
D0289,T09,2024-12,SugarBlock,12,674.56
D0290,T08,2024-01,GlucoCare,21,628.82
D0290,T08,2024-01,DiabetoShield,28,555.74
D0290,T08,2024-01,SugarBlock,3,710.43
D0290,T08,2024-02,GlucoCare,22,619.89
D0290,T08,2024-02,DiabetoShield,24,576.63
D0290,T08,2024-02,SugarBlock,7,702.8
D0290,T08,2024-03,GlucoCare,24,608.44
D0290,T08,2024-03,DiabetoShield,2,573.31
D0290,T08,2024-03,SugarBlock,28,687.25
D0290,T08,2024-04,GlucoCare,21,636.52
D0290,T08,2024-04,DiabetoShield,7,556.39
D0290,T08,2024-04,SugarBlock,17,701.72
D0290,T08,2024-05,GlucoCare,26,628.79
D0290,T08,2024-05,DiabetoShield,25,552.07
D0290,T08,2024-05,SugarBlock,7,672.19
D0290,T08,2024-06,GlucoCare,19,607.82
D0290,T08,2024-06,DiabetoShield,11,556.23
D0290,T08,2024-06,SugarBlock,12,706.85
D0290,T08,2024-07,GlucoCare,23,620.8
D0290,T08,2024-07,DiabetoShield,5,574.08
D0290,T08,2024-07,SugarBlock,23,704.0
D0290,T08,2024-08,GlucoCare,18,635.05
D0290,T08,2024-08,DiabetoShield,16,562.38
D0290,T08,2024-08,SugarBlock,11,695.84
D0290,T08,2024-09,GlucoCare,19,625.84
D0290,T08,2024-09,DiabetoShield,20,575.34
D0290,T08,2024-09,SugarBlock,5,704.58
D0290,T08,2024-10,GlucoCare,26,623.58
D0290,T08,2024-10,DiabetoShield,2,563.96
D0290,T08,2024-10,SugarBlock,28,693.21
D0290,T08,2024-11,GlucoCare,17,626.91
D0290,T08,2024-11,DiabetoShield,3,571.35
D0290,T08,2024-11,SugarBlock,23,670.16
D0290,T08,2024-12,GlucoCare,24,624.64
D0290,T08,2024-12,DiabetoShield,17,566.48
D0290,T08,2024-12,SugarBlock,11,673.75
D0291,T04,2024-01,GlucoCare,7,629.41
D0291,T04,2024-01,DiabetoShield,5,576.26
D0291,T04,2024-01,SugarBlock,8,687.25
D0291,T04,2024-02,GlucoCare,7,603.63
D0291,T04,2024-02,DiabetoShield,9,547.56
D0291,T04,2024-02,SugarBlock,4,700.46
D0291,T04,2024-03,GlucoCare,5,630.21
D0291,T04,2024-03,DiabetoShield,9,562.2
D0291,T04,2024-03,SugarBlock,3,696.25
D0291,T04,2024-04,GlucoCare,10,631.44
D0291,T04,2024-04,DiabetoShield,9,560.95
D0291,T04,2024-04,SugarBlock,5,680.33
D0291,T04,2024-05,GlucoCare,7,625.0
D0291,T04,2024-05,DiabetoShield,4,547.02
D0291,T04,2024-05,SugarBlock,7,698.83
D0291,T04,2024-06,GlucoCare,4,616.83
D0291,T04,2024-06,DiabetoShield,5,446.67
D0291,T04,2024-06,SugarBlock,11,562.6
D0291,T04,2024-07,GlucoCare,2,634.68
D0291,T04,2024-07,DiabetoShield,14,486.11
D0291,T04,2024-07,SugarBlock,1,582.06
D0291,T04,2024-08,GlucoCare,4,610.9
D0291,T04,2024-08,DiabetoShield,3,468.93
D0291,T04,2024-08,SugarBlock,11,538.59
D0291,T04,2024-09,GlucoCare,3,617.06
D0291,T04,2024-09,DiabetoShield,4,458.4
D0291,T04,2024-09,SugarBlock,11,547.24
D0291,T04,2024-10,GlucoCare,6,629.25
D0291,T04,2024-10,DiabetoShield,9,473.5
D0291,T04,2024-10,SugarBlock,7,517.62
D0291,T04,2024-11,GlucoCare,3,635.66
D0291,T04,2024-11,DiabetoShield,5,441.71
D0291,T04,2024-11,SugarBlock,8,572.72
D0291,T04,2024-12,GlucoCare,7,610.98
D0291,T04,2024-12,DiabetoShield,14,452.74
D0291,T04,2024-12,SugarBlock,1,588.28
D0292,T05,2024-01,GlucoCare,26,607.18
D0292,T05,2024-01,DiabetoShield,50,561.75
D0292,T05,2024-01,SugarBlock,26,704.7
D0292,T05,2024-02,GlucoCare,23,607.49
D0292,T05,2024-02,DiabetoShield,63,572.35
D0292,T05,2024-02,SugarBlock,13,705.77
D0292,T05,2024-03,GlucoCare,29,605.55
D0292,T05,2024-03,DiabetoShield,72,571.81
D0292,T05,2024-03,SugarBlock,10,670.26
D0292,T05,2024-04,GlucoCare,25,624.48
D0292,T05,2024-04,DiabetoShield,38,562.53
D0292,T05,2024-04,SugarBlock,42,708.85
D0292,T05,2024-05,GlucoCare,33,623.6
D0292,T05,2024-05,DiabetoShield,63,558.45
D0292,T05,2024-05,SugarBlock,27,677.2
D0292,T05,2024-06,GlucoCare,11,628.15
D0292,T05,2024-06,DiabetoShield,25,464.01
D0292,T05,2024-06,SugarBlock,54,594.89
D0292,T05,2024-07,GlucoCare,1,616.49
D0292,T05,2024-07,DiabetoShield,65,428.81
D0292,T05,2024-07,SugarBlock,17,541.64
D0292,T05,2024-08,GlucoCare,2,636.9
D0292,T05,2024-08,DiabetoShield,44,433.77
D0292,T05,2024-08,SugarBlock,53,567.81
D0292,T05,2024-09,GlucoCare,4,607.16
D0292,T05,2024-09,DiabetoShield,26,438.35
D0292,T05,2024-09,SugarBlock,54,567.38
D0292,T05,2024-10,GlucoCare,2,614.58
D0292,T05,2024-10,DiabetoShield,37,430.86
D0292,T05,2024-10,SugarBlock,59,550.99
D0292,T05,2024-11,GlucoCare,2,614.85
D0292,T05,2024-11,DiabetoShield,80,420.62
D0292,T05,2024-11,SugarBlock,18,554.11
D0292,T05,2024-12,GlucoCare,1,607.68
D0292,T05,2024-12,DiabetoShield,62,466.31
D0292,T05,2024-12,SugarBlock,20,509.23
D0293,T05,2024-01,GlucoCare,27,607.18
D0293,T05,2024-01,DiabetoShield,15,561.75
D0293,T05,2024-01,SugarBlock,15,704.7
D0293,T05,2024-02,GlucoCare,19,607.49
D0293,T05,2024-02,DiabetoShield,13,572.35
D0293,T05,2024-02,SugarBlock,15,705.77
D0293,T05,2024-03,GlucoCare,24,605.55
D0293,T05,2024-03,DiabetoShield,20,571.81
D0293,T05,2024-03,SugarBlock,20,670.26
D0293,T05,2024-04,GlucoCare,25,624.48
D0293,T05,2024-04,DiabetoShield,10,562.53
D0293,T05,2024-04,SugarBlock,25,708.85
D0293,T05,2024-05,GlucoCare,22,623.6
D0293,T05,2024-05,DiabetoShield,9,558.45
D0293,T05,2024-05,SugarBlock,23,677.2
D0293,T05,2024-06,GlucoCare,5,628.15
D0293,T05,2024-06,DiabetoShield,11,464.01
D0293,T05,2024-06,SugarBlock,31,594.89
D0293,T05,2024-07,GlucoCare,5,616.49
D0293,T05,2024-07,DiabetoShield,37,428.81
D0293,T05,2024-07,SugarBlock,8,541.64
D0293,T05,2024-08,GlucoCare,5,636.9
D0293,T05,2024-08,DiabetoShield,10,433.77
D0293,T05,2024-08,SugarBlock,31,567.81
D0293,T05,2024-09,GlucoCare,9,607.16
D0293,T05,2024-09,DiabetoShield,16,438.35
D0293,T05,2024-09,SugarBlock,21,567.38
D0293,T05,2024-10,GlucoCare,9,614.58
D0293,T05,2024-10,DiabetoShield,30,430.86
D0293,T05,2024-10,SugarBlock,8,550.99
D0293,T05,2024-11,GlucoCare,7,614.85
D0293,T05,2024-11,DiabetoShield,37,420.62
D0293,T05,2024-11,SugarBlock,2,554.11
D0293,T05,2024-12,GlucoCare,6,607.68
D0293,T05,2024-12,DiabetoShield,20,466.31
D0293,T05,2024-12,SugarBlock,31,509.23
D0294,T03,2024-01,GlucoCare,15,618.03
D0294,T03,2024-01,DiabetoShield,21,564.57
D0294,T03,2024-01,SugarBlock,4,686.67
D0294,T03,2024-02,GlucoCare,16,637.81
D0294,T03,2024-02,DiabetoShield,10,558.6
D0294,T03,2024-02,SugarBlock,17,670.51
D0294,T03,2024-03,GlucoCare,16,612.18
D0294,T03,2024-03,DiabetoShield,22,552.19
D0294,T03,2024-03,SugarBlock,5,673.73
D0294,T03,2024-04,GlucoCare,14,603.73
D0294,T03,2024-04,DiabetoShield,4,571.56
D0294,T03,2024-04,SugarBlock,20,671.69
D0294,T03,2024-05,GlucoCare,13,604.54
D0294,T03,2024-05,DiabetoShield,21,545.82
D0294,T03,2024-05,SugarBlock,2,696.02
D0294,T03,2024-06,GlucoCare,13,618.48
D0294,T03,2024-06,DiabetoShield,22,556.75
D0294,T03,2024-06,SugarBlock,6,701.21
D0294,T03,2024-07,GlucoCare,18,619.15
D0294,T03,2024-07,DiabetoShield,18,557.5
D0294,T03,2024-07,SugarBlock,6,698.91
D0294,T03,2024-08,GlucoCare,18,613.87
D0294,T03,2024-08,DiabetoShield,27,551.6
D0294,T03,2024-08,SugarBlock,1,705.1
D0294,T03,2024-09,GlucoCare,16,602.28
D0294,T03,2024-09,DiabetoShield,15,564.56
D0294,T03,2024-09,SugarBlock,9,671.21
D0294,T03,2024-10,GlucoCare,15,605.99
D0294,T03,2024-10,DiabetoShield,6,550.99
D0294,T03,2024-10,SugarBlock,14,679.33
D0294,T03,2024-11,GlucoCare,13,623.43
D0294,T03,2024-11,DiabetoShield,3,563.63
D0294,T03,2024-11,SugarBlock,19,708.2
D0294,T03,2024-12,GlucoCare,18,630.46
D0294,T03,2024-12,DiabetoShield,24,543.98
D0294,T03,2024-12,SugarBlock,1,686.2
D0295,T08,2024-01,GlucoCare,12,628.82
D0295,T08,2024-01,DiabetoShield,9,555.74
D0295,T08,2024-01,SugarBlock,7,710.43
D0295,T08,2024-02,GlucoCare,12,619.89
D0295,T08,2024-02,DiabetoShield,4,576.63
D0295,T08,2024-02,SugarBlock,12,702.8
D0295,T08,2024-03,GlucoCare,11,608.44
D0295,T08,2024-03,DiabetoShield,8,573.31
D0295,T08,2024-03,SugarBlock,8,687.25
D0295,T08,2024-04,GlucoCare,10,636.52
D0295,T08,2024-04,DiabetoShield,2,556.39
D0295,T08,2024-04,SugarBlock,11,701.72
D0295,T08,2024-05,GlucoCare,10,628.79
D0295,T08,2024-05,DiabetoShield,3,552.07
D0295,T08,2024-05,SugarBlock,10,672.19
D0295,T08,2024-06,GlucoCare,12,607.82
D0295,T08,2024-06,DiabetoShield,7,556.23
D0295,T08,2024-06,SugarBlock,8,706.85
D0295,T08,2024-07,GlucoCare,12,620.8
D0295,T08,2024-07,DiabetoShield,7,574.08
D0295,T08,2024-07,SugarBlock,7,704.0
D0295,T08,2024-08,GlucoCare,9,635.05
D0295,T08,2024-08,DiabetoShield,7,562.38
D0295,T08,2024-08,SugarBlock,8,695.84
D0295,T08,2024-09,GlucoCare,13,625.84
D0295,T08,2024-09,DiabetoShield,3,575.34
D0295,T08,2024-09,SugarBlock,14,704.58
D0295,T08,2024-10,GlucoCare,10,623.58
D0295,T08,2024-10,DiabetoShield,11,563.96
D0295,T08,2024-10,SugarBlock,2,693.21
D0295,T08,2024-11,GlucoCare,13,626.91
D0295,T08,2024-11,DiabetoShield,2,571.35
D0295,T08,2024-11,SugarBlock,12,670.16
D0295,T08,2024-12,GlucoCare,10,624.64
D0295,T08,2024-12,DiabetoShield,15,566.48
D0295,T08,2024-12,SugarBlock,2,673.75
D0296,T04,2024-01,GlucoCare,15,629.41
D0296,T04,2024-01,DiabetoShield,1,576.26
D0296,T04,2024-01,SugarBlock,30,687.25
D0296,T04,2024-02,GlucoCare,21,603.63
D0296,T04,2024-02,DiabetoShield,6,547.56
D0296,T04,2024-02,SugarBlock,32,700.46
D0296,T04,2024-03,GlucoCare,23,630.21
D0296,T04,2024-03,DiabetoShield,41,562.2
D0296,T04,2024-03,SugarBlock,3,696.25
D0296,T04,2024-04,GlucoCare,18,631.44
D0296,T04,2024-04,DiabetoShield,16,560.95
D0296,T04,2024-04,SugarBlock,22,680.33
D0296,T04,2024-05,GlucoCare,22,625.0
D0296,T04,2024-05,DiabetoShield,22,547.02
D0296,T04,2024-05,SugarBlock,13,698.83
D0296,T04,2024-06,GlucoCare,11,616.83
D0296,T04,2024-06,DiabetoShield,2,446.67
D0296,T04,2024-06,SugarBlock,46,562.6
D0296,T04,2024-07,GlucoCare,9,634.68
D0296,T04,2024-07,DiabetoShield,5,486.11
D0296,T04,2024-07,SugarBlock,40,582.06
D0296,T04,2024-08,GlucoCare,4,610.9
D0296,T04,2024-08,DiabetoShield,35,468.93
D0296,T04,2024-08,SugarBlock,15,538.59
D0296,T04,2024-09,GlucoCare,5,617.06
D0296,T04,2024-09,DiabetoShield,20,458.4
D0296,T04,2024-09,SugarBlock,21,547.24
D0296,T04,2024-10,GlucoCare,6,629.25
D0296,T04,2024-10,DiabetoShield,19,473.5
D0296,T04,2024-10,SugarBlock,25,517.62
D0296,T04,2024-11,GlucoCare,7,635.66
D0296,T04,2024-11,DiabetoShield,29,441.71
D0296,T04,2024-11,SugarBlock,9,572.72
D0296,T04,2024-12,GlucoCare,12,610.98
D0296,T04,2024-12,DiabetoShield,16,452.74
D0296,T04,2024-12,SugarBlock,31,588.28
D0297,T07,2024-01,GlucoCare,15,613.28
D0297,T07,2024-01,DiabetoShield,9,543.71
D0297,T07,2024-01,SugarBlock,10,677.97
D0297,T07,2024-02,GlucoCare,11,612.1
D0297,T07,2024-02,DiabetoShield,10,573.04
D0297,T07,2024-02,SugarBlock,7,707.05
D0297,T07,2024-03,GlucoCare,10,610.51
D0297,T07,2024-03,DiabetoShield,15,551.66
D0297,T07,2024-03,SugarBlock,7,687.12
D0297,T07,2024-04,GlucoCare,17,611.2
D0297,T07,2024-04,DiabetoShield,2,570.85
D0297,T07,2024-04,SugarBlock,21,698.24
D0297,T07,2024-05,GlucoCare,18,636.2
D0297,T07,2024-05,DiabetoShield,3,557.23
D0297,T07,2024-05,SugarBlock,17,710.52
D0297,T07,2024-06,GlucoCare,18,616.5
D0297,T07,2024-06,DiabetoShield,11,551.15
D0297,T07,2024-06,SugarBlock,12,703.48
D0297,T07,2024-07,GlucoCare,17,626.91
D0297,T07,2024-07,DiabetoShield,18,558.06
D0297,T07,2024-07,SugarBlock,5,695.42
D0297,T07,2024-08,GlucoCare,15,603.04
D0297,T07,2024-08,DiabetoShield,20,561.75
D0297,T07,2024-08,SugarBlock,4,670.02
D0297,T07,2024-09,GlucoCare,19,620.92
D0297,T07,2024-09,DiabetoShield,20,571.9
D0297,T07,2024-09,SugarBlock,2,672.66
D0297,T07,2024-10,GlucoCare,17,612.68
D0297,T07,2024-10,DiabetoShield,8,554.25
D0297,T07,2024-10,SugarBlock,12,673.03
D0297,T07,2024-11,GlucoCare,11,621.64
D0297,T07,2024-11,DiabetoShield,13,570.54
D0297,T07,2024-11,SugarBlock,4,694.51
D0297,T07,2024-12,GlucoCare,15,605.15
D0297,T07,2024-12,DiabetoShield,9,551.02
D0297,T07,2024-12,SugarBlock,8,688.97
D0298,T06,2024-01,GlucoCare,9,611.27
D0298,T06,2024-01,DiabetoShield,11,554.84
D0298,T06,2024-01,SugarBlock,6,690.22
D0298,T06,2024-02,GlucoCare,14,607.59
D0298,T06,2024-02,DiabetoShield,20,574.29
D0298,T06,2024-02,SugarBlock,4,675.89
D0298,T06,2024-03,GlucoCare,9,634.59
D0298,T06,2024-03,DiabetoShield,5,552.55
D0298,T06,2024-03,SugarBlock,13,693.38
D0298,T06,2024-04,GlucoCare,9,617.98
D0298,T06,2024-04,DiabetoShield,18,549.04
D0298,T06,2024-04,SugarBlock,0,674.05
D0298,T06,2024-05,GlucoCare,11,617.89
D0298,T06,2024-05,DiabetoShield,11,557.73
D0298,T06,2024-05,SugarBlock,8,670.85
D0298,T06,2024-06,GlucoCare,16,614.8
D0298,T06,2024-06,DiabetoShield,6,544.12
D0298,T06,2024-06,SugarBlock,18,671.82
D0298,T06,2024-07,GlucoCare,10,628.77
D0298,T06,2024-07,DiabetoShield,16,573.7
D0298,T06,2024-07,SugarBlock,0,677.41
D0298,T06,2024-08,GlucoCare,12,618.13
D0298,T06,2024-08,DiabetoShield,5,573.99
D0298,T06,2024-08,SugarBlock,13,682.39
D0298,T06,2024-09,GlucoCare,16,607.77
D0298,T06,2024-09,DiabetoShield,11,566.77
D0298,T06,2024-09,SugarBlock,9,679.38
D0298,T06,2024-10,GlucoCare,10,619.7
D0298,T06,2024-10,DiabetoShield,1,553.39
D0298,T06,2024-10,SugarBlock,16,685.51
D0298,T06,2024-11,GlucoCare,12,609.09
D0298,T06,2024-11,DiabetoShield,4,543.78
D0298,T06,2024-11,SugarBlock,15,685.03
D0298,T06,2024-12,GlucoCare,12,633.8
D0298,T06,2024-12,DiabetoShield,2,566.06
D0298,T06,2024-12,SugarBlock,19,705.71
D0299,T05,2024-01,GlucoCare,13,607.18
D0299,T05,2024-01,DiabetoShield,3,561.75
D0299,T05,2024-01,SugarBlock,13,704.7
D0299,T05,2024-02,GlucoCare,11,607.49
D0299,T05,2024-02,DiabetoShield,4,572.35
D0299,T05,2024-02,SugarBlock,15,705.77
D0299,T05,2024-03,GlucoCare,12,605.55
D0299,T05,2024-03,DiabetoShield,18,571.81
D0299,T05,2024-03,SugarBlock,0,670.26
D0299,T05,2024-04,GlucoCare,12,624.48
D0299,T05,2024-04,DiabetoShield,15,562.53
D0299,T05,2024-04,SugarBlock,1,708.85
D0299,T05,2024-05,GlucoCare,12,623.6
D0299,T05,2024-05,DiabetoShield,1,558.45
D0299,T05,2024-05,SugarBlock,16,677.2
D0299,T05,2024-06,GlucoCare,2,628.15
D0299,T05,2024-06,DiabetoShield,17,464.01
D0299,T05,2024-06,SugarBlock,3,594.89
D0299,T05,2024-07,GlucoCare,5,616.49
D0299,T05,2024-07,DiabetoShield,8,428.81
D0299,T05,2024-07,SugarBlock,11,541.64
D0299,T05,2024-08,GlucoCare,4,636.9
D0299,T05,2024-08,DiabetoShield,16,433.77
D0299,T05,2024-08,SugarBlock,7,567.81
D0299,T05,2024-09,GlucoCare,7,607.16
D0299,T05,2024-09,DiabetoShield,11,438.35
D0299,T05,2024-09,SugarBlock,12,567.38
D0299,T05,2024-10,GlucoCare,5,614.58
D0299,T05,2024-10,DiabetoShield,11,430.86
D0299,T05,2024-10,SugarBlock,13,550.99
D0299,T05,2024-11,GlucoCare,6,614.85
D0299,T05,2024-11,DiabetoShield,0,420.62
D0299,T05,2024-11,SugarBlock,21,554.11
D0299,T05,2024-12,GlucoCare,5,607.68
D0299,T05,2024-12,DiabetoShield,7,466.31
D0299,T05,2024-12,SugarBlock,18,509.23
D0300,T07,2024-01,GlucoCare,8,613.28
D0300,T07,2024-01,DiabetoShield,8,543.71
D0300,T07,2024-01,SugarBlock,10,677.97
D0300,T07,2024-02,GlucoCare,6,612.1
D0300,T07,2024-02,DiabetoShield,7,573.04
D0300,T07,2024-02,SugarBlock,9,707.05
D0300,T07,2024-03,GlucoCare,7,610.51
D0300,T07,2024-03,DiabetoShield,3,551.66
D0300,T07,2024-03,SugarBlock,13,687.12
D0300,T07,2024-04,GlucoCare,6,611.2
D0300,T07,2024-04,DiabetoShield,4,570.85
D0300,T07,2024-04,SugarBlock,11,698.24
D0300,T07,2024-05,GlucoCare,6,636.2
D0300,T07,2024-05,DiabetoShield,3,557.23
D0300,T07,2024-05,SugarBlock,12,710.52
D0300,T07,2024-06,GlucoCare,6,616.5
D0300,T07,2024-06,DiabetoShield,5,551.15
D0300,T07,2024-06,SugarBlock,11,703.48
D0300,T07,2024-07,GlucoCare,9,626.91
D0300,T07,2024-07,DiabetoShield,5,558.06
D0300,T07,2024-07,SugarBlock,14,695.42
D0300,T07,2024-08,GlucoCare,5,603.04
D0300,T07,2024-08,DiabetoShield,3,561.75
D0300,T07,2024-08,SugarBlock,13,670.02
D0300,T07,2024-09,GlucoCare,9,620.92
D0300,T07,2024-09,DiabetoShield,14,571.9
D0300,T07,2024-09,SugarBlock,5,672.66
D0300,T07,2024-10,GlucoCare,8,612.68
D0300,T07,2024-10,DiabetoShield,6,554.25
D0300,T07,2024-10,SugarBlock,12,673.03
D0300,T07,2024-11,GlucoCare,8,621.64
D0300,T07,2024-11,DiabetoShield,12,570.54
D0300,T07,2024-11,SugarBlock,5,694.51
D0300,T07,2024-12,GlucoCare,6,605.15
D0300,T07,2024-12,DiabetoShield,0,551.02
D0300,T07,2024-12,SugarBlock,15,688.97
D0301,T02,2024-01,GlucoCare,12,638.1
D0301,T02,2024-01,DiabetoShield,18,575.44
D0301,T02,2024-01,SugarBlock,2,707.18
D0301,T02,2024-02,GlucoCare,17,634.21
D0301,T02,2024-02,DiabetoShield,1,545.53
D0301,T02,2024-02,SugarBlock,23,706.91
D0301,T02,2024-03,GlucoCare,16,610.52
D0301,T02,2024-03,DiabetoShield,13,571.37
D0301,T02,2024-03,SugarBlock,6,700.1
D0301,T02,2024-04,GlucoCare,18,632.36
D0301,T02,2024-04,DiabetoShield,22,559.53
D0301,T02,2024-04,SugarBlock,1,686.89
D0301,T02,2024-05,GlucoCare,12,623.69
D0301,T02,2024-05,DiabetoShield,1,572.17
D0301,T02,2024-05,SugarBlock,21,696.11
D0301,T02,2024-06,GlucoCare,16,619.23
D0301,T02,2024-06,DiabetoShield,6,549.45
D0301,T02,2024-06,SugarBlock,18,691.97
D0301,T02,2024-07,GlucoCare,16,638.08
D0301,T02,2024-07,DiabetoShield,9,551.25
D0301,T02,2024-07,SugarBlock,15,701.28
D0301,T02,2024-08,GlucoCare,12,631.24
D0301,T02,2024-08,DiabetoShield,1,575.36
D0301,T02,2024-08,SugarBlock,18,702.69
D0301,T02,2024-09,GlucoCare,12,624.81
D0301,T02,2024-09,DiabetoShield,17,559.86
D0301,T02,2024-09,SugarBlock,5,687.28
D0301,T02,2024-10,GlucoCare,16,624.56
D0301,T02,2024-10,DiabetoShield,6,550.84
D0301,T02,2024-10,SugarBlock,14,682.91
D0301,T02,2024-11,GlucoCare,13,634.01
D0301,T02,2024-11,DiabetoShield,19,546.12
D0301,T02,2024-11,SugarBlock,6,707.67
D0301,T02,2024-12,GlucoCare,13,628.23
D0301,T02,2024-12,DiabetoShield,12,544.17
D0301,T02,2024-12,SugarBlock,13,689.81
D0302,T06,2024-01,GlucoCare,14,611.27
D0302,T06,2024-01,DiabetoShield,15,554.84
D0302,T06,2024-01,SugarBlock,11,690.22
D0302,T06,2024-02,GlucoCare,10,607.59
D0302,T06,2024-02,DiabetoShield,8,574.29
D0302,T06,2024-02,SugarBlock,16,675.89
D0302,T06,2024-03,GlucoCare,18,634.59
D0302,T06,2024-03,DiabetoShield,1,552.55
D0302,T06,2024-03,SugarBlock,23,693.38
D0302,T06,2024-04,GlucoCare,13,617.98
D0302,T06,2024-04,DiabetoShield,4,549.04
D0302,T06,2024-04,SugarBlock,17,674.05
D0302,T06,2024-05,GlucoCare,15,617.89
D0302,T06,2024-05,DiabetoShield,1,557.73
D0302,T06,2024-05,SugarBlock,21,670.85
D0302,T06,2024-06,GlucoCare,8,614.8
D0302,T06,2024-06,DiabetoShield,8,544.12
D0302,T06,2024-06,SugarBlock,10,671.82
D0302,T06,2024-07,GlucoCare,14,628.77
D0302,T06,2024-07,DiabetoShield,3,573.7
D0302,T06,2024-07,SugarBlock,18,677.41
D0302,T06,2024-08,GlucoCare,11,618.13
D0302,T06,2024-08,DiabetoShield,6,573.99
D0302,T06,2024-08,SugarBlock,19,682.39
D0302,T06,2024-09,GlucoCare,11,607.77
D0302,T06,2024-09,DiabetoShield,5,566.77
D0302,T06,2024-09,SugarBlock,14,679.38
D0302,T06,2024-10,GlucoCare,15,619.7
D0302,T06,2024-10,DiabetoShield,10,553.39
D0302,T06,2024-10,SugarBlock,13,685.51
D0302,T06,2024-11,GlucoCare,15,609.09
D0302,T06,2024-11,DiabetoShield,12,543.78
D0302,T06,2024-11,SugarBlock,11,685.03
D0302,T06,2024-12,GlucoCare,8,633.8
D0302,T06,2024-12,DiabetoShield,9,566.06
D0302,T06,2024-12,SugarBlock,11,705.71
D0303,T02,2024-01,GlucoCare,15,638.1
D0303,T02,2024-01,DiabetoShield,13,575.44
D0303,T02,2024-01,SugarBlock,4,707.18
D0303,T02,2024-02,GlucoCare,17,634.21
D0303,T02,2024-02,DiabetoShield,4,545.53
D0303,T02,2024-02,SugarBlock,18,706.91
D0303,T02,2024-03,GlucoCare,10,610.52
D0303,T02,2024-03,DiabetoShield,9,571.37
D0303,T02,2024-03,SugarBlock,9,700.1
D0303,T02,2024-04,GlucoCare,14,632.36
D0303,T02,2024-04,DiabetoShield,13,559.53
D0303,T02,2024-04,SugarBlock,4,686.89
D0303,T02,2024-05,GlucoCare,17,623.69
D0303,T02,2024-05,DiabetoShield,7,572.17
D0303,T02,2024-05,SugarBlock,15,696.11
D0303,T02,2024-06,GlucoCare,16,619.23
D0303,T02,2024-06,DiabetoShield,16,549.45
D0303,T02,2024-06,SugarBlock,4,691.97
D0303,T02,2024-07,GlucoCare,10,638.08
D0303,T02,2024-07,DiabetoShield,2,551.25
D0303,T02,2024-07,SugarBlock,16,701.28
D0303,T02,2024-08,GlucoCare,15,631.24
D0303,T02,2024-08,DiabetoShield,9,575.36
D0303,T02,2024-08,SugarBlock,7,702.69
D0303,T02,2024-09,GlucoCare,14,624.81
D0303,T02,2024-09,DiabetoShield,17,559.86
D0303,T02,2024-09,SugarBlock,5,687.28
D0303,T02,2024-10,GlucoCare,18,624.56
D0303,T02,2024-10,DiabetoShield,3,550.84
D0303,T02,2024-10,SugarBlock,17,682.91
D0303,T02,2024-11,GlucoCare,15,634.01
D0303,T02,2024-11,DiabetoShield,15,546.12
D0303,T02,2024-11,SugarBlock,0,707.67
D0303,T02,2024-12,GlucoCare,12,628.23
D0303,T02,2024-12,DiabetoShield,9,544.17
D0303,T02,2024-12,SugarBlock,9,689.81
D0304,T02,2024-01,GlucoCare,11,638.1
D0304,T02,2024-01,DiabetoShield,18,575.44
D0304,T02,2024-01,SugarBlock,1,707.18
D0304,T02,2024-02,GlucoCare,10,634.21
D0304,T02,2024-02,DiabetoShield,13,545.53
D0304,T02,2024-02,SugarBlock,1,706.91
D0304,T02,2024-03,GlucoCare,8,610.52
D0304,T02,2024-03,DiabetoShield,3,571.37
D0304,T02,2024-03,SugarBlock,12,700.1
D0304,T02,2024-04,GlucoCare,8,632.36
D0304,T02,2024-04,DiabetoShield,12,559.53
D0304,T02,2024-04,SugarBlock,1,686.89
D0304,T02,2024-05,GlucoCare,12,623.69
D0304,T02,2024-05,DiabetoShield,1,572.17
D0304,T02,2024-05,SugarBlock,15,696.11
D0304,T02,2024-06,GlucoCare,9,619.23
D0304,T02,2024-06,DiabetoShield,3,549.45
D0304,T02,2024-06,SugarBlock,11,691.97
D0304,T02,2024-07,GlucoCare,11,638.08
D0304,T02,2024-07,DiabetoShield,4,551.25
D0304,T02,2024-07,SugarBlock,13,701.28
D0304,T02,2024-08,GlucoCare,11,631.24
D0304,T02,2024-08,DiabetoShield,16,575.36
D0304,T02,2024-08,SugarBlock,3,702.69
D0304,T02,2024-09,GlucoCare,11,624.81
D0304,T02,2024-09,DiabetoShield,6,559.86
D0304,T02,2024-09,SugarBlock,12,687.28
D0304,T02,2024-10,GlucoCare,13,624.56
D0304,T02,2024-10,DiabetoShield,6,550.84
D0304,T02,2024-10,SugarBlock,9,682.91
D0304,T02,2024-11,GlucoCare,14,634.01
D0304,T02,2024-11,DiabetoShield,12,546.12
D0304,T02,2024-11,SugarBlock,5,707.67
D0304,T02,2024-12,GlucoCare,9,628.23
D0304,T02,2024-12,DiabetoShield,11,544.17
D0304,T02,2024-12,SugarBlock,5,689.81
D0305,T09,2024-01,GlucoCare,31,607.03
D0305,T09,2024-01,DiabetoShield,8,567.47
D0305,T09,2024-01,SugarBlock,23,683.8
D0305,T09,2024-02,GlucoCare,20,629.02
D0305,T09,2024-02,DiabetoShield,29,576.39
D0305,T09,2024-02,SugarBlock,5,699.29
D0305,T09,2024-03,GlucoCare,24,622.06
D0305,T09,2024-03,DiabetoShield,15,546.15
D0305,T09,2024-03,SugarBlock,24,703.58
D0305,T09,2024-04,GlucoCare,21,627.61
D0305,T09,2024-04,DiabetoShield,14,551.04
D0305,T09,2024-04,SugarBlock,21,704.36
D0305,T09,2024-05,GlucoCare,22,631.99
D0305,T09,2024-05,DiabetoShield,12,571.61
D0305,T09,2024-05,SugarBlock,31,685.58
D0305,T09,2024-06,GlucoCare,25,628.81
D0305,T09,2024-06,DiabetoShield,30,563.39
D0305,T09,2024-06,SugarBlock,9,680.47
D0305,T09,2024-07,GlucoCare,30,609.21
D0305,T09,2024-07,DiabetoShield,10,552.52
D0305,T09,2024-07,SugarBlock,27,669.51
D0305,T09,2024-08,GlucoCare,33,604.11
D0305,T09,2024-08,DiabetoShield,20,566.89
D0305,T09,2024-08,SugarBlock,21,707.51
D0305,T09,2024-09,GlucoCare,26,634.85
D0305,T09,2024-09,DiabetoShield,3,571.68
D0305,T09,2024-09,SugarBlock,36,682.64
D0305,T09,2024-10,GlucoCare,23,610.04
D0305,T09,2024-10,DiabetoShield,31,556.93
D0305,T09,2024-10,SugarBlock,5,697.21
D0305,T09,2024-11,GlucoCare,29,634.89
D0305,T09,2024-11,DiabetoShield,35,558.77
D0305,T09,2024-11,SugarBlock,0,706.34
D0305,T09,2024-12,GlucoCare,24,633.56
D0305,T09,2024-12,DiabetoShield,16,556.63
D0305,T09,2024-12,SugarBlock,24,674.56
D0306,T09,2024-01,GlucoCare,17,607.03
D0306,T09,2024-01,DiabetoShield,42,567.47
D0306,T09,2024-01,SugarBlock,10,683.8
D0306,T09,2024-02,GlucoCare,20,629.02
D0306,T09,2024-02,DiabetoShield,20,576.39
D0306,T09,2024-02,SugarBlock,20,699.29
D0306,T09,2024-03,GlucoCare,19,622.06
D0306,T09,2024-03,DiabetoShield,2,546.15
D0306,T09,2024-03,SugarBlock,50,703.58
D0306,T09,2024-04,GlucoCare,9,627.61
D0306,T09,2024-04,DiabetoShield,13,551.04
D0306,T09,2024-04,SugarBlock,24,704.36
D0306,T09,2024-05,GlucoCare,18,631.99
D0306,T09,2024-05,DiabetoShield,13,571.61
D0306,T09,2024-05,SugarBlock,34,685.58
D0306,T09,2024-06,GlucoCare,18,628.81
D0306,T09,2024-06,DiabetoShield,45,563.39
D0306,T09,2024-06,SugarBlock,13,680.47
D0306,T09,2024-07,GlucoCare,23,609.21
D0306,T09,2024-07,DiabetoShield,39,552.52
D0306,T09,2024-07,SugarBlock,16,669.51
D0306,T09,2024-08,GlucoCare,22,604.11
D0306,T09,2024-08,DiabetoShield,51,566.89
D0306,T09,2024-08,SugarBlock,0,707.51
D0306,T09,2024-09,GlucoCare,21,634.85
D0306,T09,2024-09,DiabetoShield,43,571.68
D0306,T09,2024-09,SugarBlock,13,682.64
D0306,T09,2024-10,GlucoCare,21,610.04
D0306,T09,2024-10,DiabetoShield,10,556.93
D0306,T09,2024-10,SugarBlock,41,697.21
D0306,T09,2024-11,GlucoCare,23,634.89
D0306,T09,2024-11,DiabetoShield,44,558.77
D0306,T09,2024-11,SugarBlock,3,706.34
D0306,T09,2024-12,GlucoCare,20,633.56
D0306,T09,2024-12,DiabetoShield,2,556.63
D0306,T09,2024-12,SugarBlock,49,674.56
D0307,T07,2024-01,GlucoCare,13,613.28
D0307,T07,2024-01,DiabetoShield,4,543.71
D0307,T07,2024-01,SugarBlock,15,677.97
D0307,T07,2024-02,GlucoCare,14,612.1
D0307,T07,2024-02,DiabetoShield,11,573.04
D0307,T07,2024-02,SugarBlock,6,707.05
D0307,T07,2024-03,GlucoCare,11,610.51
D0307,T07,2024-03,DiabetoShield,10,551.66
D0307,T07,2024-03,SugarBlock,5,687.12
D0307,T07,2024-04,GlucoCare,10,611.2
D0307,T07,2024-04,DiabetoShield,9,570.85
D0307,T07,2024-04,SugarBlock,5,698.24
D0307,T07,2024-05,GlucoCare,11,636.2
D0307,T07,2024-05,DiabetoShield,11,557.23
D0307,T07,2024-05,SugarBlock,5,710.52
D0307,T07,2024-06,GlucoCare,8,616.5
D0307,T07,2024-06,DiabetoShield,3,551.15
D0307,T07,2024-06,SugarBlock,11,703.48
D0307,T07,2024-07,GlucoCare,15,626.91
D0307,T07,2024-07,DiabetoShield,1,558.06
D0307,T07,2024-07,SugarBlock,16,695.42
D0307,T07,2024-08,GlucoCare,7,603.04
D0307,T07,2024-08,DiabetoShield,6,561.75
D0307,T07,2024-08,SugarBlock,6,670.02
D0307,T07,2024-09,GlucoCare,13,620.92
D0307,T07,2024-09,DiabetoShield,3,571.9
D0307,T07,2024-09,SugarBlock,15,672.66
D0307,T07,2024-10,GlucoCare,16,612.68
D0307,T07,2024-10,DiabetoShield,16,554.25
D0307,T07,2024-10,SugarBlock,4,673.03
D0307,T07,2024-11,GlucoCare,10,621.64
D0307,T07,2024-11,DiabetoShield,8,570.54
D0307,T07,2024-11,SugarBlock,7,694.51
D0307,T07,2024-12,GlucoCare,10,605.15
D0307,T07,2024-12,DiabetoShield,8,551.02
D0307,T07,2024-12,SugarBlock,11,688.97
D0308,T10,2024-01,GlucoCare,17,625.16
D0308,T10,2024-01,DiabetoShield,10,556.67
D0308,T10,2024-01,SugarBlock,32,706.76
D0308,T10,2024-02,GlucoCare,18,620.02
D0308,T10,2024-02,DiabetoShield,15,561.81
D0308,T10,2024-02,SugarBlock,23,694.63
D0308,T10,2024-03,GlucoCare,18,613.18
D0308,T10,2024-03,DiabetoShield,27,550.51
D0308,T10,2024-03,SugarBlock,13,692.26
D0308,T10,2024-04,GlucoCare,19,605.08
D0308,T10,2024-04,DiabetoShield,30,563.35
D0308,T10,2024-04,SugarBlock,16,692.18
D0308,T10,2024-05,GlucoCare,24,635.95
D0308,T10,2024-05,DiabetoShield,45,544.47
D0308,T10,2024-05,SugarBlock,2,679.63
D0308,T10,2024-06,GlucoCare,13,610.47
D0308,T10,2024-06,DiabetoShield,5,574.24
D0308,T10,2024-06,SugarBlock,37,689.61
D0308,T10,2024-07,GlucoCare,19,637.08
D0308,T10,2024-07,DiabetoShield,4,560.97
D0308,T10,2024-07,SugarBlock,42,678.12
D0308,T10,2024-08,GlucoCare,18,603.83
D0308,T10,2024-08,DiabetoShield,21,564.59
D0308,T10,2024-08,SugarBlock,24,707.67
D0308,T10,2024-09,GlucoCare,13,618.77
D0308,T10,2024-09,DiabetoShield,11,574.82
D0308,T10,2024-09,SugarBlock,32,686.21
D0308,T10,2024-10,GlucoCare,15,601.68
D0308,T10,2024-10,DiabetoShield,17,573.58
D0308,T10,2024-10,SugarBlock,19,687.63
D0308,T10,2024-11,GlucoCare,18,614.55
D0308,T10,2024-11,DiabetoShield,6,576.61
D0308,T10,2024-11,SugarBlock,32,687.55
D0308,T10,2024-12,GlucoCare,23,607.8
D0308,T10,2024-12,DiabetoShield,7,555.29
D0308,T10,2024-12,SugarBlock,36,692.56
D0309,T07,2024-01,GlucoCare,10,613.28
D0309,T07,2024-01,DiabetoShield,10,543.71
D0309,T07,2024-01,SugarBlock,20,677.97
D0309,T07,2024-02,GlucoCare,10,612.1
D0309,T07,2024-02,DiabetoShield,2,573.04
D0309,T07,2024-02,SugarBlock,22,707.05
D0309,T07,2024-03,GlucoCare,12,610.51
D0309,T07,2024-03,DiabetoShield,9,551.66
D0309,T07,2024-03,SugarBlock,18,687.12
D0309,T07,2024-04,GlucoCare,10,611.2
D0309,T07,2024-04,DiabetoShield,1,570.85
D0309,T07,2024-04,SugarBlock,21,698.24
D0309,T07,2024-05,GlucoCare,12,636.2
D0309,T07,2024-05,DiabetoShield,22,557.23
D0309,T07,2024-05,SugarBlock,5,710.52
D0309,T07,2024-06,GlucoCare,12,616.5
D0309,T07,2024-06,DiabetoShield,10,551.15
D0309,T07,2024-06,SugarBlock,15,703.48
D0309,T07,2024-07,GlucoCare,11,626.91
D0309,T07,2024-07,DiabetoShield,14,558.06
D0309,T07,2024-07,SugarBlock,9,695.42
D0309,T07,2024-08,GlucoCare,12,603.04
D0309,T07,2024-08,DiabetoShield,21,561.75
D0309,T07,2024-08,SugarBlock,6,670.02
D0309,T07,2024-09,GlucoCare,13,620.92
D0309,T07,2024-09,DiabetoShield,20,571.9
D0309,T07,2024-09,SugarBlock,2,672.66
D0309,T07,2024-10,GlucoCare,10,612.68
D0309,T07,2024-10,DiabetoShield,10,554.25
D0309,T07,2024-10,SugarBlock,17,673.03
D0309,T07,2024-11,GlucoCare,15,621.64
D0309,T07,2024-11,DiabetoShield,15,570.54
D0309,T07,2024-11,SugarBlock,7,694.51
D0309,T07,2024-12,GlucoCare,12,605.15
D0309,T07,2024-12,DiabetoShield,12,551.02
D0309,T07,2024-12,SugarBlock,18,688.97
D0310,T02,2024-01,GlucoCare,24,638.1
D0310,T02,2024-01,DiabetoShield,10,575.44
D0310,T02,2024-01,SugarBlock,16,707.18
D0310,T02,2024-02,GlucoCare,18,634.21
D0310,T02,2024-02,DiabetoShield,2,545.53
D0310,T02,2024-02,SugarBlock,21,706.91
D0310,T02,2024-03,GlucoCare,16,610.52
D0310,T02,2024-03,DiabetoShield,8,571.37
D0310,T02,2024-03,SugarBlock,17,700.1
D0310,T02,2024-04,GlucoCare,18,632.36
D0310,T02,2024-04,DiabetoShield,12,559.53
D0310,T02,2024-04,SugarBlock,6,686.89
D0310,T02,2024-05,GlucoCare,18,623.69
D0310,T02,2024-05,DiabetoShield,22,572.17
D0310,T02,2024-05,SugarBlock,4,696.11
D0310,T02,2024-06,GlucoCare,14,619.23
D0310,T02,2024-06,DiabetoShield,13,549.45
D0310,T02,2024-06,SugarBlock,8,691.97
D0310,T02,2024-07,GlucoCare,18,638.08
D0310,T02,2024-07,DiabetoShield,6,551.25
D0310,T02,2024-07,SugarBlock,21,701.28
D0310,T02,2024-08,GlucoCare,13,631.24
D0310,T02,2024-08,DiabetoShield,7,575.36
D0310,T02,2024-08,SugarBlock,14,702.69
D0310,T02,2024-09,GlucoCare,16,624.81
D0310,T02,2024-09,DiabetoShield,0,559.86
D0310,T02,2024-09,SugarBlock,26,687.28
D0310,T02,2024-10,GlucoCare,17,624.56
D0310,T02,2024-10,DiabetoShield,6,550.84
D0310,T02,2024-10,SugarBlock,18,682.91
D0310,T02,2024-11,GlucoCare,16,634.01
D0310,T02,2024-11,DiabetoShield,18,546.12
D0310,T02,2024-11,SugarBlock,6,707.67
D0310,T02,2024-12,GlucoCare,16,628.23
D0310,T02,2024-12,DiabetoShield,21,544.17
D0310,T02,2024-12,SugarBlock,3,689.81
D0311,T04,2024-01,GlucoCare,37,629.41
D0311,T04,2024-01,DiabetoShield,6,576.26
D0311,T04,2024-01,SugarBlock,44,687.25
D0311,T04,2024-02,GlucoCare,27,603.63
D0311,T04,2024-02,DiabetoShield,33,547.56
D0311,T04,2024-02,SugarBlock,9,700.46
D0311,T04,2024-03,GlucoCare,33,630.21
D0311,T04,2024-03,DiabetoShield,40,562.2
D0311,T04,2024-03,SugarBlock,1,696.25
D0311,T04,2024-04,GlucoCare,23,631.44
D0311,T04,2024-04,DiabetoShield,5,560.95
D0311,T04,2024-04,SugarBlock,32,680.33
D0311,T04,2024-05,GlucoCare,29,625.0
D0311,T04,2024-05,DiabetoShield,34,547.02
D0311,T04,2024-05,SugarBlock,11,698.83
D0311,T04,2024-06,GlucoCare,16,616.83
D0311,T04,2024-06,DiabetoShield,31,446.67
D0311,T04,2024-06,SugarBlock,28,562.6
D0311,T04,2024-07,GlucoCare,13,634.68
D0311,T04,2024-07,DiabetoShield,27,486.11
D0311,T04,2024-07,SugarBlock,21,582.06
D0311,T04,2024-08,GlucoCare,16,610.9
D0311,T04,2024-08,DiabetoShield,52,468.93
D0311,T04,2024-08,SugarBlock,0,538.59
D0311,T04,2024-09,GlucoCare,8,617.06
D0311,T04,2024-09,DiabetoShield,36,458.4
D0311,T04,2024-09,SugarBlock,12,547.24
D0311,T04,2024-10,GlucoCare,18,629.25
D0311,T04,2024-10,DiabetoShield,24,473.5
D0311,T04,2024-10,SugarBlock,31,517.62
D0311,T04,2024-11,GlucoCare,10,635.66
D0311,T04,2024-11,DiabetoShield,20,441.71
D0311,T04,2024-11,SugarBlock,32,572.72
D0311,T04,2024-12,GlucoCare,11,610.98
D0311,T04,2024-12,DiabetoShield,32,452.74
D0311,T04,2024-12,SugarBlock,24,588.28
D0312,T03,2024-01,GlucoCare,19,618.03
D0312,T03,2024-01,DiabetoShield,25,564.57
D0312,T03,2024-01,SugarBlock,42,686.67
D0312,T03,2024-02,GlucoCare,20,637.81
D0312,T03,2024-02,DiabetoShield,43,558.6
D0312,T03,2024-02,SugarBlock,11,670.51
D0312,T03,2024-03,GlucoCare,21,612.18
D0312,T03,2024-03,DiabetoShield,31,552.19
D0312,T03,2024-03,SugarBlock,35,673.73
D0312,T03,2024-04,GlucoCare,18,603.73
D0312,T03,2024-04,DiabetoShield,45,571.56
D0312,T03,2024-04,SugarBlock,12,671.69
D0312,T03,2024-05,GlucoCare,15,604.54
D0312,T03,2024-05,DiabetoShield,7,545.82
D0312,T03,2024-05,SugarBlock,51,696.02
D0312,T03,2024-06,GlucoCare,16,618.48
D0312,T03,2024-06,DiabetoShield,34,556.75
D0312,T03,2024-06,SugarBlock,18,701.21
D0312,T03,2024-07,GlucoCare,23,619.15
D0312,T03,2024-07,DiabetoShield,16,557.5
D0312,T03,2024-07,SugarBlock,41,698.91
D0312,T03,2024-08,GlucoCare,27,613.87
D0312,T03,2024-08,DiabetoShield,52,551.6
D0312,T03,2024-08,SugarBlock,16,705.1
D0312,T03,2024-09,GlucoCare,21,602.28
D0312,T03,2024-09,DiabetoShield,27,564.56
D0312,T03,2024-09,SugarBlock,28,671.21
D0312,T03,2024-10,GlucoCare,19,605.99
D0312,T03,2024-10,DiabetoShield,9,550.99
D0312,T03,2024-10,SugarBlock,47,679.33
D0312,T03,2024-11,GlucoCare,23,623.43
D0312,T03,2024-11,DiabetoShield,35,563.63
D0312,T03,2024-11,SugarBlock,27,708.2
D0312,T03,2024-12,GlucoCare,22,630.46
D0312,T03,2024-12,DiabetoShield,7,543.98
D0312,T03,2024-12,SugarBlock,50,686.2
D0313,T08,2024-01,GlucoCare,18,628.82
D0313,T08,2024-01,DiabetoShield,11,555.74
D0313,T08,2024-01,SugarBlock,8,710.43
D0313,T08,2024-02,GlucoCare,16,619.89
D0313,T08,2024-02,DiabetoShield,9,576.63
D0313,T08,2024-02,SugarBlock,11,702.8
D0313,T08,2024-03,GlucoCare,10,608.44
D0313,T08,2024-03,DiabetoShield,14,573.31
D0313,T08,2024-03,SugarBlock,4,687.25
D0313,T08,2024-04,GlucoCare,18,636.52
D0313,T08,2024-04,DiabetoShield,0,556.39
D0313,T08,2024-04,SugarBlock,21,701.72
D0313,T08,2024-05,GlucoCare,14,628.79
D0313,T08,2024-05,DiabetoShield,13,552.07
D0313,T08,2024-05,SugarBlock,4,672.19
D0313,T08,2024-06,GlucoCare,13,607.82
D0313,T08,2024-06,DiabetoShield,2,556.23
D0313,T08,2024-06,SugarBlock,16,706.85
D0313,T08,2024-07,GlucoCare,13,620.8
D0313,T08,2024-07,DiabetoShield,6,574.08
D0313,T08,2024-07,SugarBlock,12,704.0
D0313,T08,2024-08,GlucoCare,14,635.05
D0313,T08,2024-08,DiabetoShield,15,562.38
D0313,T08,2024-08,SugarBlock,4,695.84
D0313,T08,2024-09,GlucoCare,17,625.84
D0313,T08,2024-09,DiabetoShield,8,575.34
D0313,T08,2024-09,SugarBlock,11,704.58
D0313,T08,2024-10,GlucoCare,17,623.58
D0313,T08,2024-10,DiabetoShield,6,563.96
D0313,T08,2024-10,SugarBlock,15,693.21
D0313,T08,2024-11,GlucoCare,17,626.91
D0313,T08,2024-11,DiabetoShield,0,571.35
D0313,T08,2024-11,SugarBlock,20,670.16
D0313,T08,2024-12,GlucoCare,13,624.64
D0313,T08,2024-12,DiabetoShield,3,566.48
D0313,T08,2024-12,SugarBlock,13,673.75
D0314,T02,2024-01,GlucoCare,29,638.1
D0314,T02,2024-01,DiabetoShield,17,575.44
D0314,T02,2024-01,SugarBlock,15,707.18
D0314,T02,2024-02,GlucoCare,21,634.21
D0314,T02,2024-02,DiabetoShield,18,545.53
D0314,T02,2024-02,SugarBlock,13,706.91
D0314,T02,2024-03,GlucoCare,22,610.52
D0314,T02,2024-03,DiabetoShield,4,571.37
D0314,T02,2024-03,SugarBlock,22,700.1
D0314,T02,2024-04,GlucoCare,23,632.36
D0314,T02,2024-04,DiabetoShield,9,559.53
D0314,T02,2024-04,SugarBlock,22,686.89
D0314,T02,2024-05,GlucoCare,17,623.69
D0314,T02,2024-05,DiabetoShield,1,572.17
D0314,T02,2024-05,SugarBlock,24,696.11
D0314,T02,2024-06,GlucoCare,25,619.23
D0314,T02,2024-06,DiabetoShield,5,549.45
D0314,T02,2024-06,SugarBlock,27,691.97
D0314,T02,2024-07,GlucoCare,15,638.08
D0314,T02,2024-07,DiabetoShield,26,551.25
D0314,T02,2024-07,SugarBlock,0,701.28
D0314,T02,2024-08,GlucoCare,18,631.24
D0314,T02,2024-08,DiabetoShield,10,575.36
D0314,T02,2024-08,SugarBlock,19,702.69
D0314,T02,2024-09,GlucoCare,22,624.81
D0314,T02,2024-09,DiabetoShield,20,559.86
D0314,T02,2024-09,SugarBlock,9,687.28
D0314,T02,2024-10,GlucoCare,22,624.56
D0314,T02,2024-10,DiabetoShield,23,550.84
D0314,T02,2024-10,SugarBlock,6,682.91
D0314,T02,2024-11,GlucoCare,21,634.01
D0314,T02,2024-11,DiabetoShield,8,546.12
D0314,T02,2024-11,SugarBlock,24,707.67
D0314,T02,2024-12,GlucoCare,20,628.23
D0314,T02,2024-12,DiabetoShield,22,544.17
D0314,T02,2024-12,SugarBlock,11,689.81
D0315,T07,2024-01,GlucoCare,15,613.28
D0315,T07,2024-01,DiabetoShield,2,543.71
D0315,T07,2024-01,SugarBlock,17,677.97
D0315,T07,2024-02,GlucoCare,9,612.1
D0315,T07,2024-02,DiabetoShield,7,573.04
D0315,T07,2024-02,SugarBlock,9,707.05
D0315,T07,2024-03,GlucoCare,13,610.51
D0315,T07,2024-03,DiabetoShield,10,551.66
D0315,T07,2024-03,SugarBlock,9,687.12
D0315,T07,2024-04,GlucoCare,14,611.2
D0315,T07,2024-04,DiabetoShield,18,570.85
D0315,T07,2024-04,SugarBlock,3,698.24
D0315,T07,2024-05,GlucoCare,12,636.2
D0315,T07,2024-05,DiabetoShield,5,557.23
D0315,T07,2024-05,SugarBlock,12,710.52
D0315,T07,2024-06,GlucoCare,14,616.5
D0315,T07,2024-06,DiabetoShield,2,551.15
D0315,T07,2024-06,SugarBlock,15,703.48
D0315,T07,2024-07,GlucoCare,13,626.91
D0315,T07,2024-07,DiabetoShield,9,558.06
D0315,T07,2024-07,SugarBlock,10,695.42
D0315,T07,2024-08,GlucoCare,13,603.04
D0315,T07,2024-08,DiabetoShield,0,561.75
D0315,T07,2024-08,SugarBlock,17,670.02
D0315,T07,2024-09,GlucoCare,13,620.92
D0315,T07,2024-09,DiabetoShield,8,571.9
D0315,T07,2024-09,SugarBlock,8,672.66
D0315,T07,2024-10,GlucoCare,13,612.68
D0315,T07,2024-10,DiabetoShield,2,554.25
D0315,T07,2024-10,SugarBlock,13,673.03
D0315,T07,2024-11,GlucoCare,12,621.64
D0315,T07,2024-11,DiabetoShield,17,570.54
D0315,T07,2024-11,SugarBlock,1,694.51
D0315,T07,2024-12,GlucoCare,13,605.15
D0315,T07,2024-12,DiabetoShield,13,551.02
D0315,T07,2024-12,SugarBlock,5,688.97
D0316,T09,2024-01,GlucoCare,10,607.03
D0316,T09,2024-01,DiabetoShield,7,567.47
D0316,T09,2024-01,SugarBlock,3,683.8
D0316,T09,2024-02,GlucoCare,7,629.02
D0316,T09,2024-02,DiabetoShield,3,576.39
D0316,T09,2024-02,SugarBlock,9,699.29
D0316,T09,2024-03,GlucoCare,9,622.06
D0316,T09,2024-03,DiabetoShield,5,546.15
D0316,T09,2024-03,SugarBlock,9,703.58
D0316,T09,2024-04,GlucoCare,8,627.61
D0316,T09,2024-04,DiabetoShield,6,551.04
D0316,T09,2024-04,SugarBlock,7,704.36
D0316,T09,2024-05,GlucoCare,8,631.99
D0316,T09,2024-05,DiabetoShield,7,571.61
D0316,T09,2024-05,SugarBlock,6,685.58
D0316,T09,2024-06,GlucoCare,8,628.81
D0316,T09,2024-06,DiabetoShield,10,563.39
D0316,T09,2024-06,SugarBlock,4,680.47
D0316,T09,2024-07,GlucoCare,8,609.21
D0316,T09,2024-07,DiabetoShield,2,552.52
D0316,T09,2024-07,SugarBlock,11,669.51
D0316,T09,2024-08,GlucoCare,10,604.11
D0316,T09,2024-08,DiabetoShield,5,566.89
D0316,T09,2024-08,SugarBlock,7,707.51
D0316,T09,2024-09,GlucoCare,7,634.85
D0316,T09,2024-09,DiabetoShield,9,571.68
D0316,T09,2024-09,SugarBlock,3,682.64
D0316,T09,2024-10,GlucoCare,8,610.04
D0316,T09,2024-10,DiabetoShield,1,556.93
D0316,T09,2024-10,SugarBlock,10,697.21
D0316,T09,2024-11,GlucoCare,11,634.89
D0316,T09,2024-11,DiabetoShield,1,558.77
D0316,T09,2024-11,SugarBlock,11,706.34
D0316,T09,2024-12,GlucoCare,7,633.56
D0316,T09,2024-12,DiabetoShield,4,556.63
D0316,T09,2024-12,SugarBlock,6,674.56
D0317,T02,2024-01,GlucoCare,29,638.1
D0317,T02,2024-01,DiabetoShield,14,575.44
D0317,T02,2024-01,SugarBlock,19,707.18
D0317,T02,2024-02,GlucoCare,27,634.21
D0317,T02,2024-02,DiabetoShield,15,545.53
D0317,T02,2024-02,SugarBlock,20,706.91
D0317,T02,2024-03,GlucoCare,19,610.52
D0317,T02,2024-03,DiabetoShield,10,571.37
D0317,T02,2024-03,SugarBlock,32,700.1
D0317,T02,2024-04,GlucoCare,23,632.36
D0317,T02,2024-04,DiabetoShield,10,559.53
D0317,T02,2024-04,SugarBlock,20,686.89
D0317,T02,2024-05,GlucoCare,18,623.69
D0317,T02,2024-05,DiabetoShield,27,572.17
D0317,T02,2024-05,SugarBlock,2,696.11
D0317,T02,2024-06,GlucoCare,27,619.23
D0317,T02,2024-06,DiabetoShield,10,549.45
D0317,T02,2024-06,SugarBlock,28,691.97
D0317,T02,2024-07,GlucoCare,20,638.08
D0317,T02,2024-07,DiabetoShield,26,551.25
D0317,T02,2024-07,SugarBlock,8,701.28
D0317,T02,2024-08,GlucoCare,21,631.24
D0317,T02,2024-08,DiabetoShield,36,575.36
D0317,T02,2024-08,SugarBlock,3,702.69
D0317,T02,2024-09,GlucoCare,26,624.81
D0317,T02,2024-09,DiabetoShield,10,559.86
D0317,T02,2024-09,SugarBlock,26,687.28
D0317,T02,2024-10,GlucoCare,22,624.56
D0317,T02,2024-10,DiabetoShield,18,550.84
D0317,T02,2024-10,SugarBlock,13,682.91
D0317,T02,2024-11,GlucoCare,18,634.01
D0317,T02,2024-11,DiabetoShield,23,546.12
D0317,T02,2024-11,SugarBlock,8,707.67
D0317,T02,2024-12,GlucoCare,23,628.23
D0317,T02,2024-12,DiabetoShield,22,544.17
D0317,T02,2024-12,SugarBlock,20,689.81
D0318,T10,2024-01,GlucoCare,16,625.16
D0318,T10,2024-01,DiabetoShield,11,556.67
D0318,T10,2024-01,SugarBlock,17,706.76
D0318,T10,2024-02,GlucoCare,20,620.02
D0318,T10,2024-02,DiabetoShield,15,561.81
D0318,T10,2024-02,SugarBlock,15,694.63
D0318,T10,2024-03,GlucoCare,22,613.18
D0318,T10,2024-03,DiabetoShield,5,550.51
D0318,T10,2024-03,SugarBlock,20,692.26
D0318,T10,2024-04,GlucoCare,19,605.08
D0318,T10,2024-04,DiabetoShield,15,563.35
D0318,T10,2024-04,SugarBlock,13,692.18
D0318,T10,2024-05,GlucoCare,16,635.95
D0318,T10,2024-05,DiabetoShield,20,544.47
D0318,T10,2024-05,SugarBlock,5,679.63
D0318,T10,2024-06,GlucoCare,26,610.47
D0318,T10,2024-06,DiabetoShield,20,574.24
D0318,T10,2024-06,SugarBlock,5,689.61
D0318,T10,2024-07,GlucoCare,21,637.08
D0318,T10,2024-07,DiabetoShield,4,560.97
D0318,T10,2024-07,SugarBlock,23,678.12
D0318,T10,2024-08,GlucoCare,18,603.83
D0318,T10,2024-08,DiabetoShield,1,564.59
D0318,T10,2024-08,SugarBlock,27,707.67
D0318,T10,2024-09,GlucoCare,18,618.77
D0318,T10,2024-09,DiabetoShield,2,574.82
D0318,T10,2024-09,SugarBlock,20,686.21
D0318,T10,2024-10,GlucoCare,17,601.68
D0318,T10,2024-10,DiabetoShield,1,573.58
D0318,T10,2024-10,SugarBlock,27,687.63
D0318,T10,2024-11,GlucoCare,20,614.55
D0318,T10,2024-11,DiabetoShield,26,576.61
D0318,T10,2024-11,SugarBlock,1,687.55
D0318,T10,2024-12,GlucoCare,17,607.8
D0318,T10,2024-12,DiabetoShield,17,555.29
D0318,T10,2024-12,SugarBlock,6,692.56
D0319,T08,2024-01,GlucoCare,18,628.82
D0319,T08,2024-01,DiabetoShield,29,555.74
D0319,T08,2024-01,SugarBlock,3,710.43
D0319,T08,2024-02,GlucoCare,25,619.89
D0319,T08,2024-02,DiabetoShield,4,576.63
D0319,T08,2024-02,SugarBlock,25,702.8
D0319,T08,2024-03,GlucoCare,19,608.44
D0319,T08,2024-03,DiabetoShield,11,573.31
D0319,T08,2024-03,SugarBlock,19,687.25
D0319,T08,2024-04,GlucoCare,18,636.52
D0319,T08,2024-04,DiabetoShield,13,556.39
D0319,T08,2024-04,SugarBlock,18,701.72
D0319,T08,2024-05,GlucoCare,22,628.79
D0319,T08,2024-05,DiabetoShield,31,552.07
D0319,T08,2024-05,SugarBlock,1,672.19
D0319,T08,2024-06,GlucoCare,17,607.82
D0319,T08,2024-06,DiabetoShield,14,556.23
D0319,T08,2024-06,SugarBlock,14,706.85
D0319,T08,2024-07,GlucoCare,16,620.8
D0319,T08,2024-07,DiabetoShield,11,574.08
D0319,T08,2024-07,SugarBlock,15,704.0
D0319,T08,2024-08,GlucoCare,21,635.05
D0319,T08,2024-08,DiabetoShield,2,562.38
D0319,T08,2024-08,SugarBlock,33,695.84
D0319,T08,2024-09,GlucoCare,21,625.84
D0319,T08,2024-09,DiabetoShield,24,575.34
D0319,T08,2024-09,SugarBlock,2,704.58
D0319,T08,2024-10,GlucoCare,22,623.58
D0319,T08,2024-10,DiabetoShield,19,563.96
D0319,T08,2024-10,SugarBlock,8,693.21
D0319,T08,2024-11,GlucoCare,15,626.91
D0319,T08,2024-11,DiabetoShield,22,571.35
D0319,T08,2024-11,SugarBlock,10,670.16
D0319,T08,2024-12,GlucoCare,23,624.64
D0319,T08,2024-12,DiabetoShield,13,566.48
D0319,T08,2024-12,SugarBlock,18,673.75
D0320,T01,2024-01,GlucoCare,38,609.43
D0320,T01,2024-01,DiabetoShield,50,543.32
D0320,T01,2024-01,SugarBlock,5,707.52
D0320,T01,2024-02,GlucoCare,31,626.11
D0320,T01,2024-02,DiabetoShield,10,548.16
D0320,T01,2024-02,SugarBlock,37,676.94
D0320,T01,2024-03,GlucoCare,36,612.0
D0320,T01,2024-03,DiabetoShield,11,549.67
D0320,T01,2024-03,SugarBlock,39,702.79
D0320,T01,2024-04,GlucoCare,28,637.86
D0320,T01,2024-04,DiabetoShield,7,557.53
D0320,T01,2024-04,SugarBlock,48,679.34
D0320,T01,2024-05,GlucoCare,26,612.19
D0320,T01,2024-05,DiabetoShield,37,574.04
D0320,T01,2024-05,SugarBlock,13,697.01
D0320,T01,2024-06,GlucoCare,46,635.52
D0320,T01,2024-06,DiabetoShield,36,568.66
D0320,T01,2024-06,SugarBlock,14,680.21
D0320,T01,2024-07,GlucoCare,31,609.94
D0320,T01,2024-07,DiabetoShield,30,569.85
D0320,T01,2024-07,SugarBlock,24,706.3
D0320,T01,2024-08,GlucoCare,40,604.89
D0320,T01,2024-08,DiabetoShield,43,552.0
D0320,T01,2024-08,SugarBlock,4,682.64
D0320,T01,2024-09,GlucoCare,33,627.39
D0320,T01,2024-09,DiabetoShield,4,550.7
D0320,T01,2024-09,SugarBlock,37,689.19
D0320,T01,2024-10,GlucoCare,35,620.06
D0320,T01,2024-10,DiabetoShield,20,572.64
D0320,T01,2024-10,SugarBlock,32,670.43
D0320,T01,2024-11,GlucoCare,42,619.86
D0320,T01,2024-11,DiabetoShield,35,560.15
D0320,T01,2024-11,SugarBlock,12,685.43
D0320,T01,2024-12,GlucoCare,33,604.65
D0320,T01,2024-12,DiabetoShield,45,556.69
D0320,T01,2024-12,SugarBlock,6,699.1
D0321,T06,2024-01,GlucoCare,14,611.27
D0321,T06,2024-01,DiabetoShield,19,554.84
D0321,T06,2024-01,SugarBlock,0,690.22
D0321,T06,2024-02,GlucoCare,13,607.59
D0321,T06,2024-02,DiabetoShield,10,574.29
D0321,T06,2024-02,SugarBlock,14,675.89
D0321,T06,2024-03,GlucoCare,17,634.59
D0321,T06,2024-03,DiabetoShield,11,552.55
D0321,T06,2024-03,SugarBlock,9,693.38
D0321,T06,2024-04,GlucoCare,11,617.98
D0321,T06,2024-04,DiabetoShield,9,549.04
D0321,T06,2024-04,SugarBlock,11,674.05
D0321,T06,2024-05,GlucoCare,12,617.89
D0321,T06,2024-05,DiabetoShield,3,557.73
D0321,T06,2024-05,SugarBlock,19,670.85
D0321,T06,2024-06,GlucoCare,14,614.8
D0321,T06,2024-06,DiabetoShield,5,544.12
D0321,T06,2024-06,SugarBlock,16,671.82
D0321,T06,2024-07,GlucoCare,11,628.77
D0321,T06,2024-07,DiabetoShield,4,573.7
D0321,T06,2024-07,SugarBlock,17,677.41
D0321,T06,2024-08,GlucoCare,14,618.13
D0321,T06,2024-08,DiabetoShield,12,573.99
D0321,T06,2024-08,SugarBlock,10,682.39
D0321,T06,2024-09,GlucoCare,12,607.77
D0321,T06,2024-09,DiabetoShield,16,566.77
D0321,T06,2024-09,SugarBlock,3,679.38
D0321,T06,2024-10,GlucoCare,14,619.7
D0321,T06,2024-10,DiabetoShield,2,553.39
D0321,T06,2024-10,SugarBlock,19,685.51
D0321,T06,2024-11,GlucoCare,12,609.09
D0321,T06,2024-11,DiabetoShield,5,543.78
D0321,T06,2024-11,SugarBlock,12,685.03
D0321,T06,2024-12,GlucoCare,13,633.8
D0321,T06,2024-12,DiabetoShield,20,566.06
D0321,T06,2024-12,SugarBlock,1,705.71
D0322,T04,2024-01,GlucoCare,12,629.41
D0322,T04,2024-01,DiabetoShield,27,576.26
D0322,T04,2024-01,SugarBlock,2,687.25
D0322,T04,2024-02,GlucoCare,9,603.63
D0322,T04,2024-02,DiabetoShield,19,547.56
D0322,T04,2024-02,SugarBlock,3,700.46
D0322,T04,2024-03,GlucoCare,14,630.21
D0322,T04,2024-03,DiabetoShield,3,562.2
D0322,T04,2024-03,SugarBlock,21,696.25
D0322,T04,2024-04,GlucoCare,15,631.44
D0322,T04,2024-04,DiabetoShield,22,560.95
D0322,T04,2024-04,SugarBlock,1,680.33
D0322,T04,2024-05,GlucoCare,14,625.0
D0322,T04,2024-05,DiabetoShield,22,547.02
D0322,T04,2024-05,SugarBlock,4,698.83
D0322,T04,2024-06,GlucoCare,8,616.83
D0322,T04,2024-06,DiabetoShield,29,446.67
D0322,T04,2024-06,SugarBlock,3,562.6
D0322,T04,2024-07,GlucoCare,6,634.68
D0322,T04,2024-07,DiabetoShield,33,486.11
D0322,T04,2024-07,SugarBlock,0,582.06
D0322,T04,2024-08,GlucoCare,4,610.9
D0322,T04,2024-08,DiabetoShield,19,468.93
D0322,T04,2024-08,SugarBlock,12,538.59
D0322,T04,2024-09,GlucoCare,4,617.06
D0322,T04,2024-09,DiabetoShield,14,458.4
D0322,T04,2024-09,SugarBlock,17,547.24
D0322,T04,2024-10,GlucoCare,3,629.25
D0322,T04,2024-10,DiabetoShield,9,473.5
D0322,T04,2024-10,SugarBlock,21,517.62
D0322,T04,2024-11,GlucoCare,6,635.66
D0322,T04,2024-11,DiabetoShield,22,441.71
D0322,T04,2024-11,SugarBlock,11,572.72
D0322,T04,2024-12,GlucoCare,6,610.98
D0322,T04,2024-12,DiabetoShield,28,452.74
D0322,T04,2024-12,SugarBlock,4,588.28
D0323,T07,2024-01,GlucoCare,8,613.28
D0323,T07,2024-01,DiabetoShield,6,543.71
D0323,T07,2024-01,SugarBlock,22,677.97
D0323,T07,2024-02,GlucoCare,6,612.1
D0323,T07,2024-02,DiabetoShield,10,573.04
D0323,T07,2024-02,SugarBlock,16,707.05
D0323,T07,2024-03,GlucoCare,6,610.51
D0323,T07,2024-03,DiabetoShield,24,551.66
D0323,T07,2024-03,SugarBlock,1,687.12
D0323,T07,2024-04,GlucoCare,4,611.2
D0323,T07,2024-04,DiabetoShield,20,570.85
D0323,T07,2024-04,SugarBlock,4,698.24
D0323,T07,2024-05,GlucoCare,7,636.2
D0323,T07,2024-05,DiabetoShield,4,557.23
D0323,T07,2024-05,SugarBlock,21,710.52
D0323,T07,2024-06,GlucoCare,4,616.5
D0323,T07,2024-06,DiabetoShield,3,551.15
D0323,T07,2024-06,SugarBlock,24,703.48
D0323,T07,2024-07,GlucoCare,10,626.91
D0323,T07,2024-07,DiabetoShield,23,558.06
D0323,T07,2024-07,SugarBlock,0,695.42
D0323,T07,2024-08,GlucoCare,9,603.04
D0323,T07,2024-08,DiabetoShield,16,561.75
D0323,T07,2024-08,SugarBlock,15,670.02
D0323,T07,2024-09,GlucoCare,6,620.92
D0323,T07,2024-09,DiabetoShield,2,571.9
D0323,T07,2024-09,SugarBlock,20,672.66
D0323,T07,2024-10,GlucoCare,11,612.68
D0323,T07,2024-10,DiabetoShield,24,554.25
D0323,T07,2024-10,SugarBlock,0,673.03
D0323,T07,2024-11,GlucoCare,6,621.64
D0323,T07,2024-11,DiabetoShield,11,570.54
D0323,T07,2024-11,SugarBlock,12,694.51
D0323,T07,2024-12,GlucoCare,7,605.15
D0323,T07,2024-12,DiabetoShield,10,551.02
D0323,T07,2024-12,SugarBlock,13,688.97
D0324,T02,2024-01,GlucoCare,5,638.1
D0324,T02,2024-01,DiabetoShield,4,575.44
D0324,T02,2024-01,SugarBlock,7,707.18
D0324,T02,2024-02,GlucoCare,4,634.21
D0324,T02,2024-02,DiabetoShield,5,545.53
D0324,T02,2024-02,SugarBlock,9,706.91
D0324,T02,2024-03,GlucoCare,5,610.52
D0324,T02,2024-03,DiabetoShield,6,571.37
D0324,T02,2024-03,SugarBlock,5,700.1
D0324,T02,2024-04,GlucoCare,5,632.36
D0324,T02,2024-04,DiabetoShield,1,559.53
D0324,T02,2024-04,SugarBlock,10,686.89
D0324,T02,2024-05,GlucoCare,4,623.69
D0324,T02,2024-05,DiabetoShield,13,572.17
D0324,T02,2024-05,SugarBlock,1,696.11
D0324,T02,2024-06,GlucoCare,5,619.23
D0324,T02,2024-06,DiabetoShield,0,549.45
D0324,T02,2024-06,SugarBlock,13,691.97
D0324,T02,2024-07,GlucoCare,5,638.08
D0324,T02,2024-07,DiabetoShield,9,551.25
D0324,T02,2024-07,SugarBlock,3,701.28
D0324,T02,2024-08,GlucoCare,7,631.24
D0324,T02,2024-08,DiabetoShield,8,575.36
D0324,T02,2024-08,SugarBlock,5,702.69
D0324,T02,2024-09,GlucoCare,4,624.81
D0324,T02,2024-09,DiabetoShield,9,559.86
D0324,T02,2024-09,SugarBlock,5,687.28
D0324,T02,2024-10,GlucoCare,4,624.56
D0324,T02,2024-10,DiabetoShield,10,550.84
D0324,T02,2024-10,SugarBlock,2,682.91
D0324,T02,2024-11,GlucoCare,5,634.01
D0324,T02,2024-11,DiabetoShield,8,546.12
D0324,T02,2024-11,SugarBlock,5,707.67
D0324,T02,2024-12,GlucoCare,3,628.23
D0324,T02,2024-12,DiabetoShield,5,544.17
D0324,T02,2024-12,SugarBlock,7,689.81
D0325,T05,2024-01,GlucoCare,12,607.18
D0325,T05,2024-01,DiabetoShield,3,561.75
D0325,T05,2024-01,SugarBlock,16,704.7
D0325,T05,2024-02,GlucoCare,19,607.49
D0325,T05,2024-02,DiabetoShield,2,572.35
D0325,T05,2024-02,SugarBlock,19,705.77
D0325,T05,2024-03,GlucoCare,14,605.55
D0325,T05,2024-03,DiabetoShield,4,571.81
D0325,T05,2024-03,SugarBlock,15,670.26
D0325,T05,2024-04,GlucoCare,8,624.48
D0325,T05,2024-04,DiabetoShield,10,562.53
D0325,T05,2024-04,SugarBlock,7,708.85
D0325,T05,2024-05,GlucoCare,12,623.6
D0325,T05,2024-05,DiabetoShield,12,558.45
D0325,T05,2024-05,SugarBlock,5,677.2
D0325,T05,2024-06,GlucoCare,5,628.15
D0325,T05,2024-06,DiabetoShield,5,464.01
D0325,T05,2024-06,SugarBlock,19,594.89
D0325,T05,2024-07,GlucoCare,6,616.49
D0325,T05,2024-07,DiabetoShield,16,428.81
D0325,T05,2024-07,SugarBlock,9,541.64
D0325,T05,2024-08,GlucoCare,4,636.9
D0325,T05,2024-08,DiabetoShield,3,433.77
D0325,T05,2024-08,SugarBlock,23,567.81
D0325,T05,2024-09,GlucoCare,7,607.16
D0325,T05,2024-09,DiabetoShield,11,438.35
D0325,T05,2024-09,SugarBlock,13,567.38
D0325,T05,2024-10,GlucoCare,3,614.58
D0325,T05,2024-10,DiabetoShield,20,430.86
D0325,T05,2024-10,SugarBlock,3,550.99
D0325,T05,2024-11,GlucoCare,5,614.85
D0325,T05,2024-11,DiabetoShield,2,420.62
D0325,T05,2024-11,SugarBlock,29,554.11
D0325,T05,2024-12,GlucoCare,7,607.68
D0325,T05,2024-12,DiabetoShield,16,466.31
D0325,T05,2024-12,SugarBlock,11,509.23
D0326,T05,2024-01,GlucoCare,9,607.18
D0326,T05,2024-01,DiabetoShield,5,561.75
D0326,T05,2024-01,SugarBlock,7,704.7
D0326,T05,2024-02,GlucoCare,9,607.49
D0326,T05,2024-02,DiabetoShield,9,572.35
D0326,T05,2024-02,SugarBlock,5,705.77
D0326,T05,2024-03,GlucoCare,6,605.55
D0326,T05,2024-03,DiabetoShield,1,571.81
D0326,T05,2024-03,SugarBlock,9,670.26
D0326,T05,2024-04,GlucoCare,8,624.48
D0326,T05,2024-04,DiabetoShield,4,562.53
D0326,T05,2024-04,SugarBlock,7,708.85
D0326,T05,2024-05,GlucoCare,9,623.6
D0326,T05,2024-05,DiabetoShield,8,558.45
D0326,T05,2024-05,SugarBlock,3,677.2
D0326,T05,2024-06,GlucoCare,5,628.15
D0326,T05,2024-06,DiabetoShield,0,464.01
D0326,T05,2024-06,SugarBlock,15,594.89
D0326,T05,2024-07,GlucoCare,2,616.49
D0326,T05,2024-07,DiabetoShield,0,428.81
D0326,T05,2024-07,SugarBlock,17,541.64
D0326,T05,2024-08,GlucoCare,3,636.9
D0326,T05,2024-08,DiabetoShield,1,433.77
D0326,T05,2024-08,SugarBlock,13,567.81
D0326,T05,2024-09,GlucoCare,4,607.16
D0326,T05,2024-09,DiabetoShield,9,438.35
D0326,T05,2024-09,SugarBlock,8,567.38
D0326,T05,2024-10,GlucoCare,2,614.58
D0326,T05,2024-10,DiabetoShield,12,430.86
D0326,T05,2024-10,SugarBlock,3,550.99
D0326,T05,2024-11,GlucoCare,3,614.85
D0326,T05,2024-11,DiabetoShield,10,420.62
D0326,T05,2024-11,SugarBlock,7,554.11
D0326,T05,2024-12,GlucoCare,4,607.68
D0326,T05,2024-12,DiabetoShield,6,466.31
D0326,T05,2024-12,SugarBlock,10,509.23
D0327,T05,2024-01,GlucoCare,14,607.18
D0327,T05,2024-01,DiabetoShield,5,561.75
D0327,T05,2024-01,SugarBlock,14,704.7
D0327,T05,2024-02,GlucoCare,15,607.49
D0327,T05,2024-02,DiabetoShield,13,572.35
D0327,T05,2024-02,SugarBlock,6,705.77
D0327,T05,2024-03,GlucoCare,16,605.55
D0327,T05,2024-03,DiabetoShield,1,571.81
D0327,T05,2024-03,SugarBlock,23,670.26
D0327,T05,2024-04,GlucoCare,15,624.48
D0327,T05,2024-04,DiabetoShield,13,562.53
D0327,T05,2024-04,SugarBlock,8,708.85
D0327,T05,2024-05,GlucoCare,18,623.6
D0327,T05,2024-05,DiabetoShield,9,558.45
D0327,T05,2024-05,SugarBlock,11,677.2
D0327,T05,2024-06,GlucoCare,9,628.15
D0327,T05,2024-06,DiabetoShield,20,464.01
D0327,T05,2024-06,SugarBlock,9,594.89
D0327,T05,2024-07,GlucoCare,6,616.49
D0327,T05,2024-07,DiabetoShield,20,428.81
D0327,T05,2024-07,SugarBlock,11,541.64
D0327,T05,2024-08,GlucoCare,4,636.9
D0327,T05,2024-08,DiabetoShield,32,433.77
D0327,T05,2024-08,SugarBlock,2,567.81
D0327,T05,2024-09,GlucoCare,0,607.16
D0327,T05,2024-09,DiabetoShield,28,438.35
D0327,T05,2024-09,SugarBlock,6,567.38
D0327,T05,2024-10,GlucoCare,3,614.58
D0327,T05,2024-10,DiabetoShield,20,430.86
D0327,T05,2024-10,SugarBlock,10,550.99
D0327,T05,2024-11,GlucoCare,3,614.85
D0327,T05,2024-11,DiabetoShield,4,420.62
D0327,T05,2024-11,SugarBlock,31,554.11
D0327,T05,2024-12,GlucoCare,2,607.68
D0327,T05,2024-12,DiabetoShield,2,466.31
D0327,T05,2024-12,SugarBlock,23,509.23
D0328,T10,2024-01,GlucoCare,7,625.16
D0328,T10,2024-01,DiabetoShield,10,556.67
D0328,T10,2024-01,SugarBlock,9,706.76
D0328,T10,2024-02,GlucoCare,6,620.02
D0328,T10,2024-02,DiabetoShield,5,561.81
D0328,T10,2024-02,SugarBlock,12,694.63
D0328,T10,2024-03,GlucoCare,8,613.18
D0328,T10,2024-03,DiabetoShield,11,550.51
D0328,T10,2024-03,SugarBlock,7,692.26
D0328,T10,2024-04,GlucoCare,5,605.08
D0328,T10,2024-04,DiabetoShield,6,563.35
D0328,T10,2024-04,SugarBlock,11,692.18
D0328,T10,2024-05,GlucoCare,9,635.95
D0328,T10,2024-05,DiabetoShield,0,544.47
D0328,T10,2024-05,SugarBlock,17,679.63
D0328,T10,2024-06,GlucoCare,6,610.47
D0328,T10,2024-06,DiabetoShield,2,574.24
D0328,T10,2024-06,SugarBlock,17,689.61
D0328,T10,2024-07,GlucoCare,6,637.08
D0328,T10,2024-07,DiabetoShield,14,560.97
D0328,T10,2024-07,SugarBlock,2,678.12
D0328,T10,2024-08,GlucoCare,7,603.83
D0328,T10,2024-08,DiabetoShield,0,564.59
D0328,T10,2024-08,SugarBlock,19,707.67
D0328,T10,2024-09,GlucoCare,4,618.77
D0328,T10,2024-09,DiabetoShield,13,574.82
D0328,T10,2024-09,SugarBlock,2,686.21
D0328,T10,2024-10,GlucoCare,7,601.68
D0328,T10,2024-10,DiabetoShield,3,573.58
D0328,T10,2024-10,SugarBlock,12,687.63
D0328,T10,2024-11,GlucoCare,6,614.55
D0328,T10,2024-11,DiabetoShield,9,576.61
D0328,T10,2024-11,SugarBlock,7,687.55
D0328,T10,2024-12,GlucoCare,8,607.8
D0328,T10,2024-12,DiabetoShield,14,555.29
D0328,T10,2024-12,SugarBlock,2,692.56
D0329,T10,2024-01,GlucoCare,10,625.16
D0329,T10,2024-01,DiabetoShield,9,556.67
D0329,T10,2024-01,SugarBlock,5,706.76
D0329,T10,2024-02,GlucoCare,9,620.02
D0329,T10,2024-02,DiabetoShield,4,561.81
D0329,T10,2024-02,SugarBlock,9,694.63
D0329,T10,2024-03,GlucoCare,10,613.18
D0329,T10,2024-03,DiabetoShield,9,550.51
D0329,T10,2024-03,SugarBlock,3,692.26
D0329,T10,2024-04,GlucoCare,11,605.08
D0329,T10,2024-04,DiabetoShield,7,563.35
D0329,T10,2024-04,SugarBlock,4,692.18
D0329,T10,2024-05,GlucoCare,12,635.95
D0329,T10,2024-05,DiabetoShield,13,544.47
D0329,T10,2024-05,SugarBlock,2,679.63
D0329,T10,2024-06,GlucoCare,12,610.47
D0329,T10,2024-06,DiabetoShield,14,574.24
D0329,T10,2024-06,SugarBlock,0,689.61
D0329,T10,2024-07,GlucoCare,13,637.08
D0329,T10,2024-07,DiabetoShield,8,560.97
D0329,T10,2024-07,SugarBlock,8,678.12
D0329,T10,2024-08,GlucoCare,9,603.83
D0329,T10,2024-08,DiabetoShield,1,564.59
D0329,T10,2024-08,SugarBlock,13,707.67
D0329,T10,2024-09,GlucoCare,6,618.77
D0329,T10,2024-09,DiabetoShield,7,574.82
D0329,T10,2024-09,SugarBlock,8,686.21
D0329,T10,2024-10,GlucoCare,11,601.68
D0329,T10,2024-10,DiabetoShield,0,573.58
D0329,T10,2024-10,SugarBlock,13,687.63
D0329,T10,2024-11,GlucoCare,11,614.55
D0329,T10,2024-11,DiabetoShield,8,576.61
D0329,T10,2024-11,SugarBlock,4,687.55
D0329,T10,2024-12,GlucoCare,10,607.8
D0329,T10,2024-12,DiabetoShield,11,555.29
D0329,T10,2024-12,SugarBlock,3,692.56
D0330,T01,2024-01,GlucoCare,23,609.43
D0330,T01,2024-01,DiabetoShield,41,543.32
D0330,T01,2024-01,SugarBlock,7,707.52
D0330,T01,2024-02,GlucoCare,19,626.11
D0330,T01,2024-02,DiabetoShield,26,548.16
D0330,T01,2024-02,SugarBlock,16,676.94
D0330,T01,2024-03,GlucoCare,29,612.0
D0330,T01,2024-03,DiabetoShield,39,549.67
D0330,T01,2024-03,SugarBlock,5,702.79
D0330,T01,2024-04,GlucoCare,11,637.86
D0330,T01,2024-04,DiabetoShield,8,557.53
D0330,T01,2024-04,SugarBlock,34,679.34
D0330,T01,2024-05,GlucoCare,23,612.19
D0330,T01,2024-05,DiabetoShield,8,574.04
D0330,T01,2024-05,SugarBlock,35,697.01
D0330,T01,2024-06,GlucoCare,20,635.52
D0330,T01,2024-06,DiabetoShield,29,568.66
D0330,T01,2024-06,SugarBlock,10,680.21
D0330,T01,2024-07,GlucoCare,16,609.94
D0330,T01,2024-07,DiabetoShield,14,569.85
D0330,T01,2024-07,SugarBlock,26,706.3
D0330,T01,2024-08,GlucoCare,13,604.89
D0330,T01,2024-08,DiabetoShield,15,552.0
D0330,T01,2024-08,SugarBlock,26,682.64
D0330,T01,2024-09,GlucoCare,17,627.39
D0330,T01,2024-09,DiabetoShield,32,550.7
D0330,T01,2024-09,SugarBlock,17,689.19
D0330,T01,2024-10,GlucoCare,26,620.06
D0330,T01,2024-10,DiabetoShield,26,572.64
D0330,T01,2024-10,SugarBlock,19,670.43
D0330,T01,2024-11,GlucoCare,19,619.86
D0330,T01,2024-11,DiabetoShield,2,560.15
D0330,T01,2024-11,SugarBlock,37,685.43
D0330,T01,2024-12,GlucoCare,20,604.65
D0330,T01,2024-12,DiabetoShield,16,556.69
D0330,T01,2024-12,SugarBlock,31,699.1
D0331,T08,2024-01,GlucoCare,12,628.82
D0331,T08,2024-01,DiabetoShield,12,555.74
D0331,T08,2024-01,SugarBlock,5,710.43
D0331,T08,2024-02,GlucoCare,12,619.89
D0331,T08,2024-02,DiabetoShield,23,576.63
D0331,T08,2024-02,SugarBlock,1,702.8
D0331,T08,2024-03,GlucoCare,10,608.44
D0331,T08,2024-03,DiabetoShield,16,573.31
D0331,T08,2024-03,SugarBlock,4,687.25
D0331,T08,2024-04,GlucoCare,16,636.52
D0331,T08,2024-04,DiabetoShield,15,556.39
D0331,T08,2024-04,SugarBlock,4,701.72
D0331,T08,2024-05,GlucoCare,14,628.79
D0331,T08,2024-05,DiabetoShield,16,552.07
D0331,T08,2024-05,SugarBlock,1,672.19
D0331,T08,2024-06,GlucoCare,8,607.82
D0331,T08,2024-06,DiabetoShield,17,556.23
D0331,T08,2024-06,SugarBlock,0,706.85
D0331,T08,2024-07,GlucoCare,11,620.8
D0331,T08,2024-07,DiabetoShield,13,574.08
D0331,T08,2024-07,SugarBlock,2,704.0
D0331,T08,2024-08,GlucoCare,11,635.05
D0331,T08,2024-08,DiabetoShield,13,562.38
D0331,T08,2024-08,SugarBlock,6,695.84
D0331,T08,2024-09,GlucoCare,13,625.84
D0331,T08,2024-09,DiabetoShield,8,575.34
D0331,T08,2024-09,SugarBlock,14,704.58
D0331,T08,2024-10,GlucoCare,15,623.58
D0331,T08,2024-10,DiabetoShield,13,563.96
D0331,T08,2024-10,SugarBlock,11,693.21
D0331,T08,2024-11,GlucoCare,11,626.91
D0331,T08,2024-11,DiabetoShield,11,571.35
D0331,T08,2024-11,SugarBlock,5,670.16
D0331,T08,2024-12,GlucoCare,11,624.64
D0331,T08,2024-12,DiabetoShield,7,566.48
D0331,T08,2024-12,SugarBlock,10,673.75
D0332,T02,2024-01,GlucoCare,16,638.1
D0332,T02,2024-01,DiabetoShield,2,575.44
D0332,T02,2024-01,SugarBlock,19,707.18
D0332,T02,2024-02,GlucoCare,17,634.21
D0332,T02,2024-02,DiabetoShield,2,545.53
D0332,T02,2024-02,SugarBlock,18,706.91
D0332,T02,2024-03,GlucoCare,17,610.52
D0332,T02,2024-03,DiabetoShield,4,571.37
D0332,T02,2024-03,SugarBlock,21,700.1
D0332,T02,2024-04,GlucoCare,17,632.36
D0332,T02,2024-04,DiabetoShield,21,559.53
D0332,T02,2024-04,SugarBlock,1,686.89
D0332,T02,2024-05,GlucoCare,10,623.69
D0332,T02,2024-05,DiabetoShield,16,572.17
D0332,T02,2024-05,SugarBlock,4,696.11
D0332,T02,2024-06,GlucoCare,15,619.23
D0332,T02,2024-06,DiabetoShield,8,549.45
D0332,T02,2024-06,SugarBlock,13,691.97
D0332,T02,2024-07,GlucoCare,11,638.08
D0332,T02,2024-07,DiabetoShield,15,551.25
D0332,T02,2024-07,SugarBlock,2,701.28
D0332,T02,2024-08,GlucoCare,16,631.24
D0332,T02,2024-08,DiabetoShield,15,575.36
D0332,T02,2024-08,SugarBlock,3,702.69
D0332,T02,2024-09,GlucoCare,13,624.81
D0332,T02,2024-09,DiabetoShield,12,559.86
D0332,T02,2024-09,SugarBlock,8,687.28
D0332,T02,2024-10,GlucoCare,16,624.56
D0332,T02,2024-10,DiabetoShield,7,550.84
D0332,T02,2024-10,SugarBlock,15,682.91
D0332,T02,2024-11,GlucoCare,14,634.01
D0332,T02,2024-11,DiabetoShield,10,546.12
D0332,T02,2024-11,SugarBlock,14,707.67
D0332,T02,2024-12,GlucoCare,13,628.23
D0332,T02,2024-12,DiabetoShield,17,544.17
D0332,T02,2024-12,SugarBlock,6,689.81
D0333,T02,2024-01,GlucoCare,19,638.1
D0333,T02,2024-01,DiabetoShield,12,575.44
D0333,T02,2024-01,SugarBlock,12,707.18
D0333,T02,2024-02,GlucoCare,16,634.21
D0333,T02,2024-02,DiabetoShield,5,545.53
D0333,T02,2024-02,SugarBlock,19,706.91
D0333,T02,2024-03,GlucoCare,14,610.52
D0333,T02,2024-03,DiabetoShield,21,571.37
D0333,T02,2024-03,SugarBlock,2,700.1
D0333,T02,2024-04,GlucoCare,10,632.36
D0333,T02,2024-04,DiabetoShield,1,559.53
D0333,T02,2024-04,SugarBlock,19,686.89
D0333,T02,2024-05,GlucoCare,18,623.69
D0333,T02,2024-05,DiabetoShield,25,572.17
D0333,T02,2024-05,SugarBlock,4,696.11
D0333,T02,2024-06,GlucoCare,20,619.23
D0333,T02,2024-06,DiabetoShield,17,549.45
D0333,T02,2024-06,SugarBlock,7,691.97
D0333,T02,2024-07,GlucoCare,15,638.08
D0333,T02,2024-07,DiabetoShield,11,551.25
D0333,T02,2024-07,SugarBlock,13,701.28
D0333,T02,2024-08,GlucoCare,21,631.24
D0333,T02,2024-08,DiabetoShield,3,575.36
D0333,T02,2024-08,SugarBlock,26,702.69
D0333,T02,2024-09,GlucoCare,19,624.81
D0333,T02,2024-09,DiabetoShield,12,559.86
D0333,T02,2024-09,SugarBlock,12,687.28
D0333,T02,2024-10,GlucoCare,18,624.56
D0333,T02,2024-10,DiabetoShield,8,550.84
D0333,T02,2024-10,SugarBlock,22,682.91
D0333,T02,2024-11,GlucoCare,15,634.01
D0333,T02,2024-11,DiabetoShield,18,546.12
D0333,T02,2024-11,SugarBlock,9,707.67
D0333,T02,2024-12,GlucoCare,10,628.23
D0333,T02,2024-12,DiabetoShield,14,544.17
D0333,T02,2024-12,SugarBlock,9,689.81
D0334,T05,2024-01,GlucoCare,9,607.18
D0334,T05,2024-01,DiabetoShield,12,561.75
D0334,T05,2024-01,SugarBlock,1,704.7
D0334,T05,2024-02,GlucoCare,5,607.49
D0334,T05,2024-02,DiabetoShield,1,572.35
D0334,T05,2024-02,SugarBlock,10,705.77
D0334,T05,2024-03,GlucoCare,6,605.55
D0334,T05,2024-03,DiabetoShield,2,571.81
D0334,T05,2024-03,SugarBlock,9,670.26
D0334,T05,2024-04,GlucoCare,7,624.48
D0334,T05,2024-04,DiabetoShield,9,562.53
D0334,T05,2024-04,SugarBlock,3,708.85
D0334,T05,2024-05,GlucoCare,7,623.6
D0334,T05,2024-05,DiabetoShield,7,558.45
D0334,T05,2024-05,SugarBlock,2,677.2
D0334,T05,2024-06,GlucoCare,2,628.15
D0334,T05,2024-06,DiabetoShield,1,464.01
D0334,T05,2024-06,SugarBlock,10,594.89
D0334,T05,2024-07,GlucoCare,2,616.49
D0334,T05,2024-07,DiabetoShield,4,428.81
D0334,T05,2024-07,SugarBlock,12,541.64
D0334,T05,2024-08,GlucoCare,1,636.9
D0334,T05,2024-08,DiabetoShield,10,433.77
D0334,T05,2024-08,SugarBlock,6,567.81
D0334,T05,2024-09,GlucoCare,3,607.16
D0334,T05,2024-09,DiabetoShield,1,438.35
D0334,T05,2024-09,SugarBlock,12,567.38
D0334,T05,2024-10,GlucoCare,2,614.58
D0334,T05,2024-10,DiabetoShield,8,430.86
D0334,T05,2024-10,SugarBlock,6,550.99
D0334,T05,2024-11,GlucoCare,2,614.85
D0334,T05,2024-11,DiabetoShield,6,420.62
D0334,T05,2024-11,SugarBlock,8,554.11
D0334,T05,2024-12,GlucoCare,2,607.68
D0334,T05,2024-12,DiabetoShield,6,466.31
D0334,T05,2024-12,SugarBlock,8,509.23
D0335,T10,2024-01,GlucoCare,10,625.16
D0335,T10,2024-01,DiabetoShield,3,556.67
D0335,T10,2024-01,SugarBlock,14,706.76
D0335,T10,2024-02,GlucoCare,13,620.02
D0335,T10,2024-02,DiabetoShield,13,561.81
D0335,T10,2024-02,SugarBlock,2,694.63
D0335,T10,2024-03,GlucoCare,12,613.18
D0335,T10,2024-03,DiabetoShield,14,550.51
D0335,T10,2024-03,SugarBlock,3,692.26
D0335,T10,2024-04,GlucoCare,10,605.08
D0335,T10,2024-04,DiabetoShield,1,563.35
D0335,T10,2024-04,SugarBlock,16,692.18
D0335,T10,2024-05,GlucoCare,11,635.95
D0335,T10,2024-05,DiabetoShield,12,544.47
D0335,T10,2024-05,SugarBlock,3,679.63
D0335,T10,2024-06,GlucoCare,12,610.47
D0335,T10,2024-06,DiabetoShield,5,574.24
D0335,T10,2024-06,SugarBlock,11,689.61
D0335,T10,2024-07,GlucoCare,11,637.08
D0335,T10,2024-07,DiabetoShield,0,560.97
D0335,T10,2024-07,SugarBlock,15,678.12
D0335,T10,2024-08,GlucoCare,9,603.83
D0335,T10,2024-08,DiabetoShield,16,564.59
D0335,T10,2024-08,SugarBlock,0,707.67
D0335,T10,2024-09,GlucoCare,11,618.77
D0335,T10,2024-09,DiabetoShield,16,574.82
D0335,T10,2024-09,SugarBlock,3,686.21
D0335,T10,2024-10,GlucoCare,9,601.68
D0335,T10,2024-10,DiabetoShield,8,573.58
D0335,T10,2024-10,SugarBlock,7,687.63
D0335,T10,2024-11,GlucoCare,11,614.55
D0335,T10,2024-11,DiabetoShield,8,576.61
D0335,T10,2024-11,SugarBlock,6,687.55
D0335,T10,2024-12,GlucoCare,13,607.8
D0335,T10,2024-12,DiabetoShield,13,555.29
D0335,T10,2024-12,SugarBlock,4,692.56
D0336,T06,2024-01,GlucoCare,9,611.27
D0336,T06,2024-01,DiabetoShield,9,554.84
D0336,T06,2024-01,SugarBlock,14,690.22
D0336,T06,2024-02,GlucoCare,7,607.59
D0336,T06,2024-02,DiabetoShield,6,574.29
D0336,T06,2024-02,SugarBlock,17,675.89
D0336,T06,2024-03,GlucoCare,7,634.59
D0336,T06,2024-03,DiabetoShield,9,552.55
D0336,T06,2024-03,SugarBlock,10,693.38
D0336,T06,2024-04,GlucoCare,6,617.98
D0336,T06,2024-04,DiabetoShield,8,549.04
D0336,T06,2024-04,SugarBlock,11,674.05
D0336,T06,2024-05,GlucoCare,7,617.89
D0336,T06,2024-05,DiabetoShield,6,557.73
D0336,T06,2024-05,SugarBlock,12,670.85
D0336,T06,2024-06,GlucoCare,10,614.8
D0336,T06,2024-06,DiabetoShield,23,544.12
D0336,T06,2024-06,SugarBlock,1,671.82
D0336,T06,2024-07,GlucoCare,7,628.77
D0336,T06,2024-07,DiabetoShield,3,573.7
D0336,T06,2024-07,SugarBlock,14,677.41
D0336,T06,2024-08,GlucoCare,5,618.13
D0336,T06,2024-08,DiabetoShield,10,573.99
D0336,T06,2024-08,SugarBlock,8,682.39
D0336,T06,2024-09,GlucoCare,6,607.77
D0336,T06,2024-09,DiabetoShield,18,566.77
D0336,T06,2024-09,SugarBlock,3,679.38
D0336,T06,2024-10,GlucoCare,7,619.7
D0336,T06,2024-10,DiabetoShield,4,553.39
D0336,T06,2024-10,SugarBlock,15,685.51
D0336,T06,2024-11,GlucoCare,8,609.09
D0336,T06,2024-11,DiabetoShield,6,543.78
D0336,T06,2024-11,SugarBlock,14,685.03
D0336,T06,2024-12,GlucoCare,8,633.8
D0336,T06,2024-12,DiabetoShield,13,566.06
D0336,T06,2024-12,SugarBlock,7,705.71
D0337,T06,2024-01,GlucoCare,17,611.27
D0337,T06,2024-01,DiabetoShield,3,554.84
D0337,T06,2024-01,SugarBlock,29,690.22
D0337,T06,2024-02,GlucoCare,12,607.59
D0337,T06,2024-02,DiabetoShield,24,574.29
D0337,T06,2024-02,SugarBlock,7,675.89
D0337,T06,2024-03,GlucoCare,13,634.59
D0337,T06,2024-03,DiabetoShield,1,552.55
D0337,T06,2024-03,SugarBlock,27,693.38
D0337,T06,2024-04,GlucoCare,8,617.98
D0337,T06,2024-04,DiabetoShield,23,549.04
D0337,T06,2024-04,SugarBlock,3,674.05
D0337,T06,2024-05,GlucoCare,17,617.89
D0337,T06,2024-05,DiabetoShield,10,557.73
D0337,T06,2024-05,SugarBlock,19,670.85
D0337,T06,2024-06,GlucoCare,11,614.8
D0337,T06,2024-06,DiabetoShield,3,544.12
D0337,T06,2024-06,SugarBlock,30,671.82
D0337,T06,2024-07,GlucoCare,19,628.77
D0337,T06,2024-07,DiabetoShield,4,573.7
D0337,T06,2024-07,SugarBlock,28,677.41
D0337,T06,2024-08,GlucoCare,12,618.13
D0337,T06,2024-08,DiabetoShield,4,573.99
D0337,T06,2024-08,SugarBlock,25,682.39
D0337,T06,2024-09,GlucoCare,17,607.77
D0337,T06,2024-09,DiabetoShield,20,566.77
D0337,T06,2024-09,SugarBlock,10,679.38
D0337,T06,2024-10,GlucoCare,16,619.7
D0337,T06,2024-10,DiabetoShield,21,553.39
D0337,T06,2024-10,SugarBlock,9,685.51
D0337,T06,2024-11,GlucoCare,11,609.09
D0337,T06,2024-11,DiabetoShield,26,543.78
D0337,T06,2024-11,SugarBlock,4,685.03
D0337,T06,2024-12,GlucoCare,11,633.8
D0337,T06,2024-12,DiabetoShield,6,566.06
D0337,T06,2024-12,SugarBlock,21,705.71
D0338,T08,2024-01,GlucoCare,18,628.82
D0338,T08,2024-01,DiabetoShield,13,555.74
D0338,T08,2024-01,SugarBlock,14,710.43
D0338,T08,2024-02,GlucoCare,12,619.89
D0338,T08,2024-02,DiabetoShield,17,576.63
D0338,T08,2024-02,SugarBlock,2,702.8
D0338,T08,2024-03,GlucoCare,19,608.44
D0338,T08,2024-03,DiabetoShield,19,573.31
D0338,T08,2024-03,SugarBlock,9,687.25
D0338,T08,2024-04,GlucoCare,17,636.52
D0338,T08,2024-04,DiabetoShield,10,556.39
D0338,T08,2024-04,SugarBlock,9,701.72
D0338,T08,2024-05,GlucoCare,15,628.79
D0338,T08,2024-05,DiabetoShield,19,552.07
D0338,T08,2024-05,SugarBlock,6,672.19
D0338,T08,2024-06,GlucoCare,15,607.82
D0338,T08,2024-06,DiabetoShield,15,556.23
D0338,T08,2024-06,SugarBlock,3,706.85
D0338,T08,2024-07,GlucoCare,17,620.8
D0338,T08,2024-07,DiabetoShield,9,574.08
D0338,T08,2024-07,SugarBlock,14,704.0
D0338,T08,2024-08,GlucoCare,17,635.05
D0338,T08,2024-08,DiabetoShield,21,562.38
D0338,T08,2024-08,SugarBlock,5,695.84
D0338,T08,2024-09,GlucoCare,17,625.84
D0338,T08,2024-09,DiabetoShield,21,575.34
D0338,T08,2024-09,SugarBlock,3,704.58
D0338,T08,2024-10,GlucoCare,15,623.58
D0338,T08,2024-10,DiabetoShield,6,563.96
D0338,T08,2024-10,SugarBlock,16,693.21
D0338,T08,2024-11,GlucoCare,20,626.91
D0338,T08,2024-11,DiabetoShield,19,571.35
D0338,T08,2024-11,SugarBlock,6,670.16
D0338,T08,2024-12,GlucoCare,21,624.64
D0338,T08,2024-12,DiabetoShield,18,566.48
D0338,T08,2024-12,SugarBlock,7,673.75
D0339,T05,2024-01,GlucoCare,10,607.18
D0339,T05,2024-01,DiabetoShield,8,561.75
D0339,T05,2024-01,SugarBlock,8,704.7
D0339,T05,2024-02,GlucoCare,5,607.49
D0339,T05,2024-02,DiabetoShield,2,572.35
D0339,T05,2024-02,SugarBlock,17,705.77
D0339,T05,2024-03,GlucoCare,9,605.55
D0339,T05,2024-03,DiabetoShield,6,571.81
D0339,T05,2024-03,SugarBlock,9,670.26
D0339,T05,2024-04,GlucoCare,8,624.48
D0339,T05,2024-04,DiabetoShield,5,562.53
D0339,T05,2024-04,SugarBlock,8,708.85
D0339,T05,2024-05,GlucoCare,9,623.6
D0339,T05,2024-05,DiabetoShield,10,558.45
D0339,T05,2024-05,SugarBlock,3,677.2
D0339,T05,2024-06,GlucoCare,4,628.15
D0339,T05,2024-06,DiabetoShield,6,464.01
D0339,T05,2024-06,SugarBlock,16,594.89
D0339,T05,2024-07,GlucoCare,2,616.49
D0339,T05,2024-07,DiabetoShield,19,428.81
D0339,T05,2024-07,SugarBlock,3,541.64
D0339,T05,2024-08,GlucoCare,3,636.9
D0339,T05,2024-08,DiabetoShield,14,433.77
D0339,T05,2024-08,SugarBlock,8,567.81
D0339,T05,2024-09,GlucoCare,4,607.16
D0339,T05,2024-09,DiabetoShield,13,438.35
D0339,T05,2024-09,SugarBlock,9,567.38
D0339,T05,2024-10,GlucoCare,2,614.58
D0339,T05,2024-10,DiabetoShield,10,430.86
D0339,T05,2024-10,SugarBlock,8,550.99
D0339,T05,2024-11,GlucoCare,2,614.85
D0339,T05,2024-11,DiabetoShield,9,420.62
D0339,T05,2024-11,SugarBlock,9,554.11
D0339,T05,2024-12,GlucoCare,4,607.68
D0339,T05,2024-12,DiabetoShield,13,466.31
D0339,T05,2024-12,SugarBlock,5,509.23
D0340,T05,2024-01,GlucoCare,30,607.18
D0340,T05,2024-01,DiabetoShield,27,561.75
D0340,T05,2024-01,SugarBlock,17,704.7
D0340,T05,2024-02,GlucoCare,23,607.49
D0340,T05,2024-02,DiabetoShield,1,572.35
D0340,T05,2024-02,SugarBlock,41,705.77
D0340,T05,2024-03,GlucoCare,26,605.55
D0340,T05,2024-03,DiabetoShield,41,571.81
D0340,T05,2024-03,SugarBlock,2,670.26
D0340,T05,2024-04,GlucoCare,30,624.48
D0340,T05,2024-04,DiabetoShield,8,562.53
D0340,T05,2024-04,SugarBlock,40,708.85
D0340,T05,2024-05,GlucoCare,31,623.6
D0340,T05,2024-05,DiabetoShield,37,558.45
D0340,T05,2024-05,SugarBlock,7,677.2
D0340,T05,2024-06,GlucoCare,10,628.15
D0340,T05,2024-06,DiabetoShield,8,464.01
D0340,T05,2024-06,SugarBlock,41,594.89
D0340,T05,2024-07,GlucoCare,7,616.49
D0340,T05,2024-07,DiabetoShield,31,428.81
D0340,T05,2024-07,SugarBlock,26,541.64
D0340,T05,2024-08,GlucoCare,9,636.9
D0340,T05,2024-08,DiabetoShield,13,433.77
D0340,T05,2024-08,SugarBlock,40,567.81
D0340,T05,2024-09,GlucoCare,12,607.16
D0340,T05,2024-09,DiabetoShield,10,438.35
D0340,T05,2024-09,SugarBlock,42,567.38
D0340,T05,2024-10,GlucoCare,8,614.58
D0340,T05,2024-10,DiabetoShield,35,430.86
D0340,T05,2024-10,SugarBlock,23,550.99
D0340,T05,2024-11,GlucoCare,7,614.85
D0340,T05,2024-11,DiabetoShield,18,420.62
D0340,T05,2024-11,SugarBlock,46,554.11
D0340,T05,2024-12,GlucoCare,7,607.68
D0340,T05,2024-12,DiabetoShield,27,466.31
D0340,T05,2024-12,SugarBlock,35,509.23
D0341,T07,2024-01,GlucoCare,11,613.28
D0341,T07,2024-01,DiabetoShield,6,543.71
D0341,T07,2024-01,SugarBlock,9,677.97
D0341,T07,2024-02,GlucoCare,14,612.1
D0341,T07,2024-02,DiabetoShield,2,573.04
D0341,T07,2024-02,SugarBlock,17,707.05
D0341,T07,2024-03,GlucoCare,12,610.51
D0341,T07,2024-03,DiabetoShield,2,551.66
D0341,T07,2024-03,SugarBlock,11,687.12
D0341,T07,2024-04,GlucoCare,14,611.2
D0341,T07,2024-04,DiabetoShield,10,570.85
D0341,T07,2024-04,SugarBlock,8,698.24
D0341,T07,2024-05,GlucoCare,9,636.2
D0341,T07,2024-05,DiabetoShield,7,557.23
D0341,T07,2024-05,SugarBlock,7,710.52
D0341,T07,2024-06,GlucoCare,14,616.5
D0341,T07,2024-06,DiabetoShield,14,551.15
D0341,T07,2024-06,SugarBlock,5,703.48
D0341,T07,2024-07,GlucoCare,15,626.91
D0341,T07,2024-07,DiabetoShield,13,558.06
D0341,T07,2024-07,SugarBlock,6,695.42
D0341,T07,2024-08,GlucoCare,14,603.04
D0341,T07,2024-08,DiabetoShield,14,561.75
D0341,T07,2024-08,SugarBlock,5,670.02
D0341,T07,2024-09,GlucoCare,13,620.92
D0341,T07,2024-09,DiabetoShield,13,571.9
D0341,T07,2024-09,SugarBlock,3,672.66
D0341,T07,2024-10,GlucoCare,12,612.68
D0341,T07,2024-10,DiabetoShield,11,554.25
D0341,T07,2024-10,SugarBlock,2,673.03
D0341,T07,2024-11,GlucoCare,17,621.64
D0341,T07,2024-11,DiabetoShield,11,570.54
D0341,T07,2024-11,SugarBlock,9,694.51
D0341,T07,2024-12,GlucoCare,10,605.15
D0341,T07,2024-12,DiabetoShield,14,551.02
D0341,T07,2024-12,SugarBlock,3,688.97
D0342,T02,2024-01,GlucoCare,7,638.1
D0342,T02,2024-01,DiabetoShield,15,575.44
D0342,T02,2024-01,SugarBlock,1,707.18
D0342,T02,2024-02,GlucoCare,9,634.21
D0342,T02,2024-02,DiabetoShield,11,545.53
D0342,T02,2024-02,SugarBlock,7,706.91
D0342,T02,2024-03,GlucoCare,9,610.52
D0342,T02,2024-03,DiabetoShield,17,571.37
D0342,T02,2024-03,SugarBlock,2,700.1
D0342,T02,2024-04,GlucoCare,7,632.36
D0342,T02,2024-04,DiabetoShield,3,559.53
D0342,T02,2024-04,SugarBlock,19,686.89
D0342,T02,2024-05,GlucoCare,7,623.69
D0342,T02,2024-05,DiabetoShield,4,572.17
D0342,T02,2024-05,SugarBlock,17,696.11
D0342,T02,2024-06,GlucoCare,7,619.23
D0342,T02,2024-06,DiabetoShield,12,549.45
D0342,T02,2024-06,SugarBlock,8,691.97
D0342,T02,2024-07,GlucoCare,5,638.08
D0342,T02,2024-07,DiabetoShield,7,551.25
D0342,T02,2024-07,SugarBlock,9,701.28
D0342,T02,2024-08,GlucoCare,7,631.24
D0342,T02,2024-08,DiabetoShield,9,575.36
D0342,T02,2024-08,SugarBlock,8,702.69
D0342,T02,2024-09,GlucoCare,7,624.81
D0342,T02,2024-09,DiabetoShield,7,559.86
D0342,T02,2024-09,SugarBlock,10,687.28
D0342,T02,2024-10,GlucoCare,10,624.56
D0342,T02,2024-10,DiabetoShield,20,550.84
D0342,T02,2024-10,SugarBlock,2,682.91
D0342,T02,2024-11,GlucoCare,7,634.01
D0342,T02,2024-11,DiabetoShield,13,546.12
D0342,T02,2024-11,SugarBlock,6,707.67
D0342,T02,2024-12,GlucoCare,9,628.23
D0342,T02,2024-12,DiabetoShield,9,544.17
D0342,T02,2024-12,SugarBlock,11,689.81
D0343,T09,2024-01,GlucoCare,21,607.03
D0343,T09,2024-01,DiabetoShield,12,567.47
D0343,T09,2024-01,SugarBlock,14,683.8
D0343,T09,2024-02,GlucoCare,18,629.02
D0343,T09,2024-02,DiabetoShield,21,576.39
D0343,T09,2024-02,SugarBlock,6,699.29
D0343,T09,2024-03,GlucoCare,14,622.06
D0343,T09,2024-03,DiabetoShield,25,546.15
D0343,T09,2024-03,SugarBlock,6,703.58
D0343,T09,2024-04,GlucoCare,23,627.61
D0343,T09,2024-04,DiabetoShield,5,551.04
D0343,T09,2024-04,SugarBlock,24,704.36
D0343,T09,2024-05,GlucoCare,9,631.99
D0343,T09,2024-05,DiabetoShield,8,571.61
D0343,T09,2024-05,SugarBlock,12,685.58
D0343,T09,2024-06,GlucoCare,17,628.81
D0343,T09,2024-06,DiabetoShield,3,563.39
D0343,T09,2024-06,SugarBlock,24,680.47
D0343,T09,2024-07,GlucoCare,11,609.21
D0343,T09,2024-07,DiabetoShield,4,552.52
D0343,T09,2024-07,SugarBlock,18,669.51
D0343,T09,2024-08,GlucoCare,15,604.11
D0343,T09,2024-08,DiabetoShield,4,566.89
D0343,T09,2024-08,SugarBlock,18,707.51
D0343,T09,2024-09,GlucoCare,16,634.85
D0343,T09,2024-09,DiabetoShield,22,571.68
D0343,T09,2024-09,SugarBlock,2,682.64
D0343,T09,2024-10,GlucoCare,13,610.04
D0343,T09,2024-10,DiabetoShield,2,556.93
D0343,T09,2024-10,SugarBlock,24,697.21
D0343,T09,2024-11,GlucoCare,14,634.89
D0343,T09,2024-11,DiabetoShield,5,558.77
D0343,T09,2024-11,SugarBlock,17,706.34
D0343,T09,2024-12,GlucoCare,14,633.56
D0343,T09,2024-12,DiabetoShield,11,556.63
D0343,T09,2024-12,SugarBlock,11,674.56
D0344,T04,2024-01,GlucoCare,7,629.41
D0344,T04,2024-01,DiabetoShield,6,576.26
D0344,T04,2024-01,SugarBlock,8,687.25
D0344,T04,2024-02,GlucoCare,10,603.63
D0344,T04,2024-02,DiabetoShield,14,547.56
D0344,T04,2024-02,SugarBlock,2,700.46
D0344,T04,2024-03,GlucoCare,7,630.21
D0344,T04,2024-03,DiabetoShield,10,562.2
D0344,T04,2024-03,SugarBlock,3,696.25
D0344,T04,2024-04,GlucoCare,7,631.44
D0344,T04,2024-04,DiabetoShield,8,560.95
D0344,T04,2024-04,SugarBlock,6,680.33
D0344,T04,2024-05,GlucoCare,7,625.0
D0344,T04,2024-05,DiabetoShield,12,547.02
D0344,T04,2024-05,SugarBlock,2,698.83
D0344,T04,2024-06,GlucoCare,4,616.83
D0344,T04,2024-06,DiabetoShield,18,446.67
D0344,T04,2024-06,SugarBlock,2,562.6
D0344,T04,2024-07,GlucoCare,3,634.68
D0344,T04,2024-07,DiabetoShield,1,486.11
D0344,T04,2024-07,SugarBlock,20,582.06
D0344,T04,2024-08,GlucoCare,2,610.9
D0344,T04,2024-08,DiabetoShield,9,468.93
D0344,T04,2024-08,SugarBlock,14,538.59
D0344,T04,2024-09,GlucoCare,5,617.06
D0344,T04,2024-09,DiabetoShield,3,458.4
D0344,T04,2024-09,SugarBlock,18,547.24
D0344,T04,2024-10,GlucoCare,2,629.25
D0344,T04,2024-10,DiabetoShield,11,473.5
D0344,T04,2024-10,SugarBlock,8,517.62
D0344,T04,2024-11,GlucoCare,4,635.66
D0344,T04,2024-11,DiabetoShield,2,441.71
D0344,T04,2024-11,SugarBlock,15,572.72
D0344,T04,2024-12,GlucoCare,4,610.98
D0344,T04,2024-12,DiabetoShield,14,452.74
D0344,T04,2024-12,SugarBlock,5,588.28
D0345,T06,2024-01,GlucoCare,18,611.27
D0345,T06,2024-01,DiabetoShield,6,554.84
D0345,T06,2024-01,SugarBlock,36,690.22
D0345,T06,2024-02,GlucoCare,7,607.59
D0345,T06,2024-02,DiabetoShield,9,574.29
D0345,T06,2024-02,SugarBlock,36,675.89
D0345,T06,2024-03,GlucoCare,20,634.59
D0345,T06,2024-03,DiabetoShield,41,552.55
D0345,T06,2024-03,SugarBlock,1,693.38
D0345,T06,2024-04,GlucoCare,25,617.98
D0345,T06,2024-04,DiabetoShield,24,549.04
D0345,T06,2024-04,SugarBlock,24,674.05
D0345,T06,2024-05,GlucoCare,11,617.89
D0345,T06,2024-05,DiabetoShield,32,557.73
D0345,T06,2024-05,SugarBlock,3,670.85
D0345,T06,2024-06,GlucoCare,26,614.8
D0345,T06,2024-06,DiabetoShield,8,544.12
D0345,T06,2024-06,SugarBlock,35,671.82
D0345,T06,2024-07,GlucoCare,20,628.77
D0345,T06,2024-07,DiabetoShield,13,573.7
D0345,T06,2024-07,SugarBlock,27,677.41
D0345,T06,2024-08,GlucoCare,11,618.13
D0345,T06,2024-08,DiabetoShield,22,573.99
D0345,T06,2024-08,SugarBlock,17,682.39
D0345,T06,2024-09,GlucoCare,20,607.77
D0345,T06,2024-09,DiabetoShield,25,566.77
D0345,T06,2024-09,SugarBlock,18,679.38
D0345,T06,2024-10,GlucoCare,20,619.7
D0345,T06,2024-10,DiabetoShield,33,553.39
D0345,T06,2024-10,SugarBlock,9,685.51
D0345,T06,2024-11,GlucoCare,15,609.09
D0345,T06,2024-11,DiabetoShield,22,543.78
D0345,T06,2024-11,SugarBlock,18,685.03
D0345,T06,2024-12,GlucoCare,19,633.8
D0345,T06,2024-12,DiabetoShield,2,566.06
D0345,T06,2024-12,SugarBlock,37,705.71
D0346,T10,2024-01,GlucoCare,14,625.16
D0346,T10,2024-01,DiabetoShield,13,556.67
D0346,T10,2024-01,SugarBlock,9,706.76
D0346,T10,2024-02,GlucoCare,19,620.02
D0346,T10,2024-02,DiabetoShield,7,561.81
D0346,T10,2024-02,SugarBlock,14,694.63
D0346,T10,2024-03,GlucoCare,21,613.18
D0346,T10,2024-03,DiabetoShield,17,550.51
D0346,T10,2024-03,SugarBlock,8,692.26
D0346,T10,2024-04,GlucoCare,23,605.08
D0346,T10,2024-04,DiabetoShield,7,563.35
D0346,T10,2024-04,SugarBlock,16,692.18
D0346,T10,2024-05,GlucoCare,21,635.95
D0346,T10,2024-05,DiabetoShield,8,544.47
D0346,T10,2024-05,SugarBlock,14,679.63
D0346,T10,2024-06,GlucoCare,21,610.47
D0346,T10,2024-06,DiabetoShield,5,574.24
D0346,T10,2024-06,SugarBlock,14,689.61
D0346,T10,2024-07,GlucoCare,17,637.08
D0346,T10,2024-07,DiabetoShield,15,560.97
D0346,T10,2024-07,SugarBlock,5,678.12
D0346,T10,2024-08,GlucoCare,22,603.83
D0346,T10,2024-08,DiabetoShield,11,564.59
D0346,T10,2024-08,SugarBlock,11,707.67
D0346,T10,2024-09,GlucoCare,19,618.77
D0346,T10,2024-09,DiabetoShield,12,574.82
D0346,T10,2024-09,SugarBlock,15,686.21
D0346,T10,2024-10,GlucoCare,21,601.68
D0346,T10,2024-10,DiabetoShield,2,573.58
D0346,T10,2024-10,SugarBlock,21,687.63
D0346,T10,2024-11,GlucoCare,24,614.55
D0346,T10,2024-11,DiabetoShield,22,576.61
D0346,T10,2024-11,SugarBlock,4,687.55
D0346,T10,2024-12,GlucoCare,19,607.8
D0346,T10,2024-12,DiabetoShield,4,555.29
D0346,T10,2024-12,SugarBlock,22,692.56
D0347,T08,2024-01,GlucoCare,10,628.82
D0347,T08,2024-01,DiabetoShield,6,555.74
D0347,T08,2024-01,SugarBlock,9,710.43
D0347,T08,2024-02,GlucoCare,8,619.89
D0347,T08,2024-02,DiabetoShield,7,576.63
D0347,T08,2024-02,SugarBlock,7,702.8
D0347,T08,2024-03,GlucoCare,8,608.44
D0347,T08,2024-03,DiabetoShield,0,573.31
D0347,T08,2024-03,SugarBlock,16,687.25
D0347,T08,2024-04,GlucoCare,9,636.52
D0347,T08,2024-04,DiabetoShield,14,556.39
D0347,T08,2024-04,SugarBlock,1,701.72
D0347,T08,2024-05,GlucoCare,8,628.79
D0347,T08,2024-05,DiabetoShield,2,552.07
D0347,T08,2024-05,SugarBlock,13,672.19
D0347,T08,2024-06,GlucoCare,8,607.82
D0347,T08,2024-06,DiabetoShield,8,556.23
D0347,T08,2024-06,SugarBlock,8,706.85
D0347,T08,2024-07,GlucoCare,9,620.8
D0347,T08,2024-07,DiabetoShield,14,574.08
D0347,T08,2024-07,SugarBlock,1,704.0
D0347,T08,2024-08,GlucoCare,7,635.05
D0347,T08,2024-08,DiabetoShield,11,562.38
D0347,T08,2024-08,SugarBlock,2,695.84
D0347,T08,2024-09,GlucoCare,9,625.84
D0347,T08,2024-09,DiabetoShield,7,575.34
D0347,T08,2024-09,SugarBlock,9,704.58
D0347,T08,2024-10,GlucoCare,8,623.58
D0347,T08,2024-10,DiabetoShield,8,563.96
D0347,T08,2024-10,SugarBlock,5,693.21
D0347,T08,2024-11,GlucoCare,8,626.91
D0347,T08,2024-11,DiabetoShield,2,571.35
D0347,T08,2024-11,SugarBlock,15,670.16
D0347,T08,2024-12,GlucoCare,7,624.64
D0347,T08,2024-12,DiabetoShield,3,566.48
D0347,T08,2024-12,SugarBlock,13,673.75
D0348,T08,2024-01,GlucoCare,29,628.82
D0348,T08,2024-01,DiabetoShield,25,555.74
D0348,T08,2024-01,SugarBlock,13,710.43
D0348,T08,2024-02,GlucoCare,22,619.89
D0348,T08,2024-02,DiabetoShield,11,576.63
D0348,T08,2024-02,SugarBlock,32,702.8
D0348,T08,2024-03,GlucoCare,31,608.44
D0348,T08,2024-03,DiabetoShield,5,573.31
D0348,T08,2024-03,SugarBlock,42,687.25
D0348,T08,2024-04,GlucoCare,35,636.52
D0348,T08,2024-04,DiabetoShield,34,556.39
D0348,T08,2024-04,SugarBlock,12,701.72
D0348,T08,2024-05,GlucoCare,7,628.79
D0348,T08,2024-05,DiabetoShield,57,552.07
D0348,T08,2024-05,SugarBlock,24,672.19
D0348,T08,2024-06,GlucoCare,7,607.82
D0348,T08,2024-06,DiabetoShield,58,556.23
D0348,T08,2024-06,SugarBlock,31,706.85
D0348,T08,2024-07,GlucoCare,8,620.8
D0348,T08,2024-07,DiabetoShield,32,574.08
D0348,T08,2024-07,SugarBlock,44,704.0
D0348,T08,2024-08,GlucoCare,7,635.05
D0348,T08,2024-08,DiabetoShield,55,562.38
D0348,T08,2024-08,SugarBlock,12,695.84
D0348,T08,2024-09,GlucoCare,7,625.84
D0348,T08,2024-09,DiabetoShield,50,575.34
D0348,T08,2024-09,SugarBlock,27,704.58
D0348,T08,2024-10,GlucoCare,9,623.58
D0348,T08,2024-10,DiabetoShield,48,563.96
D0348,T08,2024-10,SugarBlock,25,693.21
D0348,T08,2024-11,GlucoCare,6,626.91
D0348,T08,2024-11,DiabetoShield,31,571.35
D0348,T08,2024-11,SugarBlock,59,670.16
D0348,T08,2024-12,GlucoCare,16,624.64
D0348,T08,2024-12,DiabetoShield,59,566.48
D0348,T08,2024-12,SugarBlock,15,673.75
D0349,T09,2024-01,GlucoCare,11,607.03
D0349,T09,2024-01,DiabetoShield,1,567.47
D0349,T09,2024-01,SugarBlock,14,683.8
D0349,T09,2024-02,GlucoCare,16,629.02
D0349,T09,2024-02,DiabetoShield,3,576.39
D0349,T09,2024-02,SugarBlock,13,699.29
D0349,T09,2024-03,GlucoCare,18,622.06
D0349,T09,2024-03,DiabetoShield,4,546.15
D0349,T09,2024-03,SugarBlock,17,703.58
D0349,T09,2024-04,GlucoCare,16,627.61
D0349,T09,2024-04,DiabetoShield,3,551.04
D0349,T09,2024-04,SugarBlock,17,704.36
D0349,T09,2024-05,GlucoCare,15,631.99
D0349,T09,2024-05,DiabetoShield,14,571.61
D0349,T09,2024-05,SugarBlock,6,685.58
D0349,T09,2024-06,GlucoCare,7,628.81
D0349,T09,2024-06,DiabetoShield,2,563.39
D0349,T09,2024-06,SugarBlock,14,680.47
D0349,T09,2024-07,GlucoCare,10,609.21
D0349,T09,2024-07,DiabetoShield,15,552.52
D0349,T09,2024-07,SugarBlock,4,669.51
D0349,T09,2024-08,GlucoCare,13,604.11
D0349,T09,2024-08,DiabetoShield,5,566.89
D0349,T09,2024-08,SugarBlock,11,707.51
D0349,T09,2024-09,GlucoCare,18,634.85
D0349,T09,2024-09,DiabetoShield,6,571.68
D0349,T09,2024-09,SugarBlock,12,682.64
D0349,T09,2024-10,GlucoCare,18,610.04
D0349,T09,2024-10,DiabetoShield,10,556.93
D0349,T09,2024-10,SugarBlock,10,697.21
D0349,T09,2024-11,GlucoCare,13,634.89
D0349,T09,2024-11,DiabetoShield,0,558.77
D0349,T09,2024-11,SugarBlock,17,706.34
D0349,T09,2024-12,GlucoCare,14,633.56
D0349,T09,2024-12,DiabetoShield,15,556.63
D0349,T09,2024-12,SugarBlock,4,674.56
D0350,T02,2024-01,GlucoCare,18,638.1
D0350,T02,2024-01,DiabetoShield,4,575.44
D0350,T02,2024-01,SugarBlock,17,707.18
D0350,T02,2024-02,GlucoCare,13,634.21
D0350,T02,2024-02,DiabetoShield,15,545.53
D0350,T02,2024-02,SugarBlock,5,706.91
D0350,T02,2024-03,GlucoCare,11,610.52
D0350,T02,2024-03,DiabetoShield,13,571.37
D0350,T02,2024-03,SugarBlock,4,700.1
D0350,T02,2024-04,GlucoCare,14,632.36
D0350,T02,2024-04,DiabetoShield,15,559.53
D0350,T02,2024-04,SugarBlock,4,686.89
D0350,T02,2024-05,GlucoCare,12,623.69
D0350,T02,2024-05,DiabetoShield,16,572.17
D0350,T02,2024-05,SugarBlock,7,696.11
D0350,T02,2024-06,GlucoCare,10,619.23
D0350,T02,2024-06,DiabetoShield,15,549.45
D0350,T02,2024-06,SugarBlock,6,691.97
D0350,T02,2024-07,GlucoCare,8,638.08
D0350,T02,2024-07,DiabetoShield,17,551.25
D0350,T02,2024-07,SugarBlock,6,701.28
D0350,T02,2024-08,GlucoCare,13,631.24
D0350,T02,2024-08,DiabetoShield,2,575.36
D0350,T02,2024-08,SugarBlock,16,702.69
D0350,T02,2024-09,GlucoCare,16,624.81
D0350,T02,2024-09,DiabetoShield,8,559.86
D0350,T02,2024-09,SugarBlock,13,687.28
D0350,T02,2024-10,GlucoCare,14,624.56
D0350,T02,2024-10,DiabetoShield,15,550.84
D0350,T02,2024-10,SugarBlock,8,682.91
D0350,T02,2024-11,GlucoCare,13,634.01
D0350,T02,2024-11,DiabetoShield,14,546.12
D0350,T02,2024-11,SugarBlock,5,707.67
D0350,T02,2024-12,GlucoCare,9,628.23
D0350,T02,2024-12,DiabetoShield,4,544.17
D0350,T02,2024-12,SugarBlock,14,689.81
D0351,T05,2024-01,GlucoCare,9,607.18
D0351,T05,2024-01,DiabetoShield,12,561.75
D0351,T05,2024-01,SugarBlock,16,704.7
D0351,T05,2024-02,GlucoCare,11,607.49
D0351,T05,2024-02,DiabetoShield,24,572.35
D0351,T05,2024-02,SugarBlock,7,705.77
D0351,T05,2024-03,GlucoCare,9,605.55
D0351,T05,2024-03,DiabetoShield,19,571.81
D0351,T05,2024-03,SugarBlock,14,670.26
D0351,T05,2024-04,GlucoCare,7,624.48
D0351,T05,2024-04,DiabetoShield,9,562.53
D0351,T05,2024-04,SugarBlock,17,708.85
D0351,T05,2024-05,GlucoCare,13,623.6
D0351,T05,2024-05,DiabetoShield,7,558.45
D0351,T05,2024-05,SugarBlock,25,677.2
D0351,T05,2024-06,GlucoCare,1,628.15
D0351,T05,2024-06,DiabetoShield,23,464.01
D0351,T05,2024-06,SugarBlock,9,594.89
D0351,T05,2024-07,GlucoCare,1,616.49
D0351,T05,2024-07,DiabetoShield,16,428.81
D0351,T05,2024-07,SugarBlock,15,541.64
D0351,T05,2024-08,GlucoCare,1,636.9
D0351,T05,2024-08,DiabetoShield,18,433.77
D0351,T05,2024-08,SugarBlock,15,567.81
D0351,T05,2024-09,GlucoCare,3,607.16
D0351,T05,2024-09,DiabetoShield,23,438.35
D0351,T05,2024-09,SugarBlock,11,567.38
D0351,T05,2024-10,GlucoCare,0,614.58
D0351,T05,2024-10,DiabetoShield,9,430.86
D0351,T05,2024-10,SugarBlock,28,550.99
D0351,T05,2024-11,GlucoCare,1,614.85
D0351,T05,2024-11,DiabetoShield,4,420.62
D0351,T05,2024-11,SugarBlock,40,554.11
D0351,T05,2024-12,GlucoCare,3,607.68
D0351,T05,2024-12,DiabetoShield,28,466.31
D0351,T05,2024-12,SugarBlock,6,509.23
D0352,T09,2024-01,GlucoCare,17,607.03
D0352,T09,2024-01,DiabetoShield,24,567.47
D0352,T09,2024-01,SugarBlock,0,683.8
D0352,T09,2024-02,GlucoCare,17,629.02
D0352,T09,2024-02,DiabetoShield,2,576.39
D0352,T09,2024-02,SugarBlock,24,699.29
D0352,T09,2024-03,GlucoCare,16,622.06
D0352,T09,2024-03,DiabetoShield,4,546.15
D0352,T09,2024-03,SugarBlock,19,703.58
D0352,T09,2024-04,GlucoCare,15,627.61
D0352,T09,2024-04,DiabetoShield,28,551.04
D0352,T09,2024-04,SugarBlock,1,704.36
D0352,T09,2024-05,GlucoCare,16,631.99
D0352,T09,2024-05,DiabetoShield,3,571.61
D0352,T09,2024-05,SugarBlock,21,685.58
D0352,T09,2024-06,GlucoCare,14,628.81
D0352,T09,2024-06,DiabetoShield,2,563.39
D0352,T09,2024-06,SugarBlock,24,680.47
D0352,T09,2024-07,GlucoCare,13,609.21
D0352,T09,2024-07,DiabetoShield,19,552.52
D0352,T09,2024-07,SugarBlock,2,669.51
D0352,T09,2024-08,GlucoCare,16,604.11
D0352,T09,2024-08,DiabetoShield,5,566.89
D0352,T09,2024-08,SugarBlock,19,707.51
D0352,T09,2024-09,GlucoCare,15,634.85
D0352,T09,2024-09,DiabetoShield,17,571.68
D0352,T09,2024-09,SugarBlock,5,682.64
D0352,T09,2024-10,GlucoCare,23,610.04
D0352,T09,2024-10,DiabetoShield,21,556.93
D0352,T09,2024-10,SugarBlock,7,697.21
D0352,T09,2024-11,GlucoCare,20,634.89
D0352,T09,2024-11,DiabetoShield,4,558.77
D0352,T09,2024-11,SugarBlock,18,706.34
D0352,T09,2024-12,GlucoCare,16,633.56
D0352,T09,2024-12,DiabetoShield,23,556.63
D0352,T09,2024-12,SugarBlock,5,674.56
D0353,T03,2024-01,GlucoCare,16,618.03
D0353,T03,2024-01,DiabetoShield,15,564.57
D0353,T03,2024-01,SugarBlock,12,686.67
D0353,T03,2024-02,GlucoCare,15,637.81
D0353,T03,2024-02,DiabetoShield,14,558.6
D0353,T03,2024-02,SugarBlock,7,670.51
D0353,T03,2024-03,GlucoCare,17,612.18
D0353,T03,2024-03,DiabetoShield,5,552.19
D0353,T03,2024-03,SugarBlock,19,673.73
D0353,T03,2024-04,GlucoCare,16,603.73
D0353,T03,2024-04,DiabetoShield,19,571.56
D0353,T03,2024-04,SugarBlock,3,671.69
D0353,T03,2024-05,GlucoCare,14,604.54
D0353,T03,2024-05,DiabetoShield,9,545.82
D0353,T03,2024-05,SugarBlock,14,696.02
D0353,T03,2024-06,GlucoCare,13,618.48
D0353,T03,2024-06,DiabetoShield,16,556.75
D0353,T03,2024-06,SugarBlock,8,701.21
D0353,T03,2024-07,GlucoCare,20,619.15
D0353,T03,2024-07,DiabetoShield,22,557.5
D0353,T03,2024-07,SugarBlock,3,698.91
D0353,T03,2024-08,GlucoCare,15,613.87
D0353,T03,2024-08,DiabetoShield,5,551.6
D0353,T03,2024-08,SugarBlock,14,705.1
D0353,T03,2024-09,GlucoCare,20,602.28
D0353,T03,2024-09,DiabetoShield,14,564.56
D0353,T03,2024-09,SugarBlock,12,671.21
D0353,T03,2024-10,GlucoCare,22,605.99
D0353,T03,2024-10,DiabetoShield,8,550.99
D0353,T03,2024-10,SugarBlock,18,679.33
D0353,T03,2024-11,GlucoCare,13,623.43
D0353,T03,2024-11,DiabetoShield,7,563.63
D0353,T03,2024-11,SugarBlock,17,708.2
D0353,T03,2024-12,GlucoCare,20,630.46
D0353,T03,2024-12,DiabetoShield,10,543.98
D0353,T03,2024-12,SugarBlock,19,686.2
D0354,T04,2024-01,GlucoCare,4,629.41
D0354,T04,2024-01,DiabetoShield,0,576.26
D0354,T04,2024-01,SugarBlock,14,687.25
D0354,T04,2024-02,GlucoCare,4,603.63
D0354,T04,2024-02,DiabetoShield,13,547.56
D0354,T04,2024-02,SugarBlock,2,700.46
D0354,T04,2024-03,GlucoCare,7,630.21
D0354,T04,2024-03,DiabetoShield,9,562.2
D0354,T04,2024-03,SugarBlock,7,696.25
D0354,T04,2024-04,GlucoCare,5,631.44
D0354,T04,2024-04,DiabetoShield,2,560.95
D0354,T04,2024-04,SugarBlock,13,680.33
D0354,T04,2024-05,GlucoCare,4,625.0
D0354,T04,2024-05,DiabetoShield,4,547.02
D0354,T04,2024-05,SugarBlock,8,698.83
D0354,T04,2024-06,GlucoCare,1,616.83
D0354,T04,2024-06,DiabetoShield,10,446.67
D0354,T04,2024-06,SugarBlock,9,562.6
D0354,T04,2024-07,GlucoCare,3,634.68
D0354,T04,2024-07,DiabetoShield,0,486.11
D0354,T04,2024-07,SugarBlock,17,582.06
D0354,T04,2024-08,GlucoCare,0,610.9
D0354,T04,2024-08,DiabetoShield,11,468.93
D0354,T04,2024-08,SugarBlock,7,538.59
D0354,T04,2024-09,GlucoCare,1,617.06
D0354,T04,2024-09,DiabetoShield,15,458.4
D0354,T04,2024-09,SugarBlock,1,547.24
D0354,T04,2024-10,GlucoCare,1,629.25
D0354,T04,2024-10,DiabetoShield,9,473.5
D0354,T04,2024-10,SugarBlock,8,517.62
D0354,T04,2024-11,GlucoCare,0,635.66
D0354,T04,2024-11,DiabetoShield,13,441.71
D0354,T04,2024-11,SugarBlock,4,572.72
D0354,T04,2024-12,GlucoCare,1,610.98
D0354,T04,2024-12,DiabetoShield,4,452.74
D0354,T04,2024-12,SugarBlock,11,588.28
D0355,T09,2024-01,GlucoCare,9,607.03
D0355,T09,2024-01,DiabetoShield,0,567.47
D0355,T09,2024-01,SugarBlock,17,683.8
D0355,T09,2024-02,GlucoCare,12,629.02
D0355,T09,2024-02,DiabetoShield,23,576.39
D0355,T09,2024-02,SugarBlock,1,699.29
D0355,T09,2024-03,GlucoCare,10,622.06
D0355,T09,2024-03,DiabetoShield,1,546.15
D0355,T09,2024-03,SugarBlock,15,703.58
D0355,T09,2024-04,GlucoCare,9,627.61
D0355,T09,2024-04,DiabetoShield,0,551.04
D0355,T09,2024-04,SugarBlock,20,704.36
D0355,T09,2024-05,GlucoCare,12,631.99
D0355,T09,2024-05,DiabetoShield,10,571.61
D0355,T09,2024-05,SugarBlock,8,685.58
D0355,T09,2024-06,GlucoCare,11,628.81
D0355,T09,2024-06,DiabetoShield,0,563.39
D0355,T09,2024-06,SugarBlock,24,680.47
D0355,T09,2024-07,GlucoCare,10,609.21
D0355,T09,2024-07,DiabetoShield,4,552.52
D0355,T09,2024-07,SugarBlock,14,669.51
D0355,T09,2024-08,GlucoCare,12,604.11
D0355,T09,2024-08,DiabetoShield,7,566.89
D0355,T09,2024-08,SugarBlock,13,707.51
D0355,T09,2024-09,GlucoCare,10,634.85
D0355,T09,2024-09,DiabetoShield,9,571.68
D0355,T09,2024-09,SugarBlock,10,682.64
D0355,T09,2024-10,GlucoCare,12,610.04
D0355,T09,2024-10,DiabetoShield,0,556.93
D0355,T09,2024-10,SugarBlock,20,697.21
D0355,T09,2024-11,GlucoCare,11,634.89
D0355,T09,2024-11,DiabetoShield,4,558.77
D0355,T09,2024-11,SugarBlock,13,706.34
D0355,T09,2024-12,GlucoCare,10,633.56
D0355,T09,2024-12,DiabetoShield,1,556.63
D0355,T09,2024-12,SugarBlock,19,674.56
D0356,T08,2024-01,GlucoCare,7,628.82
D0356,T08,2024-01,DiabetoShield,0,555.74
D0356,T08,2024-01,SugarBlock,12,710.43
D0356,T08,2024-02,GlucoCare,6,619.89
D0356,T08,2024-02,DiabetoShield,2,576.63
D0356,T08,2024-02,SugarBlock,5,702.8
D0356,T08,2024-03,GlucoCare,6,608.44
D0356,T08,2024-03,DiabetoShield,5,573.31
D0356,T08,2024-03,SugarBlock,5,687.25
D0356,T08,2024-04,GlucoCare,7,636.52
D0356,T08,2024-04,DiabetoShield,9,556.39
D0356,T08,2024-04,SugarBlock,0,701.72
D0356,T08,2024-05,GlucoCare,4,628.79
D0356,T08,2024-05,DiabetoShield,4,552.07
D0356,T08,2024-05,SugarBlock,5,672.19
D0356,T08,2024-06,GlucoCare,5,607.82
D0356,T08,2024-06,DiabetoShield,9,556.23
D0356,T08,2024-06,SugarBlock,1,706.85
D0356,T08,2024-07,GlucoCare,6,620.8
D0356,T08,2024-07,DiabetoShield,6,574.08
D0356,T08,2024-07,SugarBlock,3,704.0
D0356,T08,2024-08,GlucoCare,5,635.05
D0356,T08,2024-08,DiabetoShield,1,562.38
D0356,T08,2024-08,SugarBlock,9,695.84
D0356,T08,2024-09,GlucoCare,8,625.84
D0356,T08,2024-09,DiabetoShield,10,575.34
D0356,T08,2024-09,SugarBlock,2,704.58
D0356,T08,2024-10,GlucoCare,8,623.58
D0356,T08,2024-10,DiabetoShield,1,563.96
D0356,T08,2024-10,SugarBlock,8,693.21
D0356,T08,2024-11,GlucoCare,6,626.91
D0356,T08,2024-11,DiabetoShield,9,571.35
D0356,T08,2024-11,SugarBlock,0,670.16
D0356,T08,2024-12,GlucoCare,7,624.64
D0356,T08,2024-12,DiabetoShield,7,566.48
D0356,T08,2024-12,SugarBlock,3,673.75
D0357,T03,2024-01,GlucoCare,15,618.03
D0357,T03,2024-01,DiabetoShield,4,564.57
D0357,T03,2024-01,SugarBlock,15,686.67
D0357,T03,2024-02,GlucoCare,13,637.81
D0357,T03,2024-02,DiabetoShield,2,558.6
D0357,T03,2024-02,SugarBlock,15,670.51
D0357,T03,2024-03,GlucoCare,13,612.18
D0357,T03,2024-03,DiabetoShield,13,552.19
D0357,T03,2024-03,SugarBlock,8,673.73
D0357,T03,2024-04,GlucoCare,11,603.73
D0357,T03,2024-04,DiabetoShield,17,571.56
D0357,T03,2024-04,SugarBlock,3,671.69
D0357,T03,2024-05,GlucoCare,12,604.54
D0357,T03,2024-05,DiabetoShield,17,545.82
D0357,T03,2024-05,SugarBlock,1,696.02
D0357,T03,2024-06,GlucoCare,15,618.48
D0357,T03,2024-06,DiabetoShield,11,556.75
D0357,T03,2024-06,SugarBlock,11,701.21
D0357,T03,2024-07,GlucoCare,15,619.15
D0357,T03,2024-07,DiabetoShield,7,557.5
D0357,T03,2024-07,SugarBlock,12,698.91
D0357,T03,2024-08,GlucoCare,13,613.87
D0357,T03,2024-08,DiabetoShield,7,551.6
D0357,T03,2024-08,SugarBlock,10,705.1
D0357,T03,2024-09,GlucoCare,14,602.28
D0357,T03,2024-09,DiabetoShield,4,564.56
D0357,T03,2024-09,SugarBlock,15,671.21
D0357,T03,2024-10,GlucoCare,13,605.99
D0357,T03,2024-10,DiabetoShield,13,550.99
D0357,T03,2024-10,SugarBlock,6,679.33
D0357,T03,2024-11,GlucoCare,15,623.43
D0357,T03,2024-11,DiabetoShield,9,563.63
D0357,T03,2024-11,SugarBlock,8,708.2
D0357,T03,2024-12,GlucoCare,11,630.46
D0357,T03,2024-12,DiabetoShield,12,543.98
D0357,T03,2024-12,SugarBlock,8,686.2
D0358,T01,2024-01,GlucoCare,11,609.43
D0358,T01,2024-01,DiabetoShield,3,543.32
D0358,T01,2024-01,SugarBlock,17,707.52
D0358,T01,2024-02,GlucoCare,10,626.11
D0358,T01,2024-02,DiabetoShield,4,548.16
D0358,T01,2024-02,SugarBlock,17,676.94
D0358,T01,2024-03,GlucoCare,11,612.0
D0358,T01,2024-03,DiabetoShield,5,549.67
D0358,T01,2024-03,SugarBlock,12,702.79
D0358,T01,2024-04,GlucoCare,8,637.86
D0358,T01,2024-04,DiabetoShield,6,557.53
D0358,T01,2024-04,SugarBlock,15,679.34
D0358,T01,2024-05,GlucoCare,9,612.19
D0358,T01,2024-05,DiabetoShield,13,574.04
D0358,T01,2024-05,SugarBlock,8,697.01
D0358,T01,2024-06,GlucoCare,13,635.52
D0358,T01,2024-06,DiabetoShield,5,568.66
D0358,T01,2024-06,SugarBlock,15,680.21
D0358,T01,2024-07,GlucoCare,9,609.94
D0358,T01,2024-07,DiabetoShield,1,569.85
D0358,T01,2024-07,SugarBlock,16,706.3
D0358,T01,2024-08,GlucoCare,12,604.89
D0358,T01,2024-08,DiabetoShield,18,552.0
D0358,T01,2024-08,SugarBlock,4,682.64
D0358,T01,2024-09,GlucoCare,10,627.39
D0358,T01,2024-09,DiabetoShield,6,550.7
D0358,T01,2024-09,SugarBlock,11,689.19
D0358,T01,2024-10,GlucoCare,11,620.06
D0358,T01,2024-10,DiabetoShield,15,572.64
D0358,T01,2024-10,SugarBlock,2,670.43
D0358,T01,2024-11,GlucoCare,10,619.86
D0358,T01,2024-11,DiabetoShield,10,560.15
D0358,T01,2024-11,SugarBlock,9,685.43
D0358,T01,2024-12,GlucoCare,10,604.65
D0358,T01,2024-12,DiabetoShield,0,556.69
D0358,T01,2024-12,SugarBlock,19,699.1
D0359,T05,2024-01,GlucoCare,11,607.18
D0359,T05,2024-01,DiabetoShield,24,561.75
D0359,T05,2024-01,SugarBlock,1,704.7
D0359,T05,2024-02,GlucoCare,15,607.49
D0359,T05,2024-02,DiabetoShield,13,572.35
D0359,T05,2024-02,SugarBlock,24,705.77
D0359,T05,2024-03,GlucoCare,13,605.55
D0359,T05,2024-03,DiabetoShield,5,571.81
D0359,T05,2024-03,SugarBlock,31,670.26
D0359,T05,2024-04,GlucoCare,16,624.48
D0359,T05,2024-04,DiabetoShield,18,562.53
D0359,T05,2024-04,SugarBlock,16,708.85
D0359,T05,2024-05,GlucoCare,11,623.6
D0359,T05,2024-05,DiabetoShield,2,558.45
D0359,T05,2024-05,SugarBlock,29,677.2
D0359,T05,2024-06,GlucoCare,3,628.15
D0359,T05,2024-06,DiabetoShield,20,464.01
D0359,T05,2024-06,SugarBlock,13,594.89
D0359,T05,2024-07,GlucoCare,2,616.49
D0359,T05,2024-07,DiabetoShield,3,428.81
D0359,T05,2024-07,SugarBlock,43,541.64
D0359,T05,2024-08,GlucoCare,1,636.9
D0359,T05,2024-08,DiabetoShield,30,433.77
D0359,T05,2024-08,SugarBlock,7,567.81
D0359,T05,2024-09,GlucoCare,4,607.16
D0359,T05,2024-09,DiabetoShield,0,438.35
D0359,T05,2024-09,SugarBlock,31,567.38
D0359,T05,2024-10,GlucoCare,1,614.58
D0359,T05,2024-10,DiabetoShield,7,430.86
D0359,T05,2024-10,SugarBlock,35,550.99
D0359,T05,2024-11,GlucoCare,2,614.85
D0359,T05,2024-11,DiabetoShield,2,420.62
D0359,T05,2024-11,SugarBlock,42,554.11
D0359,T05,2024-12,GlucoCare,1,607.68
D0359,T05,2024-12,DiabetoShield,11,466.31
D0359,T05,2024-12,SugarBlock,26,509.23
D0360,T09,2024-01,GlucoCare,11,607.03
D0360,T09,2024-01,DiabetoShield,11,567.47
D0360,T09,2024-01,SugarBlock,7,683.8
D0360,T09,2024-02,GlucoCare,12,629.02
D0360,T09,2024-02,DiabetoShield,6,576.39
D0360,T09,2024-02,SugarBlock,10,699.29
D0360,T09,2024-03,GlucoCare,12,622.06
D0360,T09,2024-03,DiabetoShield,11,546.15
D0360,T09,2024-03,SugarBlock,3,703.58
D0360,T09,2024-04,GlucoCare,7,627.61
D0360,T09,2024-04,DiabetoShield,1,551.04
D0360,T09,2024-04,SugarBlock,15,704.36
D0360,T09,2024-05,GlucoCare,11,631.99
D0360,T09,2024-05,DiabetoShield,7,571.61
D0360,T09,2024-05,SugarBlock,8,685.58
D0360,T09,2024-06,GlucoCare,12,628.81
D0360,T09,2024-06,DiabetoShield,12,563.39
D0360,T09,2024-06,SugarBlock,4,680.47
D0360,T09,2024-07,GlucoCare,2,609.21
D0360,T09,2024-07,DiabetoShield,1,552.52
D0360,T09,2024-07,SugarBlock,23,669.51
D0360,T09,2024-08,GlucoCare,2,604.11
D0360,T09,2024-08,DiabetoShield,18,566.89
D0360,T09,2024-08,SugarBlock,4,707.51
D0360,T09,2024-09,GlucoCare,2,634.85
D0360,T09,2024-09,DiabetoShield,10,571.68
D0360,T09,2024-09,SugarBlock,14,682.64
D0360,T09,2024-10,GlucoCare,1,610.04
D0360,T09,2024-10,DiabetoShield,15,556.93
D0360,T09,2024-10,SugarBlock,10,697.21
D0360,T09,2024-11,GlucoCare,1,634.89
D0360,T09,2024-11,DiabetoShield,4,558.77
D0360,T09,2024-11,SugarBlock,19,706.34
D0360,T09,2024-12,GlucoCare,3,633.56
D0360,T09,2024-12,DiabetoShield,8,556.63
D0360,T09,2024-12,SugarBlock,19,674.56
D0361,T06,2024-01,GlucoCare,15,611.27
D0361,T06,2024-01,DiabetoShield,5,554.84
D0361,T06,2024-01,SugarBlock,16,690.22
D0361,T06,2024-02,GlucoCare,9,607.59
D0361,T06,2024-02,DiabetoShield,3,574.29
D0361,T06,2024-02,SugarBlock,22,675.89
D0361,T06,2024-03,GlucoCare,14,634.59
D0361,T06,2024-03,DiabetoShield,19,552.55
D0361,T06,2024-03,SugarBlock,4,693.38
D0361,T06,2024-04,GlucoCare,15,617.98
D0361,T06,2024-04,DiabetoShield,15,549.04
D0361,T06,2024-04,SugarBlock,11,674.05
D0361,T06,2024-05,GlucoCare,16,617.89
D0361,T06,2024-05,DiabetoShield,3,557.73
D0361,T06,2024-05,SugarBlock,22,670.85
D0361,T06,2024-06,GlucoCare,9,614.8
D0361,T06,2024-06,DiabetoShield,11,544.12
D0361,T06,2024-06,SugarBlock,11,671.82
D0361,T06,2024-07,GlucoCare,17,628.77
D0361,T06,2024-07,DiabetoShield,13,573.7
D0361,T06,2024-07,SugarBlock,12,677.41
D0361,T06,2024-08,GlucoCare,15,618.13
D0361,T06,2024-08,DiabetoShield,9,573.99
D0361,T06,2024-08,SugarBlock,14,682.39
D0361,T06,2024-09,GlucoCare,18,607.77
D0361,T06,2024-09,DiabetoShield,21,566.77
D0361,T06,2024-09,SugarBlock,7,679.38
D0361,T06,2024-10,GlucoCare,16,619.7
D0361,T06,2024-10,DiabetoShield,14,553.39
D0361,T06,2024-10,SugarBlock,4,685.51
D0361,T06,2024-11,GlucoCare,21,609.09
D0361,T06,2024-11,DiabetoShield,16,543.78
D0361,T06,2024-11,SugarBlock,5,685.03
D0361,T06,2024-12,GlucoCare,14,633.8
D0361,T06,2024-12,DiabetoShield,17,566.06
D0361,T06,2024-12,SugarBlock,6,705.71
D0362,T02,2024-01,GlucoCare,14,638.1
D0362,T02,2024-01,DiabetoShield,13,575.44
D0362,T02,2024-01,SugarBlock,7,707.18
D0362,T02,2024-02,GlucoCare,16,634.21
D0362,T02,2024-02,DiabetoShield,2,545.53
D0362,T02,2024-02,SugarBlock,16,706.91
D0362,T02,2024-03,GlucoCare,10,610.52
D0362,T02,2024-03,DiabetoShield,3,571.37
D0362,T02,2024-03,SugarBlock,20,700.1
D0362,T02,2024-04,GlucoCare,13,632.36
D0362,T02,2024-04,DiabetoShield,17,559.53
D0362,T02,2024-04,SugarBlock,5,686.89
D0362,T02,2024-05,GlucoCare,14,623.69
D0362,T02,2024-05,DiabetoShield,7,572.17
D0362,T02,2024-05,SugarBlock,16,696.11
D0362,T02,2024-06,GlucoCare,10,619.23
D0362,T02,2024-06,DiabetoShield,6,549.45
D0362,T02,2024-06,SugarBlock,17,691.97
D0362,T02,2024-07,GlucoCare,9,638.08
D0362,T02,2024-07,DiabetoShield,2,551.25
D0362,T02,2024-07,SugarBlock,21,701.28
D0362,T02,2024-08,GlucoCare,12,631.24
D0362,T02,2024-08,DiabetoShield,6,575.36
D0362,T02,2024-08,SugarBlock,13,702.69
D0362,T02,2024-09,GlucoCare,14,624.81
D0362,T02,2024-09,DiabetoShield,16,559.86
D0362,T02,2024-09,SugarBlock,6,687.28
D0362,T02,2024-10,GlucoCare,14,624.56
D0362,T02,2024-10,DiabetoShield,9,550.84
D0362,T02,2024-10,SugarBlock,13,682.91
D0362,T02,2024-11,GlucoCare,9,634.01
D0362,T02,2024-11,DiabetoShield,19,546.12
D0362,T02,2024-11,SugarBlock,1,707.67
D0362,T02,2024-12,GlucoCare,10,628.23
D0362,T02,2024-12,DiabetoShield,11,544.17
D0362,T02,2024-12,SugarBlock,8,689.81
D0363,T05,2024-01,GlucoCare,15,607.18
D0363,T05,2024-01,DiabetoShield,4,561.75
D0363,T05,2024-01,SugarBlock,24,704.7
D0363,T05,2024-02,GlucoCare,13,607.49
D0363,T05,2024-02,DiabetoShield,13,572.35
D0363,T05,2024-02,SugarBlock,15,705.77
D0363,T05,2024-03,GlucoCare,12,605.55
D0363,T05,2024-03,DiabetoShield,17,571.81
D0363,T05,2024-03,SugarBlock,10,670.26
D0363,T05,2024-04,GlucoCare,11,624.48
D0363,T05,2024-04,DiabetoShield,22,562.53
D0363,T05,2024-04,SugarBlock,5,708.85
D0363,T05,2024-05,GlucoCare,18,623.6
D0363,T05,2024-05,DiabetoShield,13,558.45
D0363,T05,2024-05,SugarBlock,16,677.2
D0363,T05,2024-06,GlucoCare,1,628.15
D0363,T05,2024-06,DiabetoShield,33,464.01
D0363,T05,2024-06,SugarBlock,0,594.89
D0363,T05,2024-07,GlucoCare,2,616.49
D0363,T05,2024-07,DiabetoShield,19,428.81
D0363,T05,2024-07,SugarBlock,21,541.64
D0363,T05,2024-08,GlucoCare,1,636.9
D0363,T05,2024-08,DiabetoShield,26,433.77
D0363,T05,2024-08,SugarBlock,6,567.81
D0363,T05,2024-09,GlucoCare,1,607.16
D0363,T05,2024-09,DiabetoShield,20,438.35
D0363,T05,2024-09,SugarBlock,12,567.38
D0363,T05,2024-10,GlucoCare,1,614.58
D0363,T05,2024-10,DiabetoShield,9,430.86
D0363,T05,2024-10,SugarBlock,29,550.99
D0363,T05,2024-11,GlucoCare,1,614.85
D0363,T05,2024-11,DiabetoShield,12,420.62
D0363,T05,2024-11,SugarBlock,22,554.11
D0363,T05,2024-12,GlucoCare,1,607.68
D0363,T05,2024-12,DiabetoShield,10,466.31
D0363,T05,2024-12,SugarBlock,17,509.23
D0364,T05,2024-01,GlucoCare,13,607.18
D0364,T05,2024-01,DiabetoShield,8,561.75
D0364,T05,2024-01,SugarBlock,7,704.7
D0364,T05,2024-02,GlucoCare,13,607.49
D0364,T05,2024-02,DiabetoShield,7,572.35
D0364,T05,2024-02,SugarBlock,7,705.77
D0364,T05,2024-03,GlucoCare,15,605.55
D0364,T05,2024-03,DiabetoShield,1,571.81
D0364,T05,2024-03,SugarBlock,16,670.26
D0364,T05,2024-04,GlucoCare,12,624.48
D0364,T05,2024-04,DiabetoShield,0,562.53
D0364,T05,2024-04,SugarBlock,16,708.85
D0364,T05,2024-05,GlucoCare,9,623.6
D0364,T05,2024-05,DiabetoShield,5,558.45
D0364,T05,2024-05,SugarBlock,11,677.2
D0364,T05,2024-06,GlucoCare,5,628.15
D0364,T05,2024-06,DiabetoShield,4,464.01
D0364,T05,2024-06,SugarBlock,17,594.89
D0364,T05,2024-07,GlucoCare,4,616.49
D0364,T05,2024-07,DiabetoShield,18,428.81
D0364,T05,2024-07,SugarBlock,8,541.64
D0364,T05,2024-08,GlucoCare,2,636.9
D0364,T05,2024-08,DiabetoShield,16,433.77
D0364,T05,2024-08,SugarBlock,3,567.81
D0364,T05,2024-09,GlucoCare,6,607.16
D0364,T05,2024-09,DiabetoShield,9,438.35
D0364,T05,2024-09,SugarBlock,13,567.38
D0364,T05,2024-10,GlucoCare,4,614.58
D0364,T05,2024-10,DiabetoShield,11,430.86
D0364,T05,2024-10,SugarBlock,10,550.99
D0364,T05,2024-11,GlucoCare,2,614.85
D0364,T05,2024-11,DiabetoShield,6,420.62
D0364,T05,2024-11,SugarBlock,14,554.11
D0364,T05,2024-12,GlucoCare,2,607.68
D0364,T05,2024-12,DiabetoShield,17,466.31
D0364,T05,2024-12,SugarBlock,2,509.23
D0365,T07,2024-01,GlucoCare,23,613.28
D0365,T07,2024-01,DiabetoShield,21,543.71
D0365,T07,2024-01,SugarBlock,11,677.97
D0365,T07,2024-02,GlucoCare,16,612.1
D0365,T07,2024-02,DiabetoShield,17,573.04
D0365,T07,2024-02,SugarBlock,10,707.05
D0365,T07,2024-03,GlucoCare,16,610.51
D0365,T07,2024-03,DiabetoShield,23,551.66
D0365,T07,2024-03,SugarBlock,6,687.12
D0365,T07,2024-04,GlucoCare,20,611.2
D0365,T07,2024-04,DiabetoShield,21,570.85
D0365,T07,2024-04,SugarBlock,14,698.24
D0365,T07,2024-05,GlucoCare,18,636.2
D0365,T07,2024-05,DiabetoShield,26,557.23
D0365,T07,2024-05,SugarBlock,2,710.52
D0365,T07,2024-06,GlucoCare,22,616.5
D0365,T07,2024-06,DiabetoShield,15,551.15
D0365,T07,2024-06,SugarBlock,15,703.48
D0365,T07,2024-07,GlucoCare,27,626.91
D0365,T07,2024-07,DiabetoShield,15,558.06
D0365,T07,2024-07,SugarBlock,13,695.42
D0365,T07,2024-08,GlucoCare,23,603.04
D0365,T07,2024-08,DiabetoShield,4,561.75
D0365,T07,2024-08,SugarBlock,26,670.02
D0365,T07,2024-09,GlucoCare,6,620.92
D0365,T07,2024-09,DiabetoShield,56,571.9
D0365,T07,2024-09,SugarBlock,0,672.66
D0365,T07,2024-10,GlucoCare,5,612.68
D0365,T07,2024-10,DiabetoShield,7,554.25
D0365,T07,2024-10,SugarBlock,42,673.03
D0365,T07,2024-11,GlucoCare,7,621.64
D0365,T07,2024-11,DiabetoShield,13,570.54
D0365,T07,2024-11,SugarBlock,27,694.51
D0365,T07,2024-12,GlucoCare,6,605.15
D0365,T07,2024-12,DiabetoShield,40,551.02
D0365,T07,2024-12,SugarBlock,11,688.97
D0366,T07,2024-01,GlucoCare,13,613.28
D0366,T07,2024-01,DiabetoShield,20,543.71
D0366,T07,2024-01,SugarBlock,12,677.97
D0366,T07,2024-02,GlucoCare,16,612.1
D0366,T07,2024-02,DiabetoShield,29,573.04
D0366,T07,2024-02,SugarBlock,10,707.05
D0366,T07,2024-03,GlucoCare,9,610.51
D0366,T07,2024-03,DiabetoShield,3,551.66
D0366,T07,2024-03,SugarBlock,31,687.12
D0366,T07,2024-04,GlucoCare,14,611.2
D0366,T07,2024-04,DiabetoShield,28,570.85
D0366,T07,2024-04,SugarBlock,5,698.24
D0366,T07,2024-05,GlucoCare,21,636.2
D0366,T07,2024-05,DiabetoShield,32,557.23
D0366,T07,2024-05,SugarBlock,1,710.52
D0366,T07,2024-06,GlucoCare,13,616.5
D0366,T07,2024-06,DiabetoShield,2,551.15
D0366,T07,2024-06,SugarBlock,33,703.48
D0366,T07,2024-07,GlucoCare,20,626.91
D0366,T07,2024-07,DiabetoShield,15,558.06
D0366,T07,2024-07,SugarBlock,23,695.42
D0366,T07,2024-08,GlucoCare,8,603.04
D0366,T07,2024-08,DiabetoShield,6,561.75
D0366,T07,2024-08,SugarBlock,32,670.02
D0366,T07,2024-09,GlucoCare,21,620.92
D0366,T07,2024-09,DiabetoShield,2,571.9
D0366,T07,2024-09,SugarBlock,34,672.66
D0366,T07,2024-10,GlucoCare,14,612.68
D0366,T07,2024-10,DiabetoShield,3,554.25
D0366,T07,2024-10,SugarBlock,28,673.03
D0366,T07,2024-11,GlucoCare,9,621.64
D0366,T07,2024-11,DiabetoShield,20,570.54
D0366,T07,2024-11,SugarBlock,14,694.51
D0366,T07,2024-12,GlucoCare,11,605.15
D0366,T07,2024-12,DiabetoShield,4,551.02
D0366,T07,2024-12,SugarBlock,28,688.97
D0367,T03,2024-01,GlucoCare,8,618.03
D0367,T03,2024-01,DiabetoShield,0,564.57
D0367,T03,2024-01,SugarBlock,14,686.67
D0367,T03,2024-02,GlucoCare,12,637.81
D0367,T03,2024-02,DiabetoShield,7,558.6
D0367,T03,2024-02,SugarBlock,5,670.51
D0367,T03,2024-03,GlucoCare,8,612.18
D0367,T03,2024-03,DiabetoShield,11,552.19
D0367,T03,2024-03,SugarBlock,4,673.73
D0367,T03,2024-04,GlucoCare,10,603.73
D0367,T03,2024-04,DiabetoShield,2,571.56
D0367,T03,2024-04,SugarBlock,11,671.69
D0367,T03,2024-05,GlucoCare,6,604.54
D0367,T03,2024-05,DiabetoShield,3,545.82
D0367,T03,2024-05,SugarBlock,9,696.02
D0367,T03,2024-06,GlucoCare,6,618.48
D0367,T03,2024-06,DiabetoShield,12,556.75
D0367,T03,2024-06,SugarBlock,1,701.21
D0367,T03,2024-07,GlucoCare,7,619.15
D0367,T03,2024-07,DiabetoShield,2,557.5
D0367,T03,2024-07,SugarBlock,11,698.91
D0367,T03,2024-08,GlucoCare,6,613.87
D0367,T03,2024-08,DiabetoShield,1,551.6
D0367,T03,2024-08,SugarBlock,10,705.1
D0367,T03,2024-09,GlucoCare,9,602.28
D0367,T03,2024-09,DiabetoShield,3,564.56
D0367,T03,2024-09,SugarBlock,9,671.21
D0367,T03,2024-10,GlucoCare,9,605.99
D0367,T03,2024-10,DiabetoShield,12,550.99
D0367,T03,2024-10,SugarBlock,5,679.33
D0367,T03,2024-11,GlucoCare,10,623.43
D0367,T03,2024-11,DiabetoShield,3,563.63
D0367,T03,2024-11,SugarBlock,11,708.2
D0367,T03,2024-12,GlucoCare,10,630.46
D0367,T03,2024-12,DiabetoShield,15,543.98
D0367,T03,2024-12,SugarBlock,0,686.2
D0368,T06,2024-01,GlucoCare,13,611.27
D0368,T06,2024-01,DiabetoShield,9,554.84
D0368,T06,2024-01,SugarBlock,14,690.22
D0368,T06,2024-02,GlucoCare,11,607.59
D0368,T06,2024-02,DiabetoShield,17,574.29
D0368,T06,2024-02,SugarBlock,8,675.89
D0368,T06,2024-03,GlucoCare,8,634.59
D0368,T06,2024-03,DiabetoShield,5,552.55
D0368,T06,2024-03,SugarBlock,15,693.38
D0368,T06,2024-04,GlucoCare,10,617.98
D0368,T06,2024-04,DiabetoShield,2,549.04
D0368,T06,2024-04,SugarBlock,24,674.05
D0368,T06,2024-05,GlucoCare,11,617.89
D0368,T06,2024-05,DiabetoShield,5,557.73
D0368,T06,2024-05,SugarBlock,18,670.85
D0368,T06,2024-06,GlucoCare,12,614.8
D0368,T06,2024-06,DiabetoShield,15,544.12
D0368,T06,2024-06,SugarBlock,10,671.82
D0368,T06,2024-07,GlucoCare,9,628.77
D0368,T06,2024-07,DiabetoShield,2,573.7
D0368,T06,2024-07,SugarBlock,20,677.41
D0368,T06,2024-08,GlucoCare,9,618.13
D0368,T06,2024-08,DiabetoShield,19,573.99
D0368,T06,2024-08,SugarBlock,6,682.39
D0368,T06,2024-09,GlucoCare,10,607.77
D0368,T06,2024-09,DiabetoShield,5,566.77
D0368,T06,2024-09,SugarBlock,15,679.38
D0368,T06,2024-10,GlucoCare,7,619.7
D0368,T06,2024-10,DiabetoShield,19,553.39
D0368,T06,2024-10,SugarBlock,4,685.51
D0368,T06,2024-11,GlucoCare,11,609.09
D0368,T06,2024-11,DiabetoShield,11,543.78
D0368,T06,2024-11,SugarBlock,12,685.03
D0368,T06,2024-12,GlucoCare,13,633.8
D0368,T06,2024-12,DiabetoShield,26,566.06
D0368,T06,2024-12,SugarBlock,1,705.71
D0369,T05,2024-01,GlucoCare,8,607.18
D0369,T05,2024-01,DiabetoShield,9,561.75
D0369,T05,2024-01,SugarBlock,6,704.7
D0369,T05,2024-02,GlucoCare,6,607.49
D0369,T05,2024-02,DiabetoShield,13,572.35
D0369,T05,2024-02,SugarBlock,3,705.77
D0369,T05,2024-03,GlucoCare,7,605.55
D0369,T05,2024-03,DiabetoShield,1,571.81
D0369,T05,2024-03,SugarBlock,17,670.26
D0369,T05,2024-04,GlucoCare,8,624.48
D0369,T05,2024-04,DiabetoShield,17,562.53
D0369,T05,2024-04,SugarBlock,2,708.85
D0369,T05,2024-05,GlucoCare,9,623.6
D0369,T05,2024-05,DiabetoShield,0,558.45
D0369,T05,2024-05,SugarBlock,17,677.2
D0369,T05,2024-06,GlucoCare,4,628.15
D0369,T05,2024-06,DiabetoShield,9,464.01
D0369,T05,2024-06,SugarBlock,12,594.89
D0369,T05,2024-07,GlucoCare,2,616.49
D0369,T05,2024-07,DiabetoShield,14,428.81
D0369,T05,2024-07,SugarBlock,12,541.64
D0369,T05,2024-08,GlucoCare,3,636.9
D0369,T05,2024-08,DiabetoShield,19,433.77
D0369,T05,2024-08,SugarBlock,4,567.81
D0369,T05,2024-09,GlucoCare,5,607.16
D0369,T05,2024-09,DiabetoShield,14,438.35
D0369,T05,2024-09,SugarBlock,8,567.38
D0369,T05,2024-10,GlucoCare,2,614.58
D0369,T05,2024-10,DiabetoShield,13,430.86
D0369,T05,2024-10,SugarBlock,9,550.99
D0369,T05,2024-11,GlucoCare,1,614.85
D0369,T05,2024-11,DiabetoShield,22,420.62
D0369,T05,2024-11,SugarBlock,1,554.11
D0369,T05,2024-12,GlucoCare,2,607.68
D0369,T05,2024-12,DiabetoShield,6,466.31
D0369,T05,2024-12,SugarBlock,21,509.23
D0370,T02,2024-01,GlucoCare,5,638.1
D0370,T02,2024-01,DiabetoShield,7,575.44
D0370,T02,2024-01,SugarBlock,6,707.18
D0370,T02,2024-02,GlucoCare,7,634.21
D0370,T02,2024-02,DiabetoShield,6,545.53
D0370,T02,2024-02,SugarBlock,8,706.91
D0370,T02,2024-03,GlucoCare,7,610.52
D0370,T02,2024-03,DiabetoShield,7,571.37
D0370,T02,2024-03,SugarBlock,9,700.1
D0370,T02,2024-04,GlucoCare,7,632.36
D0370,T02,2024-04,DiabetoShield,10,559.53
D0370,T02,2024-04,SugarBlock,1,686.89
D0370,T02,2024-05,GlucoCare,7,623.69
D0370,T02,2024-05,DiabetoShield,12,572.17
D0370,T02,2024-05,SugarBlock,4,696.11
D0370,T02,2024-06,GlucoCare,7,619.23
D0370,T02,2024-06,DiabetoShield,13,549.45
D0370,T02,2024-06,SugarBlock,2,691.97
D0370,T02,2024-07,GlucoCare,5,638.08
D0370,T02,2024-07,DiabetoShield,1,551.25
D0370,T02,2024-07,SugarBlock,12,701.28
D0370,T02,2024-08,GlucoCare,8,631.24
D0370,T02,2024-08,DiabetoShield,5,575.36
D0370,T02,2024-08,SugarBlock,8,702.69
D0370,T02,2024-09,GlucoCare,6,624.81
D0370,T02,2024-09,DiabetoShield,1,559.86
D0370,T02,2024-09,SugarBlock,10,687.28
D0370,T02,2024-10,GlucoCare,6,624.56
D0370,T02,2024-10,DiabetoShield,2,550.84
D0370,T02,2024-10,SugarBlock,11,682.91
D0370,T02,2024-11,GlucoCare,5,634.01
D0370,T02,2024-11,DiabetoShield,1,546.12
D0370,T02,2024-11,SugarBlock,14,707.67
D0370,T02,2024-12,GlucoCare,7,628.23
D0370,T02,2024-12,DiabetoShield,11,544.17
D0370,T02,2024-12,SugarBlock,2,689.81
D0371,T05,2024-01,GlucoCare,10,607.18
D0371,T05,2024-01,DiabetoShield,4,561.75
D0371,T05,2024-01,SugarBlock,8,704.7
D0371,T05,2024-02,GlucoCare,9,607.49
D0371,T05,2024-02,DiabetoShield,13,572.35
D0371,T05,2024-02,SugarBlock,2,705.77
D0371,T05,2024-03,GlucoCare,8,605.55
D0371,T05,2024-03,DiabetoShield,6,571.81
D0371,T05,2024-03,SugarBlock,9,670.26
D0371,T05,2024-04,GlucoCare,10,624.48
D0371,T05,2024-04,DiabetoShield,8,562.53
D0371,T05,2024-04,SugarBlock,6,708.85
D0371,T05,2024-05,GlucoCare,8,623.6
D0371,T05,2024-05,DiabetoShield,8,558.45
D0371,T05,2024-05,SugarBlock,6,677.2
D0371,T05,2024-06,GlucoCare,3,628.15
D0371,T05,2024-06,DiabetoShield,7,464.01
D0371,T05,2024-06,SugarBlock,7,594.89
D0371,T05,2024-07,GlucoCare,2,616.49
D0371,T05,2024-07,DiabetoShield,3,428.81
D0371,T05,2024-07,SugarBlock,14,541.64
D0371,T05,2024-08,GlucoCare,3,636.9
D0371,T05,2024-08,DiabetoShield,16,433.77
D0371,T05,2024-08,SugarBlock,1,567.81
D0371,T05,2024-09,GlucoCare,5,607.16
D0371,T05,2024-09,DiabetoShield,12,438.35
D0371,T05,2024-09,SugarBlock,3,567.38
D0371,T05,2024-10,GlucoCare,3,614.58
D0371,T05,2024-10,DiabetoShield,12,430.86
D0371,T05,2024-10,SugarBlock,3,550.99
D0371,T05,2024-11,GlucoCare,3,614.85
D0371,T05,2024-11,DiabetoShield,10,420.62
D0371,T05,2024-11,SugarBlock,6,554.11
D0371,T05,2024-12,GlucoCare,3,607.68
D0371,T05,2024-12,DiabetoShield,8,466.31
D0371,T05,2024-12,SugarBlock,8,509.23
D0372,T02,2024-01,GlucoCare,10,638.1
D0372,T02,2024-01,DiabetoShield,20,575.44
D0372,T02,2024-01,SugarBlock,8,707.18
D0372,T02,2024-02,GlucoCare,7,634.21
D0372,T02,2024-02,DiabetoShield,15,545.53
D0372,T02,2024-02,SugarBlock,12,706.91
D0372,T02,2024-03,GlucoCare,9,610.52
D0372,T02,2024-03,DiabetoShield,21,571.37
D0372,T02,2024-03,SugarBlock,3,700.1
D0372,T02,2024-04,GlucoCare,10,632.36
D0372,T02,2024-04,DiabetoShield,17,559.53
D0372,T02,2024-04,SugarBlock,11,686.89
D0372,T02,2024-05,GlucoCare,8,623.69
D0372,T02,2024-05,DiabetoShield,7,572.17
D0372,T02,2024-05,SugarBlock,19,696.11
D0372,T02,2024-06,GlucoCare,6,619.23
D0372,T02,2024-06,DiabetoShield,7,549.45
D0372,T02,2024-06,SugarBlock,16,691.97
D0372,T02,2024-07,GlucoCare,9,638.08
D0372,T02,2024-07,DiabetoShield,13,551.25
D0372,T02,2024-07,SugarBlock,15,701.28
D0372,T02,2024-08,GlucoCare,8,631.24
D0372,T02,2024-08,DiabetoShield,3,575.36
D0372,T02,2024-08,SugarBlock,23,702.69
D0372,T02,2024-09,GlucoCare,11,624.81
D0372,T02,2024-09,DiabetoShield,4,559.86
D0372,T02,2024-09,SugarBlock,25,687.28
D0372,T02,2024-10,GlucoCare,9,624.56
D0372,T02,2024-10,DiabetoShield,16,550.84
D0372,T02,2024-10,SugarBlock,6,682.91
D0372,T02,2024-11,GlucoCare,9,634.01
D0372,T02,2024-11,DiabetoShield,14,546.12
D0372,T02,2024-11,SugarBlock,17,707.67
D0372,T02,2024-12,GlucoCare,8,628.23
D0372,T02,2024-12,DiabetoShield,10,544.17
D0372,T02,2024-12,SugarBlock,18,689.81
D0373,T02,2024-01,GlucoCare,8,638.1
D0373,T02,2024-01,DiabetoShield,6,575.44
D0373,T02,2024-01,SugarBlock,7,707.18
D0373,T02,2024-02,GlucoCare,7,634.21
D0373,T02,2024-02,DiabetoShield,8,545.53
D0373,T02,2024-02,SugarBlock,6,706.91
D0373,T02,2024-03,GlucoCare,8,610.52
D0373,T02,2024-03,DiabetoShield,11,571.37
D0373,T02,2024-03,SugarBlock,2,700.1
D0373,T02,2024-04,GlucoCare,6,632.36
D0373,T02,2024-04,DiabetoShield,2,559.53
D0373,T02,2024-04,SugarBlock,9,686.89
D0373,T02,2024-05,GlucoCare,7,623.69
D0373,T02,2024-05,DiabetoShield,2,572.17
D0373,T02,2024-05,SugarBlock,12,696.11
D0373,T02,2024-06,GlucoCare,10,619.23
D0373,T02,2024-06,DiabetoShield,1,549.45
D0373,T02,2024-06,SugarBlock,13,691.97
D0373,T02,2024-07,GlucoCare,9,638.08
D0373,T02,2024-07,DiabetoShield,9,551.25
D0373,T02,2024-07,SugarBlock,3,701.28
D0373,T02,2024-08,GlucoCare,10,631.24
D0373,T02,2024-08,DiabetoShield,1,575.36
D0373,T02,2024-08,SugarBlock,12,702.69
D0373,T02,2024-09,GlucoCare,5,624.81
D0373,T02,2024-09,DiabetoShield,3,559.86
D0373,T02,2024-09,SugarBlock,8,687.28
D0373,T02,2024-10,GlucoCare,8,624.56
D0373,T02,2024-10,DiabetoShield,2,550.84
D0373,T02,2024-10,SugarBlock,9,682.91
D0373,T02,2024-11,GlucoCare,7,634.01
D0373,T02,2024-11,DiabetoShield,10,546.12
D0373,T02,2024-11,SugarBlock,4,707.67
D0373,T02,2024-12,GlucoCare,6,628.23
D0373,T02,2024-12,DiabetoShield,5,544.17
D0373,T02,2024-12,SugarBlock,9,689.81
D0374,T03,2024-01,GlucoCare,15,618.03
D0374,T03,2024-01,DiabetoShield,23,564.57
D0374,T03,2024-01,SugarBlock,1,686.67
D0374,T03,2024-02,GlucoCare,25,637.81
D0374,T03,2024-02,DiabetoShield,3,558.6
D0374,T03,2024-02,SugarBlock,17,670.51
D0374,T03,2024-03,GlucoCare,15,612.18
D0374,T03,2024-03,DiabetoShield,20,552.19
D0374,T03,2024-03,SugarBlock,2,673.73
D0374,T03,2024-04,GlucoCare,18,603.73
D0374,T03,2024-04,DiabetoShield,8,571.56
D0374,T03,2024-04,SugarBlock,15,671.69
D0374,T03,2024-05,GlucoCare,15,604.54
D0374,T03,2024-05,DiabetoShield,11,545.82
D0374,T03,2024-05,SugarBlock,16,696.02
D0374,T03,2024-06,GlucoCare,14,618.48
D0374,T03,2024-06,DiabetoShield,4,556.75
D0374,T03,2024-06,SugarBlock,18,701.21
D0374,T03,2024-07,GlucoCare,15,619.15
D0374,T03,2024-07,DiabetoShield,8,557.5
D0374,T03,2024-07,SugarBlock,11,698.91
D0374,T03,2024-08,GlucoCare,14,613.87
D0374,T03,2024-08,DiabetoShield,4,551.6
D0374,T03,2024-08,SugarBlock,15,705.1
D0374,T03,2024-09,GlucoCare,12,602.28
D0374,T03,2024-09,DiabetoShield,16,564.56
D0374,T03,2024-09,SugarBlock,7,671.21
D0374,T03,2024-10,GlucoCare,19,605.99
D0374,T03,2024-10,DiabetoShield,22,550.99
D0374,T03,2024-10,SugarBlock,2,679.33
D0374,T03,2024-11,GlucoCare,22,623.43
D0374,T03,2024-11,DiabetoShield,9,563.63
D0374,T03,2024-11,SugarBlock,14,708.2
D0374,T03,2024-12,GlucoCare,15,630.46
D0374,T03,2024-12,DiabetoShield,16,543.98
D0374,T03,2024-12,SugarBlock,4,686.2
D0375,T10,2024-01,GlucoCare,16,625.16
D0375,T10,2024-01,DiabetoShield,24,556.67
D0375,T10,2024-01,SugarBlock,4,706.76
D0375,T10,2024-02,GlucoCare,21,620.02
D0375,T10,2024-02,DiabetoShield,14,561.81
D0375,T10,2024-02,SugarBlock,16,694.63
D0375,T10,2024-03,GlucoCare,17,613.18
D0375,T10,2024-03,DiabetoShield,1,550.51
D0375,T10,2024-03,SugarBlock,27,692.26
D0375,T10,2024-04,GlucoCare,23,605.08
D0375,T10,2024-04,DiabetoShield,1,563.35
D0375,T10,2024-04,SugarBlock,29,692.18
D0375,T10,2024-05,GlucoCare,20,635.95
D0375,T10,2024-05,DiabetoShield,17,544.47
D0375,T10,2024-05,SugarBlock,13,679.63
D0375,T10,2024-06,GlucoCare,28,610.47
D0375,T10,2024-06,DiabetoShield,30,574.24
D0375,T10,2024-06,SugarBlock,1,689.61
D0375,T10,2024-07,GlucoCare,23,637.08
D0375,T10,2024-07,DiabetoShield,12,560.97
D0375,T10,2024-07,SugarBlock,21,678.12
D0375,T10,2024-08,GlucoCare,18,603.83
D0375,T10,2024-08,DiabetoShield,8,564.59
D0375,T10,2024-08,SugarBlock,26,707.67
D0375,T10,2024-09,GlucoCare,18,618.77
D0375,T10,2024-09,DiabetoShield,19,574.82
D0375,T10,2024-09,SugarBlock,9,686.21
D0375,T10,2024-10,GlucoCare,4,601.68
D0375,T10,2024-10,DiabetoShield,42,573.58
D0375,T10,2024-10,SugarBlock,3,687.63
D0375,T10,2024-11,GlucoCare,5,614.55
D0375,T10,2024-11,DiabetoShield,20,576.61
D0375,T10,2024-11,SugarBlock,19,687.55
D0375,T10,2024-12,GlucoCare,4,607.8
D0375,T10,2024-12,DiabetoShield,44,555.29
D0375,T10,2024-12,SugarBlock,1,692.56
D0376,T01,2024-01,GlucoCare,9,609.43
D0376,T01,2024-01,DiabetoShield,11,543.32
D0376,T01,2024-01,SugarBlock,14,707.52
D0376,T01,2024-02,GlucoCare,7,626.11
D0376,T01,2024-02,DiabetoShield,8,548.16
D0376,T01,2024-02,SugarBlock,9,676.94
D0376,T01,2024-03,GlucoCare,8,612.0
D0376,T01,2024-03,DiabetoShield,18,549.67
D0376,T01,2024-03,SugarBlock,3,702.79
D0376,T01,2024-04,GlucoCare,11,637.86
D0376,T01,2024-04,DiabetoShield,5,557.53
D0376,T01,2024-04,SugarBlock,15,679.34
D0376,T01,2024-05,GlucoCare,10,612.19
D0376,T01,2024-05,DiabetoShield,4,574.04
D0376,T01,2024-05,SugarBlock,18,697.01
D0376,T01,2024-06,GlucoCare,8,635.52
D0376,T01,2024-06,DiabetoShield,9,568.66
D0376,T01,2024-06,SugarBlock,8,680.21
D0376,T01,2024-07,GlucoCare,9,609.94
D0376,T01,2024-07,DiabetoShield,12,569.85
D0376,T01,2024-07,SugarBlock,10,706.3
D0376,T01,2024-08,GlucoCare,11,604.89
D0376,T01,2024-08,DiabetoShield,2,552.0
D0376,T01,2024-08,SugarBlock,22,682.64
D0376,T01,2024-09,GlucoCare,9,627.39
D0376,T01,2024-09,DiabetoShield,15,550.7
D0376,T01,2024-09,SugarBlock,6,689.19
D0376,T01,2024-10,GlucoCare,8,620.06
D0376,T01,2024-10,DiabetoShield,3,572.64
D0376,T01,2024-10,SugarBlock,15,670.43
D0376,T01,2024-11,GlucoCare,7,619.86
D0376,T01,2024-11,DiabetoShield,15,560.15
D0376,T01,2024-11,SugarBlock,11,685.43
D0376,T01,2024-12,GlucoCare,9,604.65
D0376,T01,2024-12,DiabetoShield,5,556.69
D0376,T01,2024-12,SugarBlock,12,699.1
D0377,T09,2024-01,GlucoCare,24,607.03
D0377,T09,2024-01,DiabetoShield,17,567.47
D0377,T09,2024-01,SugarBlock,4,683.8
D0377,T09,2024-02,GlucoCare,29,629.02
D0377,T09,2024-02,DiabetoShield,3,576.39
D0377,T09,2024-02,SugarBlock,25,699.29
D0377,T09,2024-03,GlucoCare,26,622.06
D0377,T09,2024-03,DiabetoShield,16,546.15
D0377,T09,2024-03,SugarBlock,11,703.58
D0377,T09,2024-04,GlucoCare,16,627.61
D0377,T09,2024-04,DiabetoShield,21,551.04
D0377,T09,2024-04,SugarBlock,2,704.36
D0377,T09,2024-05,GlucoCare,18,631.99
D0377,T09,2024-05,DiabetoShield,24,571.61
D0377,T09,2024-05,SugarBlock,8,685.58
D0377,T09,2024-06,GlucoCare,17,628.81
D0377,T09,2024-06,DiabetoShield,14,563.39
D0377,T09,2024-06,SugarBlock,15,680.47
D0377,T09,2024-07,GlucoCare,14,609.21
D0377,T09,2024-07,DiabetoShield,11,552.52
D0377,T09,2024-07,SugarBlock,12,669.51
D0377,T09,2024-08,GlucoCare,20,604.11
D0377,T09,2024-08,DiabetoShield,12,566.89
D0377,T09,2024-08,SugarBlock,11,707.51
D0377,T09,2024-09,GlucoCare,20,634.85
D0377,T09,2024-09,DiabetoShield,7,571.68
D0377,T09,2024-09,SugarBlock,18,682.64
D0377,T09,2024-10,GlucoCare,23,610.04
D0377,T09,2024-10,DiabetoShield,18,556.93
D0377,T09,2024-10,SugarBlock,10,697.21
D0377,T09,2024-11,GlucoCare,14,634.89
D0377,T09,2024-11,DiabetoShield,18,558.77
D0377,T09,2024-11,SugarBlock,9,706.34
D0377,T09,2024-12,GlucoCare,20,633.56
D0377,T09,2024-12,DiabetoShield,12,556.63
D0377,T09,2024-12,SugarBlock,18,674.56
D0378,T03,2024-01,GlucoCare,16,618.03
D0378,T03,2024-01,DiabetoShield,20,564.57
D0378,T03,2024-01,SugarBlock,27,686.67
D0378,T03,2024-02,GlucoCare,16,637.81
D0378,T03,2024-02,DiabetoShield,29,558.6
D0378,T03,2024-02,SugarBlock,12,670.51
D0378,T03,2024-03,GlucoCare,12,612.18
D0378,T03,2024-03,DiabetoShield,49,552.19
D0378,T03,2024-03,SugarBlock,10,673.73
D0378,T03,2024-04,GlucoCare,19,603.73
D0378,T03,2024-04,DiabetoShield,6,571.56
D0378,T03,2024-04,SugarBlock,44,671.69
D0378,T03,2024-05,GlucoCare,18,604.54
D0378,T03,2024-05,DiabetoShield,16,545.82
D0378,T03,2024-05,SugarBlock,28,696.02
D0378,T03,2024-06,GlucoCare,10,618.48
D0378,T03,2024-06,DiabetoShield,36,556.75
D0378,T03,2024-06,SugarBlock,4,701.21
D0378,T03,2024-07,GlucoCare,22,619.15
D0378,T03,2024-07,DiabetoShield,34,557.5
D0378,T03,2024-07,SugarBlock,8,698.91
D0378,T03,2024-08,GlucoCare,19,613.87
D0378,T03,2024-08,DiabetoShield,15,551.6
D0378,T03,2024-08,SugarBlock,27,705.1
D0378,T03,2024-09,GlucoCare,19,602.28
D0378,T03,2024-09,DiabetoShield,27,564.56
D0378,T03,2024-09,SugarBlock,21,671.21
D0378,T03,2024-10,GlucoCare,14,605.99
D0378,T03,2024-10,DiabetoShield,44,550.99
D0378,T03,2024-10,SugarBlock,1,679.33
D0378,T03,2024-11,GlucoCare,17,623.43
D0378,T03,2024-11,DiabetoShield,19,563.63
D0378,T03,2024-11,SugarBlock,37,708.2
D0378,T03,2024-12,GlucoCare,15,630.46
D0378,T03,2024-12,DiabetoShield,23,543.98
D0378,T03,2024-12,SugarBlock,22,686.2
D0379,T10,2024-01,GlucoCare,13,625.16
D0379,T10,2024-01,DiabetoShield,13,556.67
D0379,T10,2024-01,SugarBlock,9,706.76
D0379,T10,2024-02,GlucoCare,12,620.02
D0379,T10,2024-02,DiabetoShield,6,561.81
D0379,T10,2024-02,SugarBlock,16,694.63
D0379,T10,2024-03,GlucoCare,11,613.18
D0379,T10,2024-03,DiabetoShield,8,550.51
D0379,T10,2024-03,SugarBlock,8,692.26
D0379,T10,2024-04,GlucoCare,11,605.08
D0379,T10,2024-04,DiabetoShield,8,563.35
D0379,T10,2024-04,SugarBlock,9,692.18
D0379,T10,2024-05,GlucoCare,13,635.95
D0379,T10,2024-05,DiabetoShield,18,544.47
D0379,T10,2024-05,SugarBlock,0,679.63
D0379,T10,2024-06,GlucoCare,12,610.47
D0379,T10,2024-06,DiabetoShield,14,574.24
D0379,T10,2024-06,SugarBlock,0,689.61
D0379,T10,2024-07,GlucoCare,10,637.08
D0379,T10,2024-07,DiabetoShield,7,560.97
D0379,T10,2024-07,SugarBlock,10,678.12
D0379,T10,2024-08,GlucoCare,14,603.83
D0379,T10,2024-08,DiabetoShield,17,564.59
D0379,T10,2024-08,SugarBlock,4,707.67
D0379,T10,2024-09,GlucoCare,12,618.77
D0379,T10,2024-09,DiabetoShield,6,574.82
D0379,T10,2024-09,SugarBlock,13,686.21
D0379,T10,2024-10,GlucoCare,14,601.68
D0379,T10,2024-10,DiabetoShield,5,573.58
D0379,T10,2024-10,SugarBlock,12,687.63
D0379,T10,2024-11,GlucoCare,11,614.55
D0379,T10,2024-11,DiabetoShield,12,576.61
D0379,T10,2024-11,SugarBlock,3,687.55
D0379,T10,2024-12,GlucoCare,8,607.8
D0379,T10,2024-12,DiabetoShield,10,555.29
D0379,T10,2024-12,SugarBlock,4,692.56
D0380,T02,2024-01,GlucoCare,21,638.1
D0380,T02,2024-01,DiabetoShield,6,575.44
D0380,T02,2024-01,SugarBlock,25,707.18
D0380,T02,2024-02,GlucoCare,22,634.21
D0380,T02,2024-02,DiabetoShield,15,545.53
D0380,T02,2024-02,SugarBlock,12,706.91
D0380,T02,2024-03,GlucoCare,20,610.52
D0380,T02,2024-03,DiabetoShield,22,571.37
D0380,T02,2024-03,SugarBlock,11,700.1
D0380,T02,2024-04,GlucoCare,31,632.36
D0380,T02,2024-04,DiabetoShield,17,559.53
D0380,T02,2024-04,SugarBlock,19,686.89
D0380,T02,2024-05,GlucoCare,19,623.69
D0380,T02,2024-05,DiabetoShield,12,572.17
D0380,T02,2024-05,SugarBlock,19,696.11
D0380,T02,2024-06,GlucoCare,17,619.23
D0380,T02,2024-06,DiabetoShield,15,549.45
D0380,T02,2024-06,SugarBlock,21,691.97
D0380,T02,2024-07,GlucoCare,13,638.08
D0380,T02,2024-07,DiabetoShield,6,551.25
D0380,T02,2024-07,SugarBlock,24,701.28
D0380,T02,2024-08,GlucoCare,22,631.24
D0380,T02,2024-08,DiabetoShield,3,575.36
D0380,T02,2024-08,SugarBlock,25,702.69
D0380,T02,2024-09,GlucoCare,23,624.81
D0380,T02,2024-09,DiabetoShield,35,559.86
D0380,T02,2024-09,SugarBlock,3,687.28
D0380,T02,2024-10,GlucoCare,28,624.56
D0380,T02,2024-10,DiabetoShield,4,550.84
D0380,T02,2024-10,SugarBlock,24,682.91
D0380,T02,2024-11,GlucoCare,25,634.01
D0380,T02,2024-11,DiabetoShield,8,546.12
D0380,T02,2024-11,SugarBlock,27,707.67
D0380,T02,2024-12,GlucoCare,27,628.23
D0380,T02,2024-12,DiabetoShield,29,544.17
D0380,T02,2024-12,SugarBlock,11,689.81
D0381,T07,2024-01,GlucoCare,17,613.28
D0381,T07,2024-01,DiabetoShield,31,543.71
D0381,T07,2024-01,SugarBlock,1,677.97
D0381,T07,2024-02,GlucoCare,20,612.1
D0381,T07,2024-02,DiabetoShield,14,573.04
D0381,T07,2024-02,SugarBlock,14,707.05
D0381,T07,2024-03,GlucoCare,15,610.51
D0381,T07,2024-03,DiabetoShield,25,551.66
D0381,T07,2024-03,SugarBlock,9,687.12
D0381,T07,2024-04,GlucoCare,19,611.2
D0381,T07,2024-04,DiabetoShield,12,570.85
D0381,T07,2024-04,SugarBlock,12,698.24
D0381,T07,2024-05,GlucoCare,15,636.2
D0381,T07,2024-05,DiabetoShield,3,557.23
D0381,T07,2024-05,SugarBlock,23,710.52
D0381,T07,2024-06,GlucoCare,18,616.5
D0381,T07,2024-06,DiabetoShield,12,551.15
D0381,T07,2024-06,SugarBlock,21,703.48
D0381,T07,2024-07,GlucoCare,20,626.91
D0381,T07,2024-07,DiabetoShield,4,558.06
D0381,T07,2024-07,SugarBlock,26,695.42
D0381,T07,2024-08,GlucoCare,15,603.04
D0381,T07,2024-08,DiabetoShield,23,561.75
D0381,T07,2024-08,SugarBlock,5,670.02
D0381,T07,2024-09,GlucoCare,17,620.92
D0381,T07,2024-09,DiabetoShield,23,571.9
D0381,T07,2024-09,SugarBlock,9,672.66
D0381,T07,2024-10,GlucoCare,13,612.68
D0381,T07,2024-10,DiabetoShield,15,554.25
D0381,T07,2024-10,SugarBlock,19,673.03
D0381,T07,2024-11,GlucoCare,17,621.64
D0381,T07,2024-11,DiabetoShield,10,570.54
D0381,T07,2024-11,SugarBlock,24,694.51
D0381,T07,2024-12,GlucoCare,21,605.15
D0381,T07,2024-12,DiabetoShield,1,551.02
D0381,T07,2024-12,SugarBlock,30,688.97
D0382,T05,2024-01,GlucoCare,17,607.18
D0382,T05,2024-01,DiabetoShield,6,561.75
D0382,T05,2024-01,SugarBlock,27,704.7
D0382,T05,2024-02,GlucoCare,18,607.49
D0382,T05,2024-02,DiabetoShield,25,572.35
D0382,T05,2024-02,SugarBlock,4,705.77
D0382,T05,2024-03,GlucoCare,17,605.55
D0382,T05,2024-03,DiabetoShield,19,571.81
D0382,T05,2024-03,SugarBlock,13,670.26
D0382,T05,2024-04,GlucoCare,13,624.48
D0382,T05,2024-04,DiabetoShield,23,562.53
D0382,T05,2024-04,SugarBlock,5,708.85
D0382,T05,2024-05,GlucoCare,18,623.6
D0382,T05,2024-05,DiabetoShield,10,558.45
D0382,T05,2024-05,SugarBlock,21,677.2
D0382,T05,2024-06,GlucoCare,9,628.15
D0382,T05,2024-06,DiabetoShield,13,464.01
D0382,T05,2024-06,SugarBlock,20,594.89
D0382,T05,2024-07,GlucoCare,8,616.49
D0382,T05,2024-07,DiabetoShield,30,428.81
D0382,T05,2024-07,SugarBlock,22,541.64
D0382,T05,2024-08,GlucoCare,10,636.9
D0382,T05,2024-08,DiabetoShield,29,433.77
D0382,T05,2024-08,SugarBlock,26,567.81
D0382,T05,2024-09,GlucoCare,8,607.16
D0382,T05,2024-09,DiabetoShield,14,438.35
D0382,T05,2024-09,SugarBlock,27,567.38
D0382,T05,2024-10,GlucoCare,5,614.58
D0382,T05,2024-10,DiabetoShield,7,430.86
D0382,T05,2024-10,SugarBlock,36,550.99
D0382,T05,2024-11,GlucoCare,5,614.85
D0382,T05,2024-11,DiabetoShield,14,420.62
D0382,T05,2024-11,SugarBlock,25,554.11
D0382,T05,2024-12,GlucoCare,2,607.68
D0382,T05,2024-12,DiabetoShield,21,466.31
D0382,T05,2024-12,SugarBlock,20,509.23
D0383,T03,2024-01,GlucoCare,7,618.03
D0383,T03,2024-01,DiabetoShield,4,564.57
D0383,T03,2024-01,SugarBlock,22,686.67
D0383,T03,2024-02,GlucoCare,7,637.81
D0383,T03,2024-02,DiabetoShield,26,558.6
D0383,T03,2024-02,SugarBlock,2,670.51
D0383,T03,2024-03,GlucoCare,7,612.18
D0383,T03,2024-03,DiabetoShield,1,552.19
D0383,T03,2024-03,SugarBlock,20,673.73
D0383,T03,2024-04,GlucoCare,10,603.73
D0383,T03,2024-04,DiabetoShield,31,571.56
D0383,T03,2024-04,SugarBlock,1,671.69
D0383,T03,2024-05,GlucoCare,10,604.54
D0383,T03,2024-05,DiabetoShield,31,545.82
D0383,T03,2024-05,SugarBlock,2,696.02
D0383,T03,2024-06,GlucoCare,9,618.48
D0383,T03,2024-06,DiabetoShield,24,556.75
D0383,T03,2024-06,SugarBlock,7,701.21
D0383,T03,2024-07,GlucoCare,13,619.15
D0383,T03,2024-07,DiabetoShield,16,557.5
D0383,T03,2024-07,SugarBlock,12,698.91
D0383,T03,2024-08,GlucoCare,10,613.87
D0383,T03,2024-08,DiabetoShield,2,551.6
D0383,T03,2024-08,SugarBlock,32,705.1
D0383,T03,2024-09,GlucoCare,7,602.28
D0383,T03,2024-09,DiabetoShield,18,564.56
D0383,T03,2024-09,SugarBlock,6,671.21
D0383,T03,2024-10,GlucoCare,9,605.99
D0383,T03,2024-10,DiabetoShield,5,550.99
D0383,T03,2024-10,SugarBlock,22,679.33
D0383,T03,2024-11,GlucoCare,8,623.43
D0383,T03,2024-11,DiabetoShield,18,563.63
D0383,T03,2024-11,SugarBlock,10,708.2
D0383,T03,2024-12,GlucoCare,10,630.46
D0383,T03,2024-12,DiabetoShield,24,543.98
D0383,T03,2024-12,SugarBlock,8,686.2
D0384,T04,2024-01,GlucoCare,10,629.41
D0384,T04,2024-01,DiabetoShield,2,576.26
D0384,T04,2024-01,SugarBlock,18,687.25
D0384,T04,2024-02,GlucoCare,11,603.63
D0384,T04,2024-02,DiabetoShield,17,547.56
D0384,T04,2024-02,SugarBlock,2,700.46
D0384,T04,2024-03,GlucoCare,11,630.21
D0384,T04,2024-03,DiabetoShield,21,562.2
D0384,T04,2024-03,SugarBlock,0,696.25
D0384,T04,2024-04,GlucoCare,13,631.44
D0384,T04,2024-04,DiabetoShield,4,560.95
D0384,T04,2024-04,SugarBlock,19,680.33
D0384,T04,2024-05,GlucoCare,13,625.0
D0384,T04,2024-05,DiabetoShield,20,547.02
D0384,T04,2024-05,SugarBlock,1,698.83
D0384,T04,2024-06,GlucoCare,6,616.83
D0384,T04,2024-06,DiabetoShield,2,446.67
D0384,T04,2024-06,SugarBlock,24,562.6
D0384,T04,2024-07,GlucoCare,8,634.68
D0384,T04,2024-07,DiabetoShield,25,486.11
D0384,T04,2024-07,SugarBlock,4,582.06
D0384,T04,2024-08,GlucoCare,4,610.9
D0384,T04,2024-08,DiabetoShield,33,468.93
D0384,T04,2024-08,SugarBlock,1,538.59
D0384,T04,2024-09,GlucoCare,6,617.06
D0384,T04,2024-09,DiabetoShield,14,458.4
D0384,T04,2024-09,SugarBlock,13,547.24
D0384,T04,2024-10,GlucoCare,4,629.25
D0384,T04,2024-10,DiabetoShield,17,473.5
D0384,T04,2024-10,SugarBlock,10,517.62
D0384,T04,2024-11,GlucoCare,5,635.66
D0384,T04,2024-11,DiabetoShield,23,441.71
D0384,T04,2024-11,SugarBlock,0,572.72
D0384,T04,2024-12,GlucoCare,5,610.98
D0384,T04,2024-12,DiabetoShield,15,452.74
D0384,T04,2024-12,SugarBlock,12,588.28
D0385,T05,2024-01,GlucoCare,9,607.18
D0385,T05,2024-01,DiabetoShield,0,561.75
D0385,T05,2024-01,SugarBlock,16,704.7
D0385,T05,2024-02,GlucoCare,7,607.49
D0385,T05,2024-02,DiabetoShield,3,572.35
D0385,T05,2024-02,SugarBlock,13,705.77
D0385,T05,2024-03,GlucoCare,9,605.55
D0385,T05,2024-03,DiabetoShield,9,571.81
D0385,T05,2024-03,SugarBlock,9,670.26
D0385,T05,2024-04,GlucoCare,7,624.48
D0385,T05,2024-04,DiabetoShield,4,562.53
D0385,T05,2024-04,SugarBlock,10,708.85
D0385,T05,2024-05,GlucoCare,10,623.6
D0385,T05,2024-05,DiabetoShield,2,558.45
D0385,T05,2024-05,SugarBlock,11,677.2
D0385,T05,2024-06,GlucoCare,4,628.15
D0385,T05,2024-06,DiabetoShield,11,464.01
D0385,T05,2024-06,SugarBlock,8,594.89
D0385,T05,2024-07,GlucoCare,4,616.49
D0385,T05,2024-07,DiabetoShield,16,428.81
D0385,T05,2024-07,SugarBlock,4,541.64
D0385,T05,2024-08,GlucoCare,2,636.9
D0385,T05,2024-08,DiabetoShield,11,433.77
D0385,T05,2024-08,SugarBlock,12,567.81
D0385,T05,2024-09,GlucoCare,4,607.16
D0385,T05,2024-09,DiabetoShield,4,438.35
D0385,T05,2024-09,SugarBlock,12,567.38
D0385,T05,2024-10,GlucoCare,2,614.58
D0385,T05,2024-10,DiabetoShield,17,430.86
D0385,T05,2024-10,SugarBlock,7,550.99
D0385,T05,2024-11,GlucoCare,2,614.85
D0385,T05,2024-11,DiabetoShield,17,420.62
D0385,T05,2024-11,SugarBlock,4,554.11
D0385,T05,2024-12,GlucoCare,3,607.68
D0385,T05,2024-12,DiabetoShield,15,466.31
D0385,T05,2024-12,SugarBlock,5,509.23
D0386,T06,2024-01,GlucoCare,19,611.27
D0386,T06,2024-01,DiabetoShield,9,554.84
D0386,T06,2024-01,SugarBlock,22,690.22
D0386,T06,2024-02,GlucoCare,19,607.59
D0386,T06,2024-02,DiabetoShield,8,574.29
D0386,T06,2024-02,SugarBlock,27,675.89
D0386,T06,2024-03,GlucoCare,17,634.59
D0386,T06,2024-03,DiabetoShield,14,552.55
D0386,T06,2024-03,SugarBlock,13,693.38
D0386,T06,2024-04,GlucoCare,13,617.98
D0386,T06,2024-04,DiabetoShield,20,549.04
D0386,T06,2024-04,SugarBlock,6,674.05
D0386,T06,2024-05,GlucoCare,13,617.89
D0386,T06,2024-05,DiabetoShield,1,557.73
D0386,T06,2024-05,SugarBlock,22,670.85
D0386,T06,2024-06,GlucoCare,20,614.8
D0386,T06,2024-06,DiabetoShield,11,544.12
D0386,T06,2024-06,SugarBlock,18,671.82
D0386,T06,2024-07,GlucoCare,11,628.77
D0386,T06,2024-07,DiabetoShield,6,573.7
D0386,T06,2024-07,SugarBlock,21,677.41
D0386,T06,2024-08,GlucoCare,14,618.13
D0386,T06,2024-08,DiabetoShield,4,573.99
D0386,T06,2024-08,SugarBlock,25,682.39
D0386,T06,2024-09,GlucoCare,13,607.77
D0386,T06,2024-09,DiabetoShield,13,566.77
D0386,T06,2024-09,SugarBlock,18,679.38
D0386,T06,2024-10,GlucoCare,16,619.7
D0386,T06,2024-10,DiabetoShield,6,553.39
D0386,T06,2024-10,SugarBlock,19,685.51
D0386,T06,2024-11,GlucoCare,17,609.09
D0386,T06,2024-11,DiabetoShield,24,543.78
D0386,T06,2024-11,SugarBlock,1,685.03
D0386,T06,2024-12,GlucoCare,14,633.8
D0386,T06,2024-12,DiabetoShield,18,566.06
D0386,T06,2024-12,SugarBlock,6,705.71
D0387,T08,2024-01,GlucoCare,26,628.82
D0387,T08,2024-01,DiabetoShield,22,555.74
D0387,T08,2024-01,SugarBlock,4,710.43
D0387,T08,2024-02,GlucoCare,21,619.89
D0387,T08,2024-02,DiabetoShield,8,576.63
D0387,T08,2024-02,SugarBlock,23,702.8
D0387,T08,2024-03,GlucoCare,13,608.44
D0387,T08,2024-03,DiabetoShield,1,573.31
D0387,T08,2024-03,SugarBlock,29,687.25
D0387,T08,2024-04,GlucoCare,18,636.52
D0387,T08,2024-04,DiabetoShield,12,556.39
D0387,T08,2024-04,SugarBlock,14,701.72
D0387,T08,2024-05,GlucoCare,27,628.79
D0387,T08,2024-05,DiabetoShield,26,552.07
D0387,T08,2024-05,SugarBlock,5,672.19
D0387,T08,2024-06,GlucoCare,5,607.82
D0387,T08,2024-06,DiabetoShield,42,556.23
D0387,T08,2024-06,SugarBlock,5,706.85
D0387,T08,2024-07,GlucoCare,6,620.8
D0387,T08,2024-07,DiabetoShield,37,574.08
D0387,T08,2024-07,SugarBlock,16,704.0
D0387,T08,2024-08,GlucoCare,5,635.05
D0387,T08,2024-08,DiabetoShield,25,562.38
D0387,T08,2024-08,SugarBlock,12,695.84
D0387,T08,2024-09,GlucoCare,4,625.84
D0387,T08,2024-09,DiabetoShield,35,575.34
D0387,T08,2024-09,SugarBlock,8,704.58
D0387,T08,2024-10,GlucoCare,6,623.58
D0387,T08,2024-10,DiabetoShield,13,563.96
D0387,T08,2024-10,SugarBlock,35,693.21
D0387,T08,2024-11,GlucoCare,8,626.91
D0387,T08,2024-11,DiabetoShield,39,571.35
D0387,T08,2024-11,SugarBlock,3,670.16
D0387,T08,2024-12,GlucoCare,4,624.64
D0387,T08,2024-12,DiabetoShield,34,566.48
D0387,T08,2024-12,SugarBlock,8,673.75
D0388,T03,2024-01,GlucoCare,13,618.03
D0388,T03,2024-01,DiabetoShield,12,564.57
D0388,T03,2024-01,SugarBlock,17,686.67
D0388,T03,2024-02,GlucoCare,15,637.81
D0388,T03,2024-02,DiabetoShield,17,558.6
D0388,T03,2024-02,SugarBlock,4,670.51
D0388,T03,2024-03,GlucoCare,14,612.18
D0388,T03,2024-03,DiabetoShield,19,552.19
D0388,T03,2024-03,SugarBlock,8,673.73
D0388,T03,2024-04,GlucoCare,16,603.73
D0388,T03,2024-04,DiabetoShield,2,571.56
D0388,T03,2024-04,SugarBlock,27,671.69
D0388,T03,2024-05,GlucoCare,21,604.54
D0388,T03,2024-05,DiabetoShield,24,545.82
D0388,T03,2024-05,SugarBlock,2,696.02
D0388,T03,2024-06,GlucoCare,19,618.48
D0388,T03,2024-06,DiabetoShield,14,556.75
D0388,T03,2024-06,SugarBlock,17,701.21
D0388,T03,2024-07,GlucoCare,21,619.15
D0388,T03,2024-07,DiabetoShield,10,557.5
D0388,T03,2024-07,SugarBlock,19,698.91
D0388,T03,2024-08,GlucoCare,15,613.87
D0388,T03,2024-08,DiabetoShield,24,551.6
D0388,T03,2024-08,SugarBlock,1,705.1
D0388,T03,2024-09,GlucoCare,21,602.28
D0388,T03,2024-09,DiabetoShield,13,564.56
D0388,T03,2024-09,SugarBlock,17,671.21
D0388,T03,2024-10,GlucoCare,14,605.99
D0388,T03,2024-10,DiabetoShield,8,550.99
D0388,T03,2024-10,SugarBlock,17,679.33
D0388,T03,2024-11,GlucoCare,22,623.43
D0388,T03,2024-11,DiabetoShield,25,563.63
D0388,T03,2024-11,SugarBlock,3,708.2
D0388,T03,2024-12,GlucoCare,16,630.46
D0388,T03,2024-12,DiabetoShield,25,543.98
D0388,T03,2024-12,SugarBlock,5,686.2
D0389,T04,2024-01,GlucoCare,11,629.41
D0389,T04,2024-01,DiabetoShield,4,576.26
D0389,T04,2024-01,SugarBlock,27,687.25
D0389,T04,2024-02,GlucoCare,13,603.63
D0389,T04,2024-02,DiabetoShield,28,547.56
D0389,T04,2024-02,SugarBlock,3,700.46
D0389,T04,2024-03,GlucoCare,14,630.21
D0389,T04,2024-03,DiabetoShield,13,562.2
D0389,T04,2024-03,SugarBlock,17,696.25
D0389,T04,2024-04,GlucoCare,12,631.44
D0389,T04,2024-04,DiabetoShield,19,560.95
D0389,T04,2024-04,SugarBlock,12,680.33
D0389,T04,2024-05,GlucoCare,13,625.0
D0389,T04,2024-05,DiabetoShield,15,547.02
D0389,T04,2024-05,SugarBlock,16,698.83
D0389,T04,2024-06,GlucoCare,3,616.83
D0389,T04,2024-06,DiabetoShield,4,446.67
D0389,T04,2024-06,SugarBlock,37,562.6
D0389,T04,2024-07,GlucoCare,1,634.68
D0389,T04,2024-07,DiabetoShield,32,486.11
D0389,T04,2024-07,SugarBlock,6,582.06
D0389,T04,2024-08,GlucoCare,1,610.9
D0389,T04,2024-08,DiabetoShield,3,468.93
D0389,T04,2024-08,SugarBlock,27,538.59
D0389,T04,2024-09,GlucoCare,2,617.06
D0389,T04,2024-09,DiabetoShield,32,458.4
D0389,T04,2024-09,SugarBlock,4,547.24
D0389,T04,2024-10,GlucoCare,1,629.25
D0389,T04,2024-10,DiabetoShield,14,473.5
D0389,T04,2024-10,SugarBlock,14,517.62
D0389,T04,2024-11,GlucoCare,4,635.66
D0389,T04,2024-11,DiabetoShield,2,441.71
D0389,T04,2024-11,SugarBlock,27,572.72
D0389,T04,2024-12,GlucoCare,5,610.98
D0389,T04,2024-12,DiabetoShield,2,452.74
D0389,T04,2024-12,SugarBlock,35,588.28
D0390,T01,2024-01,GlucoCare,6,609.43
D0390,T01,2024-01,DiabetoShield,6,543.32
D0390,T01,2024-01,SugarBlock,8,707.52
D0390,T01,2024-02,GlucoCare,12,626.11
D0390,T01,2024-02,DiabetoShield,10,548.16
D0390,T01,2024-02,SugarBlock,7,676.94
D0390,T01,2024-03,GlucoCare,8,612.0
D0390,T01,2024-03,DiabetoShield,3,549.67
D0390,T01,2024-03,SugarBlock,10,702.79
D0390,T01,2024-04,GlucoCare,9,637.86
D0390,T01,2024-04,DiabetoShield,2,557.53
D0390,T01,2024-04,SugarBlock,13,679.34
D0390,T01,2024-05,GlucoCare,8,612.19
D0390,T01,2024-05,DiabetoShield,11,574.04
D0390,T01,2024-05,SugarBlock,5,697.01
D0390,T01,2024-06,GlucoCare,13,635.52
D0390,T01,2024-06,DiabetoShield,7,568.66
D0390,T01,2024-06,SugarBlock,8,680.21
D0390,T01,2024-07,GlucoCare,10,609.94
D0390,T01,2024-07,DiabetoShield,2,569.85
D0390,T01,2024-07,SugarBlock,13,706.3
D0390,T01,2024-08,GlucoCare,6,604.89
D0390,T01,2024-08,DiabetoShield,9,552.0
D0390,T01,2024-08,SugarBlock,6,682.64
D0390,T01,2024-09,GlucoCare,7,627.39
D0390,T01,2024-09,DiabetoShield,10,550.7
D0390,T01,2024-09,SugarBlock,5,689.19
D0390,T01,2024-10,GlucoCare,7,620.06
D0390,T01,2024-10,DiabetoShield,11,572.64
D0390,T01,2024-10,SugarBlock,4,670.43
D0390,T01,2024-11,GlucoCare,15,619.86
D0390,T01,2024-11,DiabetoShield,4,560.15
D0390,T01,2024-11,SugarBlock,13,685.43
D0390,T01,2024-12,GlucoCare,8,604.65
D0390,T01,2024-12,DiabetoShield,7,556.69
D0390,T01,2024-12,SugarBlock,10,699.1
D0391,T03,2024-01,GlucoCare,7,618.03
D0391,T03,2024-01,DiabetoShield,3,564.57
D0391,T03,2024-01,SugarBlock,6,686.67
D0391,T03,2024-02,GlucoCare,7,637.81
D0391,T03,2024-02,DiabetoShield,2,558.6
D0391,T03,2024-02,SugarBlock,8,670.51
D0391,T03,2024-03,GlucoCare,6,612.18
D0391,T03,2024-03,DiabetoShield,8,552.19
D0391,T03,2024-03,SugarBlock,1,673.73
D0391,T03,2024-04,GlucoCare,7,603.73
D0391,T03,2024-04,DiabetoShield,5,571.56
D0391,T03,2024-04,SugarBlock,7,671.69
D0391,T03,2024-05,GlucoCare,5,604.54
D0391,T03,2024-05,DiabetoShield,2,545.82
D0391,T03,2024-05,SugarBlock,8,696.02
D0391,T03,2024-06,GlucoCare,6,618.48
D0391,T03,2024-06,DiabetoShield,7,556.75
D0391,T03,2024-06,SugarBlock,2,701.21
D0391,T03,2024-07,GlucoCare,7,619.15
D0391,T03,2024-07,DiabetoShield,5,557.5
D0391,T03,2024-07,SugarBlock,5,698.91
D0391,T03,2024-08,GlucoCare,8,613.87
D0391,T03,2024-08,DiabetoShield,9,551.6
D0391,T03,2024-08,SugarBlock,2,705.1
D0391,T03,2024-09,GlucoCare,5,602.28
D0391,T03,2024-09,DiabetoShield,3,564.56
D0391,T03,2024-09,SugarBlock,5,671.21
D0391,T03,2024-10,GlucoCare,5,605.99
D0391,T03,2024-10,DiabetoShield,5,550.99
D0391,T03,2024-10,SugarBlock,4,679.33
D0391,T03,2024-11,GlucoCare,8,623.43
D0391,T03,2024-11,DiabetoShield,3,563.63
D0391,T03,2024-11,SugarBlock,8,708.2
D0391,T03,2024-12,GlucoCare,6,630.46
D0391,T03,2024-12,DiabetoShield,3,543.98
D0391,T03,2024-12,SugarBlock,8,686.2
D0392,T04,2024-01,GlucoCare,15,629.41
D0392,T04,2024-01,DiabetoShield,3,576.26
D0392,T04,2024-01,SugarBlock,18,687.25
D0392,T04,2024-02,GlucoCare,9,603.63
D0392,T04,2024-02,DiabetoShield,11,547.56
D0392,T04,2024-02,SugarBlock,6,700.46
D0392,T04,2024-03,GlucoCare,12,630.21
D0392,T04,2024-03,DiabetoShield,14,562.2
D0392,T04,2024-03,SugarBlock,5,696.25
D0392,T04,2024-04,GlucoCare,12,631.44
D0392,T04,2024-04,DiabetoShield,11,560.95
D0392,T04,2024-04,SugarBlock,11,680.33
D0392,T04,2024-05,GlucoCare,12,625.0
D0392,T04,2024-05,DiabetoShield,6,547.02
D0392,T04,2024-05,SugarBlock,11,698.83
D0392,T04,2024-06,GlucoCare,7,616.83
D0392,T04,2024-06,DiabetoShield,4,446.67
D0392,T04,2024-06,SugarBlock,19,562.6
D0392,T04,2024-07,GlucoCare,6,634.68
D0392,T04,2024-07,DiabetoShield,21,486.11
D0392,T04,2024-07,SugarBlock,0,582.06
D0392,T04,2024-08,GlucoCare,3,610.9
D0392,T04,2024-08,DiabetoShield,17,468.93
D0392,T04,2024-08,SugarBlock,4,538.59
D0392,T04,2024-09,GlucoCare,4,617.06
D0392,T04,2024-09,DiabetoShield,9,458.4
D0392,T04,2024-09,SugarBlock,14,547.24
D0392,T04,2024-10,GlucoCare,6,629.25
D0392,T04,2024-10,DiabetoShield,6,473.5
D0392,T04,2024-10,SugarBlock,18,517.62
D0392,T04,2024-11,GlucoCare,3,635.66
D0392,T04,2024-11,DiabetoShield,20,441.71
D0392,T04,2024-11,SugarBlock,2,572.72
D0392,T04,2024-12,GlucoCare,5,610.98
D0392,T04,2024-12,DiabetoShield,14,452.74
D0392,T04,2024-12,SugarBlock,5,588.28
D0393,T09,2024-01,GlucoCare,9,607.03
D0393,T09,2024-01,DiabetoShield,12,567.47
D0393,T09,2024-01,SugarBlock,0,683.8
D0393,T09,2024-02,GlucoCare,7,629.02
D0393,T09,2024-02,DiabetoShield,9,576.39
D0393,T09,2024-02,SugarBlock,1,699.29
D0393,T09,2024-03,GlucoCare,7,622.06
D0393,T09,2024-03,DiabetoShield,5,546.15
D0393,T09,2024-03,SugarBlock,6,703.58
D0393,T09,2024-04,GlucoCare,8,627.61
D0393,T09,2024-04,DiabetoShield,5,551.04
D0393,T09,2024-04,SugarBlock,5,704.36
D0393,T09,2024-05,GlucoCare,5,631.99
D0393,T09,2024-05,DiabetoShield,7,571.61
D0393,T09,2024-05,SugarBlock,2,685.58
D0393,T09,2024-06,GlucoCare,8,628.81
D0393,T09,2024-06,DiabetoShield,8,563.39
D0393,T09,2024-06,SugarBlock,3,680.47
D0393,T09,2024-07,GlucoCare,7,609.21
D0393,T09,2024-07,DiabetoShield,2,552.52
D0393,T09,2024-07,SugarBlock,10,669.51
D0393,T09,2024-08,GlucoCare,7,604.11
D0393,T09,2024-08,DiabetoShield,6,566.89
D0393,T09,2024-08,SugarBlock,7,707.51
D0393,T09,2024-09,GlucoCare,6,634.85
D0393,T09,2024-09,DiabetoShield,12,571.68
D0393,T09,2024-09,SugarBlock,1,682.64
D0393,T09,2024-10,GlucoCare,6,610.04
D0393,T09,2024-10,DiabetoShield,7,556.93
D0393,T09,2024-10,SugarBlock,3,697.21
D0393,T09,2024-11,GlucoCare,9,634.89
D0393,T09,2024-11,DiabetoShield,4,558.77
D0393,T09,2024-11,SugarBlock,9,706.34
D0393,T09,2024-12,GlucoCare,5,633.56
D0393,T09,2024-12,DiabetoShield,4,556.63
D0393,T09,2024-12,SugarBlock,6,674.56
D0394,T08,2024-01,GlucoCare,5,628.82
D0394,T08,2024-01,DiabetoShield,7,555.74
D0394,T08,2024-01,SugarBlock,15,710.43
D0394,T08,2024-02,GlucoCare,9,619.89
D0394,T08,2024-02,DiabetoShield,13,576.63
D0394,T08,2024-02,SugarBlock,8,702.8
D0394,T08,2024-03,GlucoCare,9,608.44
D0394,T08,2024-03,DiabetoShield,13,573.31
D0394,T08,2024-03,SugarBlock,7,687.25
D0394,T08,2024-04,GlucoCare,9,636.52
D0394,T08,2024-04,DiabetoShield,8,556.39
D0394,T08,2024-04,SugarBlock,16,701.72
D0394,T08,2024-05,GlucoCare,13,628.79
D0394,T08,2024-05,DiabetoShield,5,552.07
D0394,T08,2024-05,SugarBlock,18,672.19
D0394,T08,2024-06,GlucoCare,9,607.82
D0394,T08,2024-06,DiabetoShield,9,556.23
D0394,T08,2024-06,SugarBlock,16,706.85
D0394,T08,2024-07,GlucoCare,9,620.8
D0394,T08,2024-07,DiabetoShield,0,574.08
D0394,T08,2024-07,SugarBlock,18,704.0
D0394,T08,2024-08,GlucoCare,8,635.05
D0394,T08,2024-08,DiabetoShield,13,562.38
D0394,T08,2024-08,SugarBlock,8,695.84
D0394,T08,2024-09,GlucoCare,10,625.84
D0394,T08,2024-09,DiabetoShield,9,575.34
D0394,T08,2024-09,SugarBlock,18,704.58
D0394,T08,2024-10,GlucoCare,11,623.58
D0394,T08,2024-10,DiabetoShield,22,563.96
D0394,T08,2024-10,SugarBlock,4,693.21
D0394,T08,2024-11,GlucoCare,13,626.91
D0394,T08,2024-11,DiabetoShield,2,571.35
D0394,T08,2024-11,SugarBlock,26,670.16
D0394,T08,2024-12,GlucoCare,12,624.64
D0394,T08,2024-12,DiabetoShield,16,566.48
D0394,T08,2024-12,SugarBlock,8,673.75
D0395,T08,2024-01,GlucoCare,8,628.82
D0395,T08,2024-01,DiabetoShield,4,555.74
D0395,T08,2024-01,SugarBlock,9,710.43
D0395,T08,2024-02,GlucoCare,8,619.89
D0395,T08,2024-02,DiabetoShield,0,576.63
D0395,T08,2024-02,SugarBlock,14,702.8
D0395,T08,2024-03,GlucoCare,6,608.44
D0395,T08,2024-03,DiabetoShield,12,573.31
D0395,T08,2024-03,SugarBlock,3,687.25
D0395,T08,2024-04,GlucoCare,7,636.52
D0395,T08,2024-04,DiabetoShield,12,556.39
D0395,T08,2024-04,SugarBlock,3,701.72
D0395,T08,2024-05,GlucoCare,6,628.79
D0395,T08,2024-05,DiabetoShield,9,552.07
D0395,T08,2024-05,SugarBlock,5,672.19
D0395,T08,2024-06,GlucoCare,8,607.82
D0395,T08,2024-06,DiabetoShield,8,556.23
D0395,T08,2024-06,SugarBlock,8,706.85
D0395,T08,2024-07,GlucoCare,8,620.8
D0395,T08,2024-07,DiabetoShield,0,574.08
D0395,T08,2024-07,SugarBlock,15,704.0
D0395,T08,2024-08,GlucoCare,7,635.05
D0395,T08,2024-08,DiabetoShield,15,562.38
D0395,T08,2024-08,SugarBlock,2,695.84
D0395,T08,2024-09,GlucoCare,7,625.84
D0395,T08,2024-09,DiabetoShield,5,575.34
D0395,T08,2024-09,SugarBlock,7,704.58
D0395,T08,2024-10,GlucoCare,10,623.58
D0395,T08,2024-10,DiabetoShield,7,563.96
D0395,T08,2024-10,SugarBlock,11,693.21
D0395,T08,2024-11,GlucoCare,5,626.91
D0395,T08,2024-11,DiabetoShield,2,571.35
D0395,T08,2024-11,SugarBlock,12,670.16
D0395,T08,2024-12,GlucoCare,6,624.64
D0395,T08,2024-12,DiabetoShield,5,566.48
D0395,T08,2024-12,SugarBlock,9,673.75
D0396,T03,2024-01,GlucoCare,37,618.03
D0396,T03,2024-01,DiabetoShield,58,564.57
D0396,T03,2024-01,SugarBlock,3,686.67
D0396,T03,2024-02,GlucoCare,39,637.81
D0396,T03,2024-02,DiabetoShield,60,558.6
D0396,T03,2024-02,SugarBlock,0,670.51
D0396,T03,2024-03,GlucoCare,29,612.18
D0396,T03,2024-03,DiabetoShield,8,552.19
D0396,T03,2024-03,SugarBlock,46,673.73
D0396,T03,2024-04,GlucoCare,33,603.73
D0396,T03,2024-04,DiabetoShield,17,571.56
D0396,T03,2024-04,SugarBlock,43,671.69
D0396,T03,2024-05,GlucoCare,28,604.54
D0396,T03,2024-05,DiabetoShield,50,545.82
D0396,T03,2024-05,SugarBlock,5,696.02
D0396,T03,2024-06,GlucoCare,37,618.48
D0396,T03,2024-06,DiabetoShield,22,556.75
D0396,T03,2024-06,SugarBlock,41,701.21
D0396,T03,2024-07,GlucoCare,40,619.15
D0396,T03,2024-07,DiabetoShield,47,557.5
D0396,T03,2024-07,SugarBlock,1,698.91
D0396,T03,2024-08,GlucoCare,29,613.87
D0396,T03,2024-08,DiabetoShield,56,551.6
D0396,T03,2024-08,SugarBlock,12,705.1
D0396,T03,2024-09,GlucoCare,36,602.28
D0396,T03,2024-09,DiabetoShield,22,564.56
D0396,T03,2024-09,SugarBlock,24,671.21
D0396,T03,2024-10,GlucoCare,27,605.99
D0396,T03,2024-10,DiabetoShield,3,550.99
D0396,T03,2024-10,SugarBlock,41,679.33
D0396,T03,2024-11,GlucoCare,31,623.43
D0396,T03,2024-11,DiabetoShield,46,563.63
D0396,T03,2024-11,SugarBlock,3,708.2
D0396,T03,2024-12,GlucoCare,28,630.46
D0396,T03,2024-12,DiabetoShield,20,543.98
D0396,T03,2024-12,SugarBlock,36,686.2
D0397,T03,2024-01,GlucoCare,8,618.03
D0397,T03,2024-01,DiabetoShield,7,564.57
D0397,T03,2024-01,SugarBlock,9,686.67
D0397,T03,2024-02,GlucoCare,11,637.81
D0397,T03,2024-02,DiabetoShield,1,558.6
D0397,T03,2024-02,SugarBlock,16,670.51
D0397,T03,2024-03,GlucoCare,10,612.18
D0397,T03,2024-03,DiabetoShield,8,552.19
D0397,T03,2024-03,SugarBlock,13,673.73
D0397,T03,2024-04,GlucoCare,8,603.73
D0397,T03,2024-04,DiabetoShield,16,571.56
D0397,T03,2024-04,SugarBlock,1,671.69
D0397,T03,2024-05,GlucoCare,11,604.54
D0397,T03,2024-05,DiabetoShield,7,545.82
D0397,T03,2024-05,SugarBlock,10,696.02
D0397,T03,2024-06,GlucoCare,10,618.48
D0397,T03,2024-06,DiabetoShield,15,556.75
D0397,T03,2024-06,SugarBlock,5,701.21
D0397,T03,2024-07,GlucoCare,10,619.15
D0397,T03,2024-07,DiabetoShield,3,557.5
D0397,T03,2024-07,SugarBlock,15,698.91
D0397,T03,2024-08,GlucoCare,11,613.87
D0397,T03,2024-08,DiabetoShield,15,551.6
D0397,T03,2024-08,SugarBlock,0,705.1
D0397,T03,2024-09,GlucoCare,12,602.28
D0397,T03,2024-09,DiabetoShield,3,564.56
D0397,T03,2024-09,SugarBlock,16,671.21
D0397,T03,2024-10,GlucoCare,10,605.99
D0397,T03,2024-10,DiabetoShield,1,550.99
D0397,T03,2024-10,SugarBlock,16,679.33
D0397,T03,2024-11,GlucoCare,9,623.43
D0397,T03,2024-11,DiabetoShield,19,563.63
D0397,T03,2024-11,SugarBlock,1,708.2
D0397,T03,2024-12,GlucoCare,10,630.46
D0397,T03,2024-12,DiabetoShield,2,543.98
D0397,T03,2024-12,SugarBlock,19,686.2
D0398,T05,2024-01,GlucoCare,10,607.18
D0398,T05,2024-01,DiabetoShield,5,561.75
D0398,T05,2024-01,SugarBlock,9,704.7
D0398,T05,2024-02,GlucoCare,11,607.49
D0398,T05,2024-02,DiabetoShield,4,572.35
D0398,T05,2024-02,SugarBlock,10,705.77
D0398,T05,2024-03,GlucoCare,11,605.55
D0398,T05,2024-03,DiabetoShield,8,571.81
D0398,T05,2024-03,SugarBlock,7,670.26
D0398,T05,2024-04,GlucoCare,12,624.48
D0398,T05,2024-04,DiabetoShield,10,562.53
D0398,T05,2024-04,SugarBlock,5,708.85
D0398,T05,2024-05,GlucoCare,11,623.6
D0398,T05,2024-05,DiabetoShield,1,558.45
D0398,T05,2024-05,SugarBlock,16,677.2
D0398,T05,2024-06,GlucoCare,5,628.15
D0398,T05,2024-06,DiabetoShield,15,464.01
D0398,T05,2024-06,SugarBlock,2,594.89
D0398,T05,2024-07,GlucoCare,2,616.49
D0398,T05,2024-07,DiabetoShield,13,428.81
D0398,T05,2024-07,SugarBlock,6,541.64
D0398,T05,2024-08,GlucoCare,3,636.9
D0398,T05,2024-08,DiabetoShield,6,433.77
D0398,T05,2024-08,SugarBlock,12,567.81
D0398,T05,2024-09,GlucoCare,7,607.16
D0398,T05,2024-09,DiabetoShield,4,438.35
D0398,T05,2024-09,SugarBlock,19,567.38
D0398,T05,2024-10,GlucoCare,1,614.58
D0398,T05,2024-10,DiabetoShield,16,430.86
D0398,T05,2024-10,SugarBlock,3,550.99
D0398,T05,2024-11,GlucoCare,3,614.85
D0398,T05,2024-11,DiabetoShield,15,420.62
D0398,T05,2024-11,SugarBlock,4,554.11
D0398,T05,2024-12,GlucoCare,3,607.68
D0398,T05,2024-12,DiabetoShield,3,466.31
D0398,T05,2024-12,SugarBlock,16,509.23
D0399,T05,2024-01,GlucoCare,26,607.18
D0399,T05,2024-01,DiabetoShield,15,561.75
D0399,T05,2024-01,SugarBlock,37,704.7
D0399,T05,2024-02,GlucoCare,24,607.49
D0399,T05,2024-02,DiabetoShield,7,572.35
D0399,T05,2024-02,SugarBlock,36,705.77
D0399,T05,2024-03,GlucoCare,22,605.55
D0399,T05,2024-03,DiabetoShield,9,571.81
D0399,T05,2024-03,SugarBlock,48,670.26
D0399,T05,2024-04,GlucoCare,23,624.48
D0399,T05,2024-04,DiabetoShield,36,562.53
D0399,T05,2024-04,SugarBlock,9,708.85
D0399,T05,2024-05,GlucoCare,23,623.6
D0399,T05,2024-05,DiabetoShield,5,558.45
D0399,T05,2024-05,SugarBlock,49,677.2
D0399,T05,2024-06,GlucoCare,9,628.15
D0399,T05,2024-06,DiabetoShield,20,464.01
D0399,T05,2024-06,SugarBlock,49,594.89
D0399,T05,2024-07,GlucoCare,1,616.49
D0399,T05,2024-07,DiabetoShield,34,428.81
D0399,T05,2024-07,SugarBlock,15,541.64
D0399,T05,2024-08,GlucoCare,2,636.9
D0399,T05,2024-08,DiabetoShield,24,433.77
D0399,T05,2024-08,SugarBlock,35,567.81
D0399,T05,2024-09,GlucoCare,13,607.16
D0399,T05,2024-09,DiabetoShield,57,438.35
D0399,T05,2024-09,SugarBlock,4,567.38
D0399,T05,2024-10,GlucoCare,7,614.58
D0399,T05,2024-10,DiabetoShield,43,430.86
D0399,T05,2024-10,SugarBlock,23,550.99
D0399,T05,2024-11,GlucoCare,3,614.85
D0399,T05,2024-11,DiabetoShield,42,420.62
D0399,T05,2024-11,SugarBlock,18,554.11
D0399,T05,2024-12,GlucoCare,1,607.68
D0399,T05,2024-12,DiabetoShield,36,466.31
D0399,T05,2024-12,SugarBlock,26,509.23
D0400,T08,2024-01,GlucoCare,6,628.82
D0400,T08,2024-01,DiabetoShield,1,555.74
D0400,T08,2024-01,SugarBlock,11,710.43
D0400,T08,2024-02,GlucoCare,6,619.89
D0400,T08,2024-02,DiabetoShield,1,576.63
D0400,T08,2024-02,SugarBlock,11,702.8
D0400,T08,2024-03,GlucoCare,6,608.44
D0400,T08,2024-03,DiabetoShield,11,573.31
D0400,T08,2024-03,SugarBlock,1,687.25
D0400,T08,2024-04,GlucoCare,5,636.52
D0400,T08,2024-04,DiabetoShield,1,556.39
D0400,T08,2024-04,SugarBlock,9,701.72
D0400,T08,2024-05,GlucoCare,8,628.79
D0400,T08,2024-05,DiabetoShield,10,552.07
D0400,T08,2024-05,SugarBlock,1,672.19
D0400,T08,2024-06,GlucoCare,6,607.82
D0400,T08,2024-06,DiabetoShield,6,556.23
D0400,T08,2024-06,SugarBlock,5,706.85
D0400,T08,2024-07,GlucoCare,8,620.8
D0400,T08,2024-07,DiabetoShield,5,574.08
D0400,T08,2024-07,SugarBlock,7,704.0
D0400,T08,2024-08,GlucoCare,7,635.05
D0400,T08,2024-08,DiabetoShield,4,562.38
D0400,T08,2024-08,SugarBlock,6,695.84
D0400,T08,2024-09,GlucoCare,6,625.84
D0400,T08,2024-09,DiabetoShield,3,575.34
D0400,T08,2024-09,SugarBlock,7,704.58
D0400,T08,2024-10,GlucoCare,7,623.58
D0400,T08,2024-10,DiabetoShield,10,563.96
D0400,T08,2024-10,SugarBlock,2,693.21
D0400,T08,2024-11,GlucoCare,6,626.91
D0400,T08,2024-11,DiabetoShield,1,571.35
D0400,T08,2024-11,SugarBlock,9,670.16
D0400,T08,2024-12,GlucoCare,8,624.64
D0400,T08,2024-12,DiabetoShield,1,566.48
D0400,T08,2024-12,SugarBlock,12,673.75
