rep_id,doctor_id,month,calls_made,samples_given
R048,D0001,2024-01,6,5
R048,D0001,2024-02,5,15
R048,D0001,2024-03,2,4
R048,D0001,2024-04,3,7
R048,D0001,2024-05,4,5
R048,D0001,2024-06,3,5
R048,D0001,2024-07,5,0
R048,D0001,2024-08,4,12
R048,D0001,2024-09,6,17
R048,D0001,2024-10,7,12
R048,D0001,2024-11,2,6
R048,D0001,2024-12,6,10
R026,D0002,2024-01,10,7
R026,D0002,2024-02,8,19
R026,D0002,2024-03,3,0
R026,D0002,2024-04,8,21
R026,D0002,2024-05,4,2
R026,D0002,2024-06,0,0
R026,D0002,2024-07,2,3
R026,D0002,2024-08,1,1
R026,D0002,2024-09,1,2
R026,D0002,2024-10,3,1
R026,D0002,2024-11,2,1
R026,D0002,2024-12,2,3
R025,D0003,2024-01,4,11
R025,D0003,2024-02,5,5
R025,D0003,2024-03,2,0
R025,D0003,2024-04,3,3
R025,D0003,2024-05,2,0
R025,D0003,2024-06,0,0
R025,D0003,2024-07,1,2
R025,D0003,2024-08,1,2
R025,D0003,2024-09,0,0
R025,D0003,2024-10,0,0
R025,D0003,2024-11,0,0
R025,D0003,2024-12,0,0
R048,D0004,2024-01,0,0
R048,D0004,2024-02,1,2
R048,D0004,2024-03,3,5
R048,D0004,2024-04,2,4
R048,D0004,2024-05,1,3
R048,D0004,2024-06,0,0
R048,D0004,2024-07,1,2
R048,D0004,2024-08,1,1
R048,D0004,2024-09,2,4
R048,D0004,2024-10,1,0
R048,D0004,2024-11,0,0
R048,D0004,2024-12,1,1
R037,D0005,2024-01,1,0
R037,D0005,2024-02,4,10
R037,D0005,2024-03,3,6
R037,D0005,2024-04,2,3
R037,D0005,2024-05,0,0
R037,D0005,2024-06,2,3
R037,D0005,2024-07,0,0
R037,D0005,2024-08,1,0
R037,D0005,2024-09,2,3
R037,D0005,2024-10,2,6
R037,D0005,2024-11,2,6
R037,D0005,2024-12,2,3
R012,D0006,2024-01,5,9
R012,D0006,2024-02,0,0
R012,D0006,2024-03,2,0
R012,D0006,2024-04,5,10
R012,D0006,2024-05,3,2
R012,D0006,2024-06,1,3
R012,D0006,2024-07,7,13
R012,D0006,2024-08,2,2
R012,D0006,2024-09,3,8
R012,D0006,2024-10,5,12
R012,D0006,2024-11,3,5
R012,D0006,2024-12,2,2
R037,D0007,2024-01,6,4
R037,D0007,2024-02,5,10
R037,D0007,2024-03,6,10
R037,D0007,2024-04,4,7
R037,D0007,2024-05,4,11
R037,D0007,2024-06,6,7
R037,D0007,2024-07,4,12
R037,D0007,2024-08,4,0
R037,D0007,2024-09,5,14
R037,D0007,2024-10,5,2
R037,D0007,2024-11,1,0
R037,D0007,2024-12,5,13
R050,D0008,2024-01,4,2
R050,D0008,2024-02,1,2
R050,D0008,2024-03,6,10
R050,D0008,2024-04,3,6
R050,D0008,2024-05,3,6
R050,D0008,2024-06,3,3
R050,D0008,2024-07,4,0
R050,D0008,2024-08,1,1
R050,D0008,2024-09,1,1
R050,D0008,2024-10,5,11
R050,D0008,2024-11,2,0
R050,D0008,2024-12,4,12
R013,D0009,2024-01,3,7
R013,D0009,2024-02,6,5
R013,D0009,2024-03,3,5
R013,D0009,2024-04,8,13
R013,D0009,2024-05,2,1
R013,D0009,2024-06,5,5
R013,D0009,2024-07,0,0
R013,D0009,2024-08,4,11
R013,D0009,2024-09,2,3
R013,D0009,2024-10,1,2
R013,D0009,2024-11,7,0
R013,D0009,2024-12,2,3
R048,D0010,2024-01,1,3
R048,D0010,2024-02,2,1
R048,D0010,2024-03,2,2
R048,D0010,2024-04,2,1
R048,D0010,2024-05,3,5
R048,D0010,2024-06,0,0
R048,D0010,2024-07,5,1
R048,D0010,2024-08,3,9
R048,D0010,2024-09,2,2
R048,D0010,2024-10,3,3
R048,D0010,2024-11,2,3
R048,D0010,2024-12,1,3
R032,D0011,2024-01,1,3
R032,D0011,2024-02,6,11
R032,D0011,2024-03,3,6
R032,D0011,2024-04,6,6
R032,D0011,2024-05,3,4
R032,D0011,2024-06,5,3
R032,D0011,2024-07,5,15
R032,D0011,2024-08,4,3
R032,D0011,2024-09,5,14
R032,D0011,2024-10,5,1
R032,D0011,2024-11,6,2
R032,D0011,2024-12,5,9
R036,D0012,2024-01,1,2
R036,D0012,2024-02,1,0
R036,D0012,2024-03,2,3
R036,D0012,2024-04,1,1
R036,D0012,2024-05,4,6
R036,D0012,2024-06,4,3
R036,D0012,2024-07,2,0
R036,D0012,2024-08,3,7
R036,D0012,2024-09,4,1
R036,D0012,2024-10,1,1
R036,D0012,2024-11,1,1
R036,D0012,2024-12,2,3
R022,D0013,2024-01,1,2
R022,D0013,2024-02,4,7
R022,D0013,2024-03,0,0
R022,D0013,2024-04,2,3
R022,D0013,2024-05,2,2
R022,D0013,2024-06,1,0
R022,D0013,2024-07,4,0
R022,D0013,2024-08,0,0
R022,D0013,2024-09,0,0
R022,D0013,2024-10,0,0
R022,D0013,2024-11,3,1
R022,D0013,2024-12,2,5
R001,D0014,2024-01,3,1
R001,D0014,2024-02,3,6
R001,D0014,2024-03,6,12
R001,D0014,2024-04,2,5
R001,D0014,2024-05,1,3
R001,D0014,2024-06,4,3
R001,D0014,2024-07,2,5
R001,D0014,2024-08,1,1
R001,D0014,2024-09,3,6
R001,D0014,2024-10,1,0
R001,D0014,2024-11,2,3
R001,D0014,2024-12,4,5
R004,D0015,2024-01,0,0
R004,D0015,2024-02,0,0
R004,D0015,2024-03,0,0
R004,D0015,2024-04,0,0
R004,D0015,2024-05,0,0
R004,D0015,2024-06,0,0
R004,D0015,2024-07,0,0
R004,D0015,2024-08,0,0
R004,D0015,2024-09,1,1
R004,D0015,2024-10,0,0
R004,D0015,2024-11,0,0
R004,D0015,2024-12,1,1
R037,D0016,2024-01,3,5
R037,D0016,2024-02,4,11
R037,D0016,2024-03,5,5
R037,D0016,2024-04,2,4
R037,D0016,2024-05,4,11
R037,D0016,2024-06,2,2
R037,D0016,2024-07,4,3
R037,D0016,2024-08,2,1
R037,D0016,2024-09,3,0
R037,D0016,2024-10,5,11
R037,D0016,2024-11,2,1
R037,D0016,2024-12,5,4
R050,D0017,2024-01,2,0
R050,D0017,2024-02,8,21
R050,D0017,2024-03,2,1
R050,D0017,2024-04,3,5
R050,D0017,2024-05,3,5
R050,D0017,2024-06,4,5
R050,D0017,2024-07,7,6
R050,D0017,2024-08,4,8
R050,D0017,2024-09,6,17
R050,D0017,2024-10,4,10
R050,D0017,2024-11,7,15
R050,D0017,2024-12,5,3
R037,D0018,2024-01,6,16
R037,D0018,2024-02,4,7
R037,D0018,2024-03,4,10
R037,D0018,2024-04,0,0
R037,D0018,2024-05,3,7
R037,D0018,2024-06,4,9
R037,D0018,2024-07,3,3
R037,D0018,2024-08,4,12
R037,D0018,2024-09,3,1
R037,D0018,2024-10,3,9
R037,D0018,2024-11,5,12
R037,D0018,2024-12,0,0
R023,D0019,2024-01,8,20
R023,D0019,2024-02,7,15
R023,D0019,2024-03,3,7
R023,D0019,2024-04,3,6
R023,D0019,2024-05,2,1
R023,D0019,2024-06,3,0
R023,D0019,2024-07,2,0
R023,D0019,2024-08,4,6
R023,D0019,2024-09,0,0
R023,D0019,2024-10,2,2
R023,D0019,2024-11,0,0
R023,D0019,2024-12,1,3
R045,D0020,2024-01,2,1
R045,D0020,2024-02,1,0
R045,D0020,2024-03,0,0
R045,D0020,2024-04,0,0
R045,D0020,2024-05,2,2
R045,D0020,2024-06,2,1
R045,D0020,2024-07,1,1
R045,D0020,2024-08,1,2
R045,D0020,2024-09,0,0
R045,D0020,2024-10,1,3
R045,D0020,2024-11,1,0
R045,D0020,2024-12,1,3
R052,D0021,2024-01,3,2
R052,D0021,2024-02,2,6
R052,D0021,2024-03,3,7
R052,D0021,2024-04,0,0
R052,D0021,2024-05,0,0
R052,D0021,2024-06,3,6
R052,D0021,2024-07,4,8
R052,D0021,2024-08,1,0
R052,D0021,2024-09,2,2
R052,D0021,2024-10,1,2
R052,D0021,2024-11,2,1
R052,D0021,2024-12,1,3
R014,D0022,2024-01,2,3
R014,D0022,2024-02,2,2
R014,D0022,2024-03,2,6
R014,D0022,2024-04,0,0
R014,D0022,2024-05,1,2
R014,D0022,2024-06,4,7
R014,D0022,2024-07,0,0
R014,D0022,2024-08,3,1
R014,D0022,2024-09,4,12
R014,D0022,2024-10,2,5
R014,D0022,2024-11,2,3
R014,D0022,2024-12,0,0
R008,D0023,2024-01,3,8
R008,D0023,2024-02,1,0
R008,D0023,2024-03,3,4
R008,D0023,2024-04,3,9
R008,D0023,2024-05,2,2
R008,D0023,2024-06,4,2
R008,D0023,2024-07,4,8
R008,D0023,2024-08,2,6
R008,D0023,2024-09,5,14
R008,D0023,2024-10,5,3
R008,D0023,2024-11,0,0
R008,D0023,2024-12,3,0
R052,D0024,2024-01,3,1
R052,D0024,2024-02,6,14
R052,D0024,2024-03,7,20
R052,D0024,2024-04,7,0
R052,D0024,2024-05,5,7
R052,D0024,2024-06,3,4
R052,D0024,2024-07,3,1
R052,D0024,2024-08,3,0
R052,D0024,2024-09,3,6
R052,D0024,2024-10,5,3
R052,D0024,2024-11,4,11
R052,D0024,2024-12,3,6
R004,D0025,2024-01,0,0
R004,D0025,2024-02,1,2
R004,D0025,2024-03,0,0
R004,D0025,2024-04,0,0
R004,D0025,2024-05,1,0
R004,D0025,2024-06,0,0
R004,D0025,2024-07,0,0
R004,D0025,2024-08,1,3
R004,D0025,2024-09,2,0
R004,D0025,2024-10,0,0
R004,D0025,2024-11,0,0
R004,D0025,2024-12,0,0
R047,D0026,2024-01,2,4
R047,D0026,2024-02,7,9
R047,D0026,2024-03,1,3
R047,D0026,2024-04,4,8
R047,D0026,2024-05,1,0
R047,D0026,2024-06,2,6
R047,D0026,2024-07,4,11
R047,D0026,2024-08,2,4
R047,D0026,2024-09,0,0
R047,D0026,2024-10,0,0
R047,D0026,2024-11,3,2
R047,D0026,2024-12,2,2
R011,D0027,2024-01,3,6
R011,D0027,2024-02,1,3
R011,D0027,2024-03,5,1
R011,D0027,2024-04,4,10
R011,D0027,2024-05,3,9
R011,D0027,2024-06,4,0
R011,D0027,2024-07,5,10
R011,D0027,2024-08,2,4
R011,D0027,2024-09,6,9
R011,D0027,2024-10,3,7
R011,D0027,2024-11,9,17
R011,D0027,2024-12,6,2
R006,D0028,2024-01,5,7
R006,D0028,2024-02,8,12
R006,D0028,2024-03,7,20
R006,D0028,2024-04,10,13
R006,D0028,2024-05,7,21
R006,D0028,2024-06,8,16
R006,D0028,2024-07,12,0
R006,D0028,2024-08,6,0
R006,D0028,2024-09,6,16
R006,D0028,2024-10,4,11
R006,D0028,2024-11,5,6
R006,D0028,2024-12,11,6
R015,D0029,2024-01,3,6
R015,D0029,2024-02,1,3
R015,D0029,2024-03,3,1
R015,D0029,2024-04,1,1
R015,D0029,2024-05,3,5
R015,D0029,2024-06,1,0
R015,D0029,2024-07,6,15
R015,D0029,2024-08,1,2
R015,D0029,2024-09,4,6
R015,D0029,2024-10,1,1
R015,D0029,2024-11,0,0
R015,D0029,2024-12,5,14
R023,D0030,2024-01,6,4
R023,D0030,2024-02,8,6
R023,D0030,2024-03,8,5
R023,D0030,2024-04,4,10
R023,D0030,2024-05,2,4
R023,D0030,2024-06,3,4
R023,D0030,2024-07,0,0
R023,D0030,2024-08,5,0
R023,D0030,2024-09,4,9
R023,D0030,2024-10,1,2
R023,D0030,2024-11,4,7
R023,D0030,2024-12,0,0
R021,D0031,2024-01,1,1
R021,D0031,2024-02,1,2
R021,D0031,2024-03,0,0
R021,D0031,2024-04,1,3
R021,D0031,2024-05,1,3
R021,D0031,2024-06,0,0
R021,D0031,2024-07,0,0
R021,D0031,2024-08,1,0
R021,D0031,2024-09,0,0
R021,D0031,2024-10,0,0
R021,D0031,2024-11,1,2
R021,D0031,2024-12,0,0
R003,D0032,2024-01,0,0
R003,D0032,2024-02,0,0
R003,D0032,2024-03,0,0
R003,D0032,2024-04,1,2
R003,D0032,2024-05,0,0
R003,D0032,2024-06,1,3
R003,D0032,2024-07,1,0
R003,D0032,2024-08,0,0
R003,D0032,2024-09,1,3
R003,D0032,2024-10,1,1
R003,D0032,2024-11,0,0
R003,D0032,2024-12,0,0
R046,D0033,2024-01,2,1
R046,D0033,2024-02,2,3
R046,D0033,2024-03,4,10
R046,D0033,2024-04,2,4
R046,D0033,2024-05,2,2
R046,D0033,2024-06,9,24
R046,D0033,2024-07,3,0
R046,D0033,2024-08,3,9
R046,D0033,2024-09,8,15
R046,D0033,2024-10,5,8
R046,D0033,2024-11,0,0
R046,D0033,2024-12,1,0
R046,D0034,2024-01,6,6
R046,D0034,2024-02,1,1
R046,D0034,2024-03,3,4
R046,D0034,2024-04,7,14
R046,D0034,2024-05,2,3
R046,D0034,2024-06,2,1
R046,D0034,2024-07,0,0
R046,D0034,2024-08,3,4
R046,D0034,2024-09,4,12
R046,D0034,2024-10,3,5
R046,D0034,2024-11,3,1
R046,D0034,2024-12,1,3
R036,D0035,2024-01,7,2
R036,D0035,2024-02,9,23
R036,D0035,2024-03,9,26
R036,D0035,2024-04,6,1
R036,D0035,2024-05,12,13
R036,D0035,2024-06,8,21
R036,D0035,2024-07,3,8
R036,D0035,2024-08,6,12
R036,D0035,2024-09,10,26
R036,D0035,2024-10,3,2
R036,D0035,2024-11,12,9
R036,D0035,2024-12,6,13
R053,D0036,2024-01,0,0
R053,D0036,2024-02,2,5
R053,D0036,2024-03,1,0
R053,D0036,2024-04,1,3
R053,D0036,2024-05,4,4
R053,D0036,2024-06,0,0
R053,D0036,2024-07,3,9
R053,D0036,2024-08,4,7
R053,D0036,2024-09,1,2
R053,D0036,2024-10,3,1
R053,D0036,2024-11,1,3
R053,D0036,2024-12,2,1
R053,D0037,2024-01,3,6
R053,D0037,2024-02,2,0
R053,D0037,2024-03,2,2
R053,D0037,2024-04,2,2
R053,D0037,2024-05,1,3
R053,D0037,2024-06,1,0
R053,D0037,2024-07,2,4
R053,D0037,2024-08,2,4
R053,D0037,2024-09,3,9
R053,D0037,2024-10,1,2
R053,D0037,2024-11,3,5
R053,D0037,2024-12,0,0
R049,D0038,2024-01,3,9
R049,D0038,2024-02,5,2
R049,D0038,2024-03,4,7
R049,D0038,2024-04,7,17
R049,D0038,2024-05,6,7
R049,D0038,2024-06,2,1
R049,D0038,2024-07,6,16
R049,D0038,2024-08,6,18
R049,D0038,2024-09,3,7
R049,D0038,2024-10,3,3
R049,D0038,2024-11,2,5
R049,D0038,2024-12,8,7
R023,D0039,2024-01,5,15
R023,D0039,2024-02,1,0
R023,D0039,2024-03,6,4
R023,D0039,2024-04,4,2
R023,D0039,2024-05,4,12
R023,D0039,2024-06,1,0
R023,D0039,2024-07,3,7
R023,D0039,2024-08,5,0
R023,D0039,2024-09,0,0
R023,D0039,2024-10,0,0
R023,D0039,2024-11,1,1
R023,D0039,2024-12,1,2
R036,D0040,2024-01,2,5
R036,D0040,2024-02,4,0
R036,D0040,2024-03,6,17
R036,D0040,2024-04,1,3
R036,D0040,2024-05,0,0
R036,D0040,2024-06,4,1
R036,D0040,2024-07,3,7
R036,D0040,2024-08,4,7
R036,D0040,2024-09,1,2
R036,D0040,2024-10,2,5
R036,D0040,2024-11,2,0
R036,D0040,2024-12,4,11
R044,D0041,2024-01,4,5
R044,D0041,2024-02,5,0
R044,D0041,2024-03,5,0
R044,D0041,2024-04,3,9
R044,D0041,2024-05,5,5
R044,D0041,2024-06,1,0
R044,D0041,2024-07,4,7
R044,D0041,2024-08,6,14
R044,D0041,2024-09,7,12
R044,D0041,2024-10,5,3
R044,D0041,2024-11,5,10
R044,D0041,2024-12,4,5
R036,D0042,2024-01,2,4
R036,D0042,2024-02,3,1
R036,D0042,2024-03,4,11
R036,D0042,2024-04,2,6
R036,D0042,2024-05,2,6
R036,D0042,2024-06,2,0
R036,D0042,2024-07,2,1
R036,D0042,2024-08,4,5
R036,D0042,2024-09,0,0
R036,D0042,2024-10,4,6
R036,D0042,2024-11,1,1
R036,D0042,2024-12,1,2
R039,D0043,2024-01,5,2
R039,D0043,2024-02,3,3
R039,D0043,2024-03,2,6
R039,D0043,2024-04,2,1
R039,D0043,2024-05,2,4
R039,D0043,2024-06,5,0
R039,D0043,2024-07,1,3
R039,D0043,2024-08,3,3
R039,D0043,2024-09,1,0
R039,D0043,2024-10,2,3
R039,D0043,2024-11,3,7
R039,D0043,2024-12,3,1
R038,D0044,2024-01,2,3
R038,D0044,2024-02,2,5
R038,D0044,2024-03,1,0
R038,D0044,2024-04,4,4
R038,D0044,2024-05,1,0
R038,D0044,2024-06,2,1
R038,D0044,2024-07,4,0
R038,D0044,2024-08,6,14
R038,D0044,2024-09,1,2
R038,D0044,2024-10,0,0
R038,D0044,2024-11,0,0
R038,D0044,2024-12,0,0
R023,D0045,2024-01,4,8
R023,D0045,2024-02,3,3
R023,D0045,2024-03,5,13
R023,D0045,2024-04,5,13
R023,D0045,2024-05,1,1
R023,D0045,2024-06,2,3
R023,D0045,2024-07,1,0
R023,D0045,2024-08,1,2
R023,D0045,2024-09,0,0
R023,D0045,2024-10,3,4
R023,D0045,2024-11,2,1
R023,D0045,2024-12,4,3
R029,D0046,2024-01,1,3
R029,D0046,2024-02,1,3
R029,D0046,2024-03,1,1
R029,D0046,2024-04,2,4
R029,D0046,2024-05,1,2
R029,D0046,2024-06,5,10
R029,D0046,2024-07,6,4
R029,D0046,2024-08,5,9
R029,D0046,2024-09,1,3
R029,D0046,2024-10,7,7
R029,D0046,2024-11,5,0
R029,D0046,2024-12,2,4
R008,D0047,2024-01,3,5
R008,D0047,2024-02,3,6
R008,D0047,2024-03,3,7
R008,D0047,2024-04,5,13
R008,D0047,2024-05,4,5
R008,D0047,2024-06,4,9
R008,D0047,2024-07,3,5
R008,D0047,2024-08,3,3
R008,D0047,2024-09,4,6
R008,D0047,2024-10,1,2
R008,D0047,2024-11,5,13
R008,D0047,2024-12,1,1
R053,D0048,2024-01,6,4
R053,D0048,2024-02,4,11
R053,D0048,2024-03,3,4
R053,D0048,2024-04,1,3
R053,D0048,2024-05,3,9
R053,D0048,2024-06,2,5
R053,D0048,2024-07,5,11
R053,D0048,2024-08,4,7
R053,D0048,2024-09,3,8
R053,D0048,2024-10,3,0
R053,D0048,2024-11,8,22
R053,D0048,2024-12,4,9
R047,D0049,2024-01,1,1
R047,D0049,2024-02,0,0
R047,D0049,2024-03,1,0
R047,D0049,2024-04,1,0
R047,D0049,2024-05,0,0
R047,D0049,2024-06,1,0
R047,D0049,2024-07,0,0
R047,D0049,2024-08,0,0
R047,D0049,2024-09,1,0
R047,D0049,2024-10,0,0
R047,D0049,2024-11,0,0
R047,D0049,2024-12,0,0
R037,D0050,2024-01,1,1
R037,D0050,2024-02,4,5
R037,D0050,2024-03,4,1
R037,D0050,2024-04,3,9
R037,D0050,2024-05,1,0
R037,D0050,2024-06,4,4
R037,D0050,2024-07,2,3
R037,D0050,2024-08,3,1
R037,D0050,2024-09,5,6
R037,D0050,2024-10,2,3
R037,D0050,2024-11,1,2
R037,D0050,2024-12,3,1
R045,D0051,2024-01,0,0
R045,D0051,2024-02,0,0
R045,D0051,2024-03,0,0
R045,D0051,2024-04,0,0
R045,D0051,2024-05,0,0
R045,D0051,2024-06,0,0
R045,D0051,2024-07,0,0
R045,D0051,2024-08,0,0
R045,D0051,2024-09,0,0
R045,D0051,2024-10,1,2
R045,D0051,2024-11,1,1
R045,D0051,2024-12,0,0
R021,D0052,2024-01,0,0
R021,D0052,2024-02,1,0
R021,D0052,2024-03,0,0
R021,D0052,2024-04,0,0
R021,D0052,2024-05,1,3
R021,D0052,2024-06,0,0
R021,D0052,2024-07,0,0
R021,D0052,2024-08,0,0
R021,D0052,2024-09,1,1
R021,D0052,2024-10,0,0
R021,D0052,2024-11,1,2
R021,D0052,2024-12,0,0
R022,D0053,2024-01,7,0
R022,D0053,2024-02,2,5
R022,D0053,2024-03,5,3
R022,D0053,2024-04,6,16
R022,D0053,2024-05,8,6
R022,D0053,2024-06,3,1
R022,D0053,2024-07,3,6
R022,D0053,2024-08,2,5
R022,D0053,2024-09,0,0
R022,D0053,2024-10,3,2
R022,D0053,2024-11,2,3
R022,D0053,2024-12,3,6
R032,D0054,2024-01,4,3
R032,D0054,2024-02,6,14
R032,D0054,2024-03,7,10
R032,D0054,2024-04,4,1
R032,D0054,2024-05,5,4
R032,D0054,2024-06,2,0
R032,D0054,2024-07,6,5
R032,D0054,2024-08,5,1
R032,D0054,2024-09,4,1
R032,D0054,2024-10,4,1
R032,D0054,2024-11,4,4
R032,D0054,2024-12,6,12
R020,D0055,2024-01,3,1
R020,D0055,2024-02,10,6
R020,D0055,2024-03,0,0
R020,D0055,2024-04,6,8
R020,D0055,2024-05,5,14
R020,D0055,2024-06,1,3
R020,D0055,2024-07,6,16
R020,D0055,2024-08,3,2
R020,D0055,2024-09,6,0
R020,D0055,2024-10,4,3
R020,D0055,2024-11,4,6
R020,D0055,2024-12,4,5
R002,D0056,2024-01,6,0
R002,D0056,2024-02,5,3
R002,D0056,2024-03,2,6
R002,D0056,2024-04,3,6
R002,D0056,2024-05,5,6
R002,D0056,2024-06,7,17
R002,D0056,2024-07,3,5
R002,D0056,2024-08,5,15
R002,D0056,2024-09,5,14
R002,D0056,2024-10,2,1
R002,D0056,2024-11,5,9
R002,D0056,2024-12,0,0
R023,D0057,2024-01,5,14
R023,D0057,2024-02,1,0
R023,D0057,2024-03,3,0
R023,D0057,2024-04,4,12
R023,D0057,2024-05,4,12
R023,D0057,2024-06,1,2
R023,D0057,2024-07,1,3
R023,D0057,2024-08,3,8
R023,D0057,2024-09,1,2
R023,D0057,2024-10,0,0
R023,D0057,2024-11,2,4
R023,D0057,2024-12,0,0
R042,D0058,2024-01,7,4
R042,D0058,2024-02,4,7
R042,D0058,2024-03,1,3
R042,D0058,2024-04,2,1
R042,D0058,2024-05,3,8
R042,D0058,2024-06,4,2
R042,D0058,2024-07,4,11
R042,D0058,2024-08,6,12
R042,D0058,2024-09,6,0
R042,D0058,2024-10,5,8
R042,D0058,2024-11,6,14
R042,D0058,2024-12,4,3
R016,D0059,2024-01,3,2
R016,D0059,2024-02,6,6
R016,D0059,2024-03,3,8
R016,D0059,2024-04,4,2
R016,D0059,2024-05,4,10
R016,D0059,2024-06,2,2
R016,D0059,2024-07,2,1
R016,D0059,2024-08,6,0
R016,D0059,2024-09,1,1
R016,D0059,2024-10,2,1
R016,D0059,2024-11,3,7
R016,D0059,2024-12,2,4
R038,D0060,2024-01,0,0
R038,D0060,2024-02,0,0
R038,D0060,2024-03,0,0
R038,D0060,2024-04,0,0
R038,D0060,2024-05,2,3
R038,D0060,2024-06,1,2
R038,D0060,2024-07,1,1
R038,D0060,2024-08,0,0
R038,D0060,2024-09,0,0
R038,D0060,2024-10,0,0
R038,D0060,2024-11,0,0
R038,D0060,2024-12,0,0
R034,D0061,2024-01,3,4
R034,D0061,2024-02,4,7
R034,D0061,2024-03,1,0
R034,D0061,2024-04,2,1
R034,D0061,2024-05,1,0
R034,D0061,2024-06,2,4
R034,D0061,2024-07,4,3
R034,D0061,2024-08,1,0
R034,D0061,2024-09,2,2
R034,D0061,2024-10,2,3
R034,D0061,2024-11,4,8
R034,D0061,2024-12,1,3
R027,D0062,2024-01,6,0
R027,D0062,2024-02,7,18
R027,D0062,2024-03,3,9
R027,D0062,2024-04,1,3
R027,D0062,2024-05,8,24
R027,D0062,2024-06,3,2
R027,D0062,2024-07,1,0
R027,D0062,2024-08,0,0
R027,D0062,2024-09,2,0
R027,D0062,2024-10,0,0
R027,D0062,2024-11,1,2
R027,D0062,2024-12,1,0
R043,D0063,2024-01,5,1
R043,D0063,2024-02,3,0
R043,D0063,2024-03,3,2
R043,D0063,2024-04,7,16
R043,D0063,2024-05,4,5
R043,D0063,2024-06,3,0
R043,D0063,2024-07,1,0
R043,D0063,2024-08,1,0
R043,D0063,2024-09,5,2
R043,D0063,2024-10,6,3
R043,D0063,2024-11,5,4
R043,D0063,2024-12,2,2
R048,D0064,2024-01,2,2
R048,D0064,2024-02,1,1
R048,D0064,2024-03,2,1
R048,D0064,2024-04,1,1
R048,D0064,2024-05,1,2
R048,D0064,2024-06,2,2
R048,D0064,2024-07,2,1
R048,D0064,2024-08,3,2
R048,D0064,2024-09,3,8
R048,D0064,2024-10,0,0
R048,D0064,2024-11,1,2
R048,D0064,2024-12,4,8
R052,D0065,2024-01,0,0
R052,D0065,2024-02,1,1
R052,D0065,2024-03,0,0
R052,D0065,2024-04,1,1
R052,D0065,2024-05,0,0
R052,D0065,2024-06,1,3
R052,D0065,2024-07,1,0
R052,D0065,2024-08,1,2
R052,D0065,2024-09,0,0
R052,D0065,2024-10,0,0
R052,D0065,2024-11,1,3
R052,D0065,2024-12,0,0
R040,D0066,2024-01,2,0
R040,D0066,2024-02,1,3
R040,D0066,2024-03,1,1
R040,D0066,2024-04,2,6
R040,D0066,2024-05,2,3
R040,D0066,2024-06,4,4
R040,D0066,2024-07,3,3
R040,D0066,2024-08,1,0
R040,D0066,2024-09,6,11
R040,D0066,2024-10,4,9
R040,D0066,2024-11,3,2
R040,D0066,2024-12,1,2
R004,D0067,2024-01,7,12
R004,D0067,2024-02,6,11
R004,D0067,2024-03,2,4
R004,D0067,2024-04,2,0
R004,D0067,2024-05,1,2
R004,D0067,2024-06,3,8
R004,D0067,2024-07,4,3
R004,D0067,2024-08,3,9
R004,D0067,2024-09,5,4
R004,D0067,2024-10,2,2
R004,D0067,2024-11,7,0
R004,D0067,2024-12,4,11
R023,D0068,2024-01,5,8
R023,D0068,2024-02,3,9
R023,D0068,2024-03,2,3
R023,D0068,2024-04,6,17
R023,D0068,2024-05,2,5
R023,D0068,2024-06,0,0
R023,D0068,2024-07,0,0
R023,D0068,2024-08,0,0
R023,D0068,2024-09,1,0
R023,D0068,2024-10,3,1
R023,D0068,2024-11,1,2
R023,D0068,2024-12,2,3
R031,D0069,2024-01,2,2
R031,D0069,2024-02,0,0
R031,D0069,2024-03,2,5
R031,D0069,2024-04,1,1
R031,D0069,2024-05,0,0
R031,D0069,2024-06,2,0
R031,D0069,2024-07,4,5
R031,D0069,2024-08,3,4
R031,D0069,2024-09,1,3
R031,D0069,2024-10,2,5
R031,D0069,2024-11,1,1
R031,D0069,2024-12,0,0
R002,D0070,2024-01,2,3
R002,D0070,2024-02,5,14
R002,D0070,2024-03,5,5
R002,D0070,2024-04,2,3
R002,D0070,2024-05,3,0
R002,D0070,2024-06,3,6
R002,D0070,2024-07,3,6
R002,D0070,2024-08,5,13
R002,D0070,2024-09,4,3
R002,D0070,2024-10,3,7
R002,D0070,2024-11,7,14
R002,D0070,2024-12,8,9
R027,D0071,2024-01,1,2
R027,D0071,2024-02,1,1
R027,D0071,2024-03,2,6
R027,D0071,2024-04,2,2
R027,D0071,2024-05,1,0
R027,D0071,2024-06,0,0
R027,D0071,2024-07,0,0
R027,D0071,2024-08,0,0
R027,D0071,2024-09,3,3
R027,D0071,2024-10,0,0
R027,D0071,2024-11,1,1
R027,D0071,2024-12,0,0
R011,D0072,2024-01,6,16
R011,D0072,2024-02,3,3
R011,D0072,2024-03,4,5
R011,D0072,2024-04,4,6
R011,D0072,2024-05,6,0
R011,D0072,2024-06,4,3
R011,D0072,2024-07,5,2
R011,D0072,2024-08,7,16
R011,D0072,2024-09,4,0
R011,D0072,2024-10,2,0
R011,D0072,2024-11,3,1
R011,D0072,2024-12,3,0
R033,D0073,2024-01,0,0
R033,D0073,2024-02,0,0
R033,D0073,2024-03,1,3
R033,D0073,2024-04,0,0
R033,D0073,2024-05,0,0
R033,D0073,2024-06,0,0
R033,D0073,2024-07,1,0
R033,D0073,2024-08,0,0
R033,D0073,2024-09,0,0
R033,D0073,2024-10,0,0
R033,D0073,2024-11,0,0
R033,D0073,2024-12,1,2
R012,D0074,2024-01,0,0
R012,D0074,2024-02,0,0
R012,D0074,2024-03,2,4
R012,D0074,2024-04,1,2
R012,D0074,2024-05,0,0
R012,D0074,2024-06,0,0
R012,D0074,2024-07,0,0
R012,D0074,2024-08,0,0
R012,D0074,2024-09,0,0
R012,D0074,2024-10,1,3
R012,D0074,2024-11,0,0
R012,D0074,2024-12,0,0
R013,D0075,2024-01,4,11
R013,D0075,2024-02,3,0
R013,D0075,2024-03,2,6
R013,D0075,2024-04,2,3
R013,D0075,2024-05,3,5
R013,D0075,2024-06,2,3
R013,D0075,2024-07,2,3
R013,D0075,2024-08,4,12
R013,D0075,2024-09,1,3
R013,D0075,2024-10,2,0
R013,D0075,2024-11,3,7
R013,D0075,2024-12,4,11
R023,D0076,2024-01,4,9
R023,D0076,2024-02,5,13
R023,D0076,2024-03,2,3
R023,D0076,2024-04,2,0
R023,D0076,2024-05,2,3
R023,D0076,2024-06,1,2
R023,D0076,2024-07,2,1
R023,D0076,2024-08,3,6
R023,D0076,2024-09,1,3
R023,D0076,2024-10,3,3
R023,D0076,2024-11,2,1
R023,D0076,2024-12,2,1
R051,D0077,2024-01,2,4
R051,D0077,2024-02,4,12
R051,D0077,2024-03,4,8
R051,D0077,2024-04,0,0
R051,D0077,2024-05,6,10
R051,D0077,2024-06,3,1
R051,D0077,2024-07,5,6
R051,D0077,2024-08,1,2
R051,D0077,2024-09,6,2
R051,D0077,2024-10,4,2
R051,D0077,2024-11,1,3
R051,D0077,2024-12,7,1
R025,D0078,2024-01,3,1
R025,D0078,2024-02,3,0
R025,D0078,2024-03,3,6
R025,D0078,2024-04,3,0
R025,D0078,2024-05,1,2
R025,D0078,2024-06,2,4
R025,D0078,2024-07,0,0
R025,D0078,2024-08,1,1
R025,D0078,2024-09,1,0
R025,D0078,2024-10,4,6
R025,D0078,2024-11,0,0
R025,D0078,2024-12,1,0
R030,D0079,2024-01,3,5
R030,D0079,2024-02,1,1
R030,D0079,2024-03,4,4
R030,D0079,2024-04,1,1
R030,D0079,2024-05,3,7
R030,D0079,2024-06,2,1
R030,D0079,2024-07,3,7
R030,D0079,2024-08,2,3
R030,D0079,2024-09,3,1
R030,D0079,2024-10,1,1
R030,D0079,2024-11,2,3
R030,D0079,2024-12,2,1
R051,D0080,2024-01,3,3
R051,D0080,2024-02,2,2
R051,D0080,2024-03,3,2
R051,D0080,2024-04,4,1
R051,D0080,2024-05,2,6
R051,D0080,2024-06,3,9
R051,D0080,2024-07,2,6
R051,D0080,2024-08,5,4
R051,D0080,2024-09,3,5
R051,D0080,2024-10,1,3
R051,D0080,2024-11,5,2
R051,D0080,2024-12,1,0
R002,D0081,2024-01,5,10
R002,D0081,2024-02,5,8
R002,D0081,2024-03,5,14
R002,D0081,2024-04,3,9
R002,D0081,2024-05,8,14
R002,D0081,2024-06,4,9
R002,D0081,2024-07,0,0
R002,D0081,2024-08,2,6
R002,D0081,2024-09,2,5
R002,D0081,2024-10,4,10
R002,D0081,2024-11,3,3
R002,D0081,2024-12,1,1
R020,D0082,2024-01,4,9
R020,D0082,2024-02,8,4
R020,D0082,2024-03,5,8
R020,D0082,2024-04,5,13
R020,D0082,2024-05,3,9
R020,D0082,2024-06,9,18
R020,D0082,2024-07,6,13
R020,D0082,2024-08,5,1
R020,D0082,2024-09,6,14
R020,D0082,2024-10,3,8
R020,D0082,2024-11,8,21
R020,D0082,2024-12,6,13
R026,D0083,2024-01,4,8
R026,D0083,2024-02,3,6
R026,D0083,2024-03,5,8
R026,D0083,2024-04,6,0
R026,D0083,2024-05,1,3
R026,D0083,2024-06,1,0
R026,D0083,2024-07,1,1
R026,D0083,2024-08,1,3
R026,D0083,2024-09,3,9
R026,D0083,2024-10,3,8
R026,D0083,2024-11,0,0
R026,D0083,2024-12,1,2
R048,D0084,2024-01,1,0
R048,D0084,2024-02,0,0
R048,D0084,2024-03,0,0
R048,D0084,2024-04,0,0
R048,D0084,2024-05,1,3
R048,D0084,2024-06,0,0
R048,D0084,2024-07,1,2
R048,D0084,2024-08,0,0
R048,D0084,2024-09,0,0
R048,D0084,2024-10,2,6
R048,D0084,2024-11,2,1
R048,D0084,2024-12,2,2
R043,D0085,2024-01,4,9
R043,D0085,2024-02,2,3
R043,D0085,2024-03,2,3
R043,D0085,2024-04,3,7
R043,D0085,2024-05,1,0
R043,D0085,2024-06,5,4
R043,D0085,2024-07,3,9
R043,D0085,2024-08,2,5
R043,D0085,2024-09,7,18
R043,D0085,2024-10,2,4
R043,D0085,2024-11,6,8
R043,D0085,2024-12,4,7
R037,D0086,2024-01,2,4
R037,D0086,2024-02,5,10
R037,D0086,2024-03,2,4
R037,D0086,2024-04,5,1
R037,D0086,2024-05,2,5
R037,D0086,2024-06,3,1
R037,D0086,2024-07,3,7
R037,D0086,2024-08,5,6
R037,D0086,2024-09,4,3
R037,D0086,2024-10,1,3
R037,D0086,2024-11,3,9
R037,D0086,2024-12,5,2
R022,D0087,2024-01,7,13
R022,D0087,2024-02,0,0
R022,D0087,2024-03,8,1
R022,D0087,2024-04,3,3
R022,D0087,2024-05,3,1
R022,D0087,2024-06,1,0
R022,D0087,2024-07,0,0
R022,D0087,2024-08,0,0
R022,D0087,2024-09,1,1
R022,D0087,2024-10,3,0
R022,D0087,2024-11,1,2
R022,D0087,2024-12,1,0
R048,D0088,2024-01,3,8
R048,D0088,2024-02,2,6
R048,D0088,2024-03,3,8
R048,D0088,2024-04,3,7
R048,D0088,2024-05,3,0
R048,D0088,2024-06,1,0
R048,D0088,2024-07,4,6
R048,D0088,2024-08,3,2
R048,D0088,2024-09,1,1
R048,D0088,2024-10,3,5
R048,D0088,2024-11,0,0
R048,D0088,2024-12,2,3
R010,D0089,2024-01,3,3
R010,D0089,2024-02,3,8
R010,D0089,2024-03,0,0
R010,D0089,2024-04,3,9
R010,D0089,2024-05,4,8
R010,D0089,2024-06,1,0
R010,D0089,2024-07,1,1
R010,D0089,2024-08,1,0
R010,D0089,2024-09,4,1
R010,D0089,2024-10,5,11
R010,D0089,2024-11,4,1
R010,D0089,2024-12,3,1
R026,D0090,2024-01,3,2
R026,D0090,2024-02,2,2
R026,D0090,2024-03,5,3
R026,D0090,2024-04,1,1
R026,D0090,2024-05,1,1
R026,D0090,2024-06,1,2
R026,D0090,2024-07,4,3
R026,D0090,2024-08,2,1
R026,D0090,2024-09,1,2
R026,D0090,2024-10,0,0
R026,D0090,2024-11,1,3
R026,D0090,2024-12,3,5
R023,D0091,2024-01,0,0
R023,D0091,2024-02,0,0
R023,D0091,2024-03,0,0
R023,D0091,2024-04,0,0
R023,D0091,2024-05,1,1
R023,D0091,2024-06,0,0
R023,D0091,2024-07,0,0
R023,D0091,2024-08,0,0
R023,D0091,2024-09,0,0
R023,D0091,2024-10,0,0
R023,D0091,2024-11,0,0
R023,D0091,2024-12,0,0
R002,D0092,2024-01,5,7
R002,D0092,2024-02,2,6
R002,D0092,2024-03,5,7
R002,D0092,2024-04,1,2
R002,D0092,2024-05,4,12
R002,D0092,2024-06,3,5
R002,D0092,2024-07,3,2
R002,D0092,2024-08,2,5
R002,D0092,2024-09,4,7
R002,D0092,2024-10,2,4
R002,D0092,2024-11,3,9
R002,D0092,2024-12,3,6
R001,D0093,2024-01,1,0
R001,D0093,2024-02,4,8
R001,D0093,2024-03,1,3
R001,D0093,2024-04,0,0
R001,D0093,2024-05,4,9
R001,D0093,2024-06,2,0
R001,D0093,2024-07,1,3
R001,D0093,2024-08,4,3
R001,D0093,2024-09,2,4
R001,D0093,2024-10,2,5
R001,D0093,2024-11,2,4
R001,D0093,2024-12,2,5
R044,D0094,2024-01,4,9
R044,D0094,2024-02,2,5
R044,D0094,2024-03,4,5
R044,D0094,2024-04,5,7
R044,D0094,2024-05,3,5
R044,D0094,2024-06,3,8
R044,D0094,2024-07,3,9
R044,D0094,2024-08,7,10
R044,D0094,2024-09,6,10
R044,D0094,2024-10,0,0
R044,D0094,2024-11,3,7
R044,D0094,2024-12,4,4
R049,D0095,2024-01,3,6
R049,D0095,2024-02,2,4
R049,D0095,2024-03,2,1
R049,D0095,2024-04,1,0
R049,D0095,2024-05,0,0
R049,D0095,2024-06,2,1
R049,D0095,2024-07,2,1
R049,D0095,2024-08,2,3
R049,D0095,2024-09,2,2
R049,D0095,2024-10,2,3
R049,D0095,2024-11,1,3
R049,D0095,2024-12,6,14
R016,D0096,2024-01,2,0
R016,D0096,2024-02,6,2
R016,D0096,2024-03,3,0
R016,D0096,2024-04,1,3
R016,D0096,2024-05,5,13
R016,D0096,2024-06,1,1
R016,D0096,2024-07,3,0
R016,D0096,2024-08,3,5
R016,D0096,2024-09,1,1
R016,D0096,2024-10,2,2
R016,D0096,2024-11,1,3
R016,D0096,2024-12,2,4
R002,D0097,2024-01,6,17
R002,D0097,2024-02,12,25
R002,D0097,2024-03,3,9
R002,D0097,2024-04,4,1
R002,D0097,2024-05,5,6
R002,D0097,2024-06,7,13
R002,D0097,2024-07,4,9
R002,D0097,2024-08,4,12
R002,D0097,2024-09,4,12
R002,D0097,2024-10,6,16
R002,D0097,2024-11,11,3
R002,D0097,2024-12,9,15
R008,D0098,2024-01,2,5
R008,D0098,2024-02,2,5
R008,D0098,2024-03,8,8
R008,D0098,2024-04,2,5
R008,D0098,2024-05,1,3
R008,D0098,2024-06,6,9
R008,D0098,2024-07,2,4
R008,D0098,2024-08,0,0
R008,D0098,2024-09,1,3
R008,D0098,2024-10,4,11
R008,D0098,2024-11,2,1
R008,D0098,2024-12,2,0
R001,D0099,2024-01,2,2
R001,D0099,2024-02,4,8
R001,D0099,2024-03,4,8
R001,D0099,2024-04,4,3
R001,D0099,2024-05,8,1
R001,D0099,2024-06,1,2
R001,D0099,2024-07,6,17
R001,D0099,2024-08,3,3
R001,D0099,2024-09,5,4
R001,D0099,2024-10,3,4
R001,D0099,2024-11,6,3
R001,D0099,2024-12,2,1
R041,D0100,2024-01,3,3
R041,D0100,2024-02,5,13
R041,D0100,2024-03,2,3
R041,D0100,2024-04,2,0
R041,D0100,2024-05,2,2
R041,D0100,2024-06,2,4
R041,D0100,2024-07,1,2
R041,D0100,2024-08,4,7
R041,D0100,2024-09,2,0
R041,D0100,2024-10,5,4
R041,D0100,2024-11,5,11
R041,D0100,2024-12,5,0
R001,D0101,2024-01,0,0
R001,D0101,2024-02,0,0
R001,D0101,2024-03,1,0
R001,D0101,2024-04,0,0
R001,D0101,2024-05,0,0
R001,D0101,2024-06,0,0
R001,D0101,2024-07,0,0
R001,D0101,2024-08,0,0
R001,D0101,2024-09,1,1
R001,D0101,2024-10,1,3
R001,D0101,2024-11,0,0
R001,D0101,2024-12,0,0
R037,D0102,2024-01,3,3
R037,D0102,2024-02,4,4
R037,D0102,2024-03,1,3
R037,D0102,2024-04,3,5
R037,D0102,2024-05,5,0
R037,D0102,2024-06,3,4
R037,D0102,2024-07,5,1
R037,D0102,2024-08,2,1
R037,D0102,2024-09,1,2
R037,D0102,2024-10,3,4
R037,D0102,2024-11,2,0
R037,D0102,2024-12,7,21
R044,D0103,2024-01,2,5
R044,D0103,2024-02,1,3
R044,D0103,2024-03,3,2
R044,D0103,2024-04,3,8
R044,D0103,2024-05,6,13
R044,D0103,2024-06,4,3
R044,D0103,2024-07,2,1
R044,D0103,2024-08,7,7
R044,D0103,2024-09,2,6
R044,D0103,2024-10,5,6
R044,D0103,2024-11,1,0
R044,D0103,2024-12,4,12
R014,D0104,2024-01,8,18
R014,D0104,2024-02,3,2
R014,D0104,2024-03,8,23
R014,D0104,2024-04,8,10
R014,D0104,2024-05,4,4
R014,D0104,2024-06,1,3
R014,D0104,2024-07,3,1
R014,D0104,2024-08,3,5
R014,D0104,2024-09,4,0
R014,D0104,2024-10,7,10
R014,D0104,2024-11,4,7
R014,D0104,2024-12,6,5
R014,D0105,2024-01,4,4
R014,D0105,2024-02,4,5
R014,D0105,2024-03,7,3
R014,D0105,2024-04,2,5
R014,D0105,2024-05,3,1
R014,D0105,2024-06,3,6
R014,D0105,2024-07,2,1
R014,D0105,2024-08,1,0
R014,D0105,2024-09,3,7
R014,D0105,2024-10,1,3
R014,D0105,2024-11,2,6
R014,D0105,2024-12,3,5
R013,D0106,2024-01,8,17
R013,D0106,2024-02,7,14
R013,D0106,2024-03,1,0
R013,D0106,2024-04,9,15
R013,D0106,2024-05,2,0
R013,D0106,2024-06,8,1
R013,D0106,2024-07,10,8
R013,D0106,2024-08,11,25
R013,D0106,2024-09,5,1
R013,D0106,2024-10,3,1
R013,D0106,2024-11,8,9
R013,D0106,2024-12,6,6
R044,D0107,2024-01,1,3
R044,D0107,2024-02,6,11
R044,D0107,2024-03,1,0
R044,D0107,2024-04,4,6
R044,D0107,2024-05,4,12
R044,D0107,2024-06,3,8
R044,D0107,2024-07,1,1
R044,D0107,2024-08,1,1
R044,D0107,2024-09,7,9
R044,D0107,2024-10,1,0
R044,D0107,2024-11,0,0
R044,D0107,2024-12,2,2
R052,D0108,2024-01,0,0
R052,D0108,2024-02,0,0
R052,D0108,2024-03,0,0
R052,D0108,2024-04,1,1
R052,D0108,2024-05,0,0
R052,D0108,2024-06,0,0
R052,D0108,2024-07,0,0
R052,D0108,2024-08,2,3
R052,D0108,2024-09,0,0
R052,D0108,2024-10,0,0
R052,D0108,2024-11,0,0
R052,D0108,2024-12,0,0
R039,D0109,2024-01,2,2
R039,D0109,2024-02,0,0
R039,D0109,2024-03,1,1
R039,D0109,2024-04,3,6
R039,D0109,2024-05,1,3
R039,D0109,2024-06,3,8
R039,D0109,2024-07,0,0
R039,D0109,2024-08,0,0
R039,D0109,2024-09,4,10
R039,D0109,2024-10,1,2
R039,D0109,2024-11,3,8
R039,D0109,2024-12,1,3
R017,D0110,2024-01,2,5
R017,D0110,2024-02,1,1
R017,D0110,2024-03,5,2
R017,D0110,2024-04,2,2
R017,D0110,2024-05,3,5
R017,D0110,2024-06,6,7
R017,D0110,2024-07,3,5
R017,D0110,2024-08,1,0
R017,D0110,2024-09,4,10
R017,D0110,2024-10,1,3
R017,D0110,2024-11,5,8
R017,D0110,2024-12,3,1
R042,D0111,2024-01,3,6
R042,D0111,2024-02,5,13
R042,D0111,2024-03,4,7
R042,D0111,2024-04,4,0
R042,D0111,2024-05,4,5
R042,D0111,2024-06,4,0
R042,D0111,2024-07,2,1
R042,D0111,2024-08,3,9
R042,D0111,2024-09,6,10
R042,D0111,2024-10,2,3
R042,D0111,2024-11,4,8
R042,D0111,2024-12,3,3
R043,D0112,2024-01,0,0
R043,D0112,2024-02,2,0
R043,D0112,2024-03,2,4
R043,D0112,2024-04,0,0
R043,D0112,2024-05,4,12
R043,D0112,2024-06,4,0
R043,D0112,2024-07,1,3
R043,D0112,2024-08,2,0
R043,D0112,2024-09,1,1
R043,D0112,2024-10,3,1
R043,D0112,2024-11,2,4
R043,D0112,2024-12,0,0
R025,D0113,2024-01,3,8
R025,D0113,2024-02,3,8
R025,D0113,2024-03,1,3
R025,D0113,2024-04,4,5
R025,D0113,2024-05,4,7
R025,D0113,2024-06,0,0
R025,D0113,2024-07,0,0
R025,D0113,2024-08,0,0
R025,D0113,2024-09,0,0
R025,D0113,2024-10,0,0
R025,D0113,2024-11,3,4
R025,D0113,2024-12,1,2
R011,D0114,2024-01,7,13
R011,D0114,2024-02,5,15
R011,D0114,2024-03,8,7
R011,D0114,2024-04,5,13
R011,D0114,2024-05,4,8
R011,D0114,2024-06,5,10
R011,D0114,2024-07,6,0
R011,D0114,2024-08,3,8
R011,D0114,2024-09,6,5
R011,D0114,2024-10,3,2
R011,D0114,2024-11,7,10
R011,D0114,2024-12,3,9
R022,D0115,2024-01,2,4
R022,D0115,2024-02,3,2
R022,D0115,2024-03,3,3
R022,D0115,2024-04,3,7
R022,D0115,2024-05,4,0
R022,D0115,2024-06,1,0
R022,D0115,2024-07,0,0
R022,D0115,2024-08,1,1
R022,D0115,2024-09,1,1
R022,D0115,2024-10,2,6
R022,D0115,2024-11,1,0
R022,D0115,2024-12,1,0
R046,D0116,2024-01,1,1
R046,D0116,2024-02,2,6
R046,D0116,2024-03,1,0
R046,D0116,2024-04,1,0
R046,D0116,2024-05,5,15
R046,D0116,2024-06,3,9
R046,D0116,2024-07,4,4
R046,D0116,2024-08,2,5
R046,D0116,2024-09,3,3
R046,D0116,2024-10,0,0
R046,D0116,2024-11,2,5
R046,D0116,2024-12,3,9
R032,D0117,2024-01,3,9
R032,D0117,2024-02,7,21
R032,D0117,2024-03,2,0
R032,D0117,2024-04,3,5
R032,D0117,2024-05,2,1
R032,D0117,2024-06,7,11
R032,D0117,2024-07,1,3
R032,D0117,2024-08,4,9
R032,D0117,2024-09,6,6
R032,D0117,2024-10,6,3
R032,D0117,2024-11,2,3
R032,D0117,2024-12,5,15
R006,D0118,2024-01,5,15
R006,D0118,2024-02,2,5
R006,D0118,2024-03,4,2
R006,D0118,2024-04,5,14
R006,D0118,2024-05,0,0
R006,D0118,2024-06,3,8
R006,D0118,2024-07,2,3
R006,D0118,2024-08,4,11
R006,D0118,2024-09,4,9
R006,D0118,2024-10,3,7
R006,D0118,2024-11,3,3
R006,D0118,2024-12,1,2
R051,D0119,2024-01,3,6
R051,D0119,2024-02,0,0
R051,D0119,2024-03,7,14
R051,D0119,2024-04,4,6
R051,D0119,2024-05,2,4
R051,D0119,2024-06,7,14
R051,D0119,2024-07,4,4
R051,D0119,2024-08,6,3
R051,D0119,2024-09,1,2
R051,D0119,2024-10,5,1
R051,D0119,2024-11,1,3
R051,D0119,2024-12,5,0
R030,D0120,2024-01,9,3
R030,D0120,2024-02,5,5
R030,D0120,2024-03,8,11
R030,D0120,2024-04,4,7
R030,D0120,2024-05,2,0
R030,D0120,2024-06,6,13
R030,D0120,2024-07,4,4
R030,D0120,2024-08,4,0
R030,D0120,2024-09,9,7
R030,D0120,2024-10,4,4
R030,D0120,2024-11,12,34
R030,D0120,2024-12,4,7
R022,D0121,2024-01,7,13
R022,D0121,2024-02,1,3
R022,D0121,2024-03,5,14
R022,D0121,2024-04,1,3
R022,D0121,2024-05,4,1
R022,D0121,2024-06,1,2
R022,D0121,2024-07,0,0
R022,D0121,2024-08,1,2
R022,D0121,2024-09,1,2
R022,D0121,2024-10,0,0
R022,D0121,2024-11,1,2
R022,D0121,2024-12,0,0
R002,D0122,2024-01,4,9
R002,D0122,2024-02,5,6
R002,D0122,2024-03,6,17
R002,D0122,2024-04,5,5
R002,D0122,2024-05,3,8
R002,D0122,2024-06,2,3
R002,D0122,2024-07,7,19
R002,D0122,2024-08,2,4
R002,D0122,2024-09,4,1
R002,D0122,2024-10,2,6
R002,D0122,2024-11,3,9
R002,D0122,2024-12,3,0
R032,D0123,2024-01,0,0
R032,D0123,2024-02,0,0
R032,D0123,2024-03,1,0
R032,D0123,2024-04,0,0
R032,D0123,2024-05,1,2
R032,D0123,2024-06,1,2
R032,D0123,2024-07,0,0
R032,D0123,2024-08,1,1
R032,D0123,2024-09,1,0
R032,D0123,2024-10,0,0
R032,D0123,2024-11,1,3
R032,D0123,2024-12,0,0
R034,D0124,2024-01,1,0
R034,D0124,2024-02,2,1
R034,D0124,2024-03,0,0
R034,D0124,2024-04,0,0
R034,D0124,2024-05,0,0
R034,D0124,2024-06,1,3
R034,D0124,2024-07,4,2
R034,D0124,2024-08,0,0
R034,D0124,2024-09,2,6
R034,D0124,2024-10,4,5
R034,D0124,2024-11,1,0
R034,D0124,2024-12,0,0
R010,D0125,2024-01,2,0
R010,D0125,2024-02,2,4
R010,D0125,2024-03,7,18
R010,D0125,2024-04,5,2
R010,D0125,2024-05,3,7
R010,D0125,2024-06,1,3
R010,D0125,2024-07,3,0
R010,D0125,2024-08,7,19
R010,D0125,2024-09,1,1
R010,D0125,2024-10,6,11
R010,D0125,2024-11,4,0
R010,D0125,2024-12,5,12
R047,D0126,2024-01,0,0
R047,D0126,2024-02,6,0
R047,D0126,2024-03,1,0
R047,D0126,2024-04,4,5
R047,D0126,2024-05,2,2
R047,D0126,2024-06,2,5
R047,D0126,2024-07,2,6
R047,D0126,2024-08,6,12
R047,D0126,2024-09,3,6
R047,D0126,2024-10,3,6
R047,D0126,2024-11,4,12
R047,D0126,2024-12,3,2
R032,D0127,2024-01,7,6
R032,D0127,2024-02,5,12
R032,D0127,2024-03,3,7
R032,D0127,2024-04,2,1
R032,D0127,2024-05,2,4
R032,D0127,2024-06,5,6
R032,D0127,2024-07,8,5
R032,D0127,2024-08,4,12
R032,D0127,2024-09,3,0
R032,D0127,2024-10,1,3
R032,D0127,2024-11,4,5
R032,D0127,2024-12,5,5
R002,D0128,2024-01,2,0
R002,D0128,2024-02,2,5
R002,D0128,2024-03,2,4
R002,D0128,2024-04,1,3
R002,D0128,2024-05,2,3
R002,D0128,2024-06,7,14
R002,D0128,2024-07,2,5
R002,D0128,2024-08,1,0
R002,D0128,2024-09,2,3
R002,D0128,2024-10,1,2
R002,D0128,2024-11,3,0
R002,D0128,2024-12,4,3
R007,D0129,2024-01,6,3
R007,D0129,2024-02,3,0
R007,D0129,2024-03,4,4
R007,D0129,2024-04,5,0
R007,D0129,2024-05,2,1
R007,D0129,2024-06,3,1
R007,D0129,2024-07,4,9
R007,D0129,2024-08,2,2
R007,D0129,2024-09,2,5
R007,D0129,2024-10,2,4
R007,D0129,2024-11,1,3
R007,D0129,2024-12,3,7
R018,D0130,2024-01,2,5
R018,D0130,2024-02,2,4
R018,D0130,2024-03,1,0
R018,D0130,2024-04,1,0
R018,D0130,2024-05,0,0
R018,D0130,2024-06,2,1
R018,D0130,2024-07,2,1
R018,D0130,2024-08,0,0
R018,D0130,2024-09,0,0
R018,D0130,2024-10,5,2
R018,D0130,2024-11,1,2
R018,D0130,2024-12,3,9
R044,D0131,2024-01,7,20
R044,D0131,2024-02,8,9
R044,D0131,2024-03,3,1
R044,D0131,2024-04,4,0
R044,D0131,2024-05,6,12
R044,D0131,2024-06,3,5
R044,D0131,2024-07,9,21
R044,D0131,2024-08,4,7
R044,D0131,2024-09,2,2
R044,D0131,2024-10,7,18
R044,D0131,2024-11,7,9
R044,D0131,2024-12,8,3
R040,D0132,2024-01,3,0
R040,D0132,2024-02,1,2
R040,D0132,2024-03,3,8
R040,D0132,2024-04,4,1
R040,D0132,2024-05,3,3
R040,D0132,2024-06,2,1
R040,D0132,2024-07,5,12
R040,D0132,2024-08,1,2
R040,D0132,2024-09,3,7
R040,D0132,2024-10,4,4
R040,D0132,2024-11,1,2
R040,D0132,2024-12,2,3
R046,D0133,2024-01,4,10
R046,D0133,2024-02,0,0
R046,D0133,2024-03,5,1
R046,D0133,2024-04,4,8
R046,D0133,2024-05,2,5
R046,D0133,2024-06,2,0
R046,D0133,2024-07,2,4
R046,D0133,2024-08,1,1
R046,D0133,2024-09,5,4
R046,D0133,2024-10,8,9
R046,D0133,2024-11,3,1
R046,D0133,2024-12,3,2
R036,D0134,2024-01,1,0
R036,D0134,2024-02,4,0
R036,D0134,2024-03,2,5
R036,D0134,2024-04,1,2
R036,D0134,2024-05,3,0
R036,D0134,2024-06,5,5
R036,D0134,2024-07,2,1
R036,D0134,2024-08,0,0
R036,D0134,2024-09,0,0
R036,D0134,2024-10,1,0
R036,D0134,2024-11,1,1
R036,D0134,2024-12,1,3
R053,D0135,2024-01,10,5
R053,D0135,2024-02,3,3
R053,D0135,2024-03,4,10
R053,D0135,2024-04,1,0
R053,D0135,2024-05,7,1
R053,D0135,2024-06,10,19
R053,D0135,2024-07,6,3
R053,D0135,2024-08,7,3
R053,D0135,2024-09,10,21
R053,D0135,2024-10,2,6
R053,D0135,2024-11,4,4
R053,D0135,2024-12,2,6
R023,D0136,2024-01,0,0
R023,D0136,2024-02,4,11
R023,D0136,2024-03,2,1
R023,D0136,2024-04,3,0
R023,D0136,2024-05,0,0
R023,D0136,2024-06,1,3
R023,D0136,2024-07,1,3
R023,D0136,2024-08,1,3
R023,D0136,2024-09,0,0
R023,D0136,2024-10,1,0
R023,D0136,2024-11,1,0
R023,D0136,2024-12,0,0
R030,D0137,2024-01,5,9
R030,D0137,2024-02,2,4
R030,D0137,2024-03,5,13
R030,D0137,2024-04,9,5
R030,D0137,2024-05,6,5
R030,D0137,2024-06,4,8
R030,D0137,2024-07,5,1
R030,D0137,2024-08,8,15
R030,D0137,2024-09,3,0
R030,D0137,2024-10,7,3
R030,D0137,2024-11,3,2
R030,D0137,2024-12,2,6
R038,D0138,2024-01,6,17
R038,D0138,2024-02,2,1
R038,D0138,2024-03,4,0
R038,D0138,2024-04,2,1
R038,D0138,2024-05,1,1
R038,D0138,2024-06,5,12
R038,D0138,2024-07,4,5
R038,D0138,2024-08,7,5
R038,D0138,2024-09,5,8
R038,D0138,2024-10,4,11
R038,D0138,2024-11,4,12
R038,D0138,2024-12,1,1
R021,D0139,2024-01,1,1
R021,D0139,2024-02,4,6
R021,D0139,2024-03,1,1
R021,D0139,2024-04,4,8
R021,D0139,2024-05,3,1
R021,D0139,2024-06,0,0
R021,D0139,2024-07,1,0
R021,D0139,2024-08,2,3
R021,D0139,2024-09,1,2
R021,D0139,2024-10,1,0
R021,D0139,2024-11,0,0
R021,D0139,2024-12,0,0
R025,D0140,2024-01,3,0
R025,D0140,2024-02,3,3
R025,D0140,2024-03,5,5
R025,D0140,2024-04,4,9
R025,D0140,2024-05,5,7
R025,D0140,2024-06,1,1
R025,D0140,2024-07,3,9
R025,D0140,2024-08,1,1
R025,D0140,2024-09,1,3
R025,D0140,2024-10,3,5
R025,D0140,2024-11,5,10
R025,D0140,2024-12,0,0
R042,D0141,2024-01,0,0
R042,D0141,2024-02,0,0
R042,D0141,2024-03,3,5
R042,D0141,2024-04,1,0
R042,D0141,2024-05,3,3
R042,D0141,2024-06,0,0
R042,D0141,2024-07,2,6
R042,D0141,2024-08,0,0
R042,D0141,2024-09,3,0
R042,D0141,2024-10,2,0
R042,D0141,2024-11,1,2
R042,D0141,2024-12,3,6
R047,D0142,2024-01,0,0
R047,D0142,2024-02,0,0
R047,D0142,2024-03,0,0
R047,D0142,2024-04,0,0
R047,D0142,2024-05,0,0
R047,D0142,2024-06,0,0
R047,D0142,2024-07,0,0
R047,D0142,2024-08,1,0
R047,D0142,2024-09,0,0
R047,D0142,2024-10,0,0
R047,D0142,2024-11,0,0
R047,D0142,2024-12,1,3
R052,D0143,2024-01,3,9
R052,D0143,2024-02,1,3
R052,D0143,2024-03,0,0
R052,D0143,2024-04,2,3
R052,D0143,2024-05,2,1
R052,D0143,2024-06,1,3
R052,D0143,2024-07,1,3
R052,D0143,2024-08,3,8
R052,D0143,2024-09,0,0
R052,D0143,2024-10,1,1
R052,D0143,2024-11,3,3
R052,D0143,2024-12,1,1
R013,D0144,2024-01,3,2
R013,D0144,2024-02,4,3
R013,D0144,2024-03,0,0
R013,D0144,2024-04,3,8
R013,D0144,2024-05,0,0
R013,D0144,2024-06,4,2
R013,D0144,2024-07,0,0
R013,D0144,2024-08,3,3
R013,D0144,2024-09,6,3
R013,D0144,2024-10,2,2
R013,D0144,2024-11,4,7
R013,D0144,2024-12,2,0
R044,D0145,2024-01,1,1
R044,D0145,2024-02,1,2
R044,D0145,2024-03,1,0
R044,D0145,2024-04,1,0
R044,D0145,2024-05,0,0
R044,D0145,2024-06,1,1
R044,D0145,2024-07,1,2
R044,D0145,2024-08,0,0
R044,D0145,2024-09,1,0
R044,D0145,2024-10,0,0
R044,D0145,2024-11,0,0
R044,D0145,2024-12,0,0
R041,D0146,2024-01,4,1
R041,D0146,2024-02,4,0
R041,D0146,2024-03,4,2
R041,D0146,2024-04,1,3
R041,D0146,2024-05,5,10
R041,D0146,2024-06,2,3
R041,D0146,2024-07,3,7
R041,D0146,2024-08,1,1
R041,D0146,2024-09,3,4
R041,D0146,2024-10,2,2
R041,D0146,2024-11,0,0
R041,D0146,2024-12,2,5
R053,D0147,2024-01,3,9
R053,D0147,2024-02,5,7
R053,D0147,2024-03,4,0
R053,D0147,2024-04,5,3
R053,D0147,2024-05,4,2
R053,D0147,2024-06,8,7
R053,D0147,2024-07,3,2
R053,D0147,2024-08,2,6
R053,D0147,2024-09,4,2
R053,D0147,2024-10,0,0
R053,D0147,2024-11,5,6
R053,D0147,2024-12,2,2
R037,D0148,2024-01,5,7
R037,D0148,2024-02,2,1
R037,D0148,2024-03,7,5
R037,D0148,2024-04,0,0
R037,D0148,2024-05,5,14
R037,D0148,2024-06,5,9
R037,D0148,2024-07,4,6
R037,D0148,2024-08,3,5
R037,D0148,2024-09,2,2
R037,D0148,2024-10,2,4
R037,D0148,2024-11,5,5
R037,D0148,2024-12,8,0
R020,D0149,2024-01,2,5
R020,D0149,2024-02,1,1
R020,D0149,2024-03,0,0
R020,D0149,2024-04,2,6
R020,D0149,2024-05,0,0
R020,D0149,2024-06,2,5
R020,D0149,2024-07,3,2
R020,D0149,2024-08,2,5
R020,D0149,2024-09,2,0
R020,D0149,2024-10,2,1
R020,D0149,2024-11,5,14
R020,D0149,2024-12,1,2
R040,D0150,2024-01,4,6
R040,D0150,2024-02,0,0
R040,D0150,2024-03,3,2
R040,D0150,2024-04,4,6
R040,D0150,2024-05,2,0
R040,D0150,2024-06,3,4
R040,D0150,2024-07,3,9
R040,D0150,2024-08,1,1
R040,D0150,2024-09,4,6
R040,D0150,2024-10,1,3
R040,D0150,2024-11,2,0
R040,D0150,2024-12,3,0
R010,D0151,2024-01,0,0
R010,D0151,2024-02,0,0
R010,D0151,2024-03,0,0
R010,D0151,2024-04,1,0
R010,D0151,2024-05,1,2
R010,D0151,2024-06,0,0
R010,D0151,2024-07,0,0
R010,D0151,2024-08,0,0
R010,D0151,2024-09,1,3
R010,D0151,2024-10,0,0
R010,D0151,2024-11,0,0
R010,D0151,2024-12,0,0
R022,D0152,2024-01,3,6
R022,D0152,2024-02,5,5
R022,D0152,2024-03,6,10
R022,D0152,2024-04,7,2
R022,D0152,2024-05,3,9
R022,D0152,2024-06,0,0
R022,D0152,2024-07,3,8
R022,D0152,2024-08,4,4
R022,D0152,2024-09,1,2
R022,D0152,2024-10,1,2
R022,D0152,2024-11,2,4
R022,D0152,2024-12,3,1
R028,D0153,2024-01,6,1
R028,D0153,2024-02,3,5
R028,D0153,2024-03,5,1
R028,D0153,2024-04,4,5
R028,D0153,2024-05,3,9
R028,D0153,2024-06,2,2
R028,D0153,2024-07,0,0
R028,D0153,2024-08,1,2
R028,D0153,2024-09,2,5
R028,D0153,2024-10,2,2
R028,D0153,2024-11,2,6
R028,D0153,2024-12,1,0
R043,D0154,2024-01,1,2
R043,D0154,2024-02,5,7
R043,D0154,2024-03,4,4
R043,D0154,2024-04,4,6
R043,D0154,2024-05,6,18
R043,D0154,2024-06,5,11
R043,D0154,2024-07,5,1
R043,D0154,2024-08,3,0
R043,D0154,2024-09,3,9
R043,D0154,2024-10,3,0
R043,D0154,2024-11,4,2
R043,D0154,2024-12,2,0
R011,D0155,2024-01,1,3
R011,D0155,2024-02,0,0
R011,D0155,2024-03,1,0
R011,D0155,2024-04,2,6
R011,D0155,2024-05,0,0
R011,D0155,2024-06,1,2
R011,D0155,2024-07,4,0
R011,D0155,2024-08,2,1
R011,D0155,2024-09,3,9
R011,D0155,2024-10,3,4
R011,D0155,2024-11,1,2
R011,D0155,2024-12,2,3
R037,D0156,2024-01,0,0
R037,D0156,2024-02,0,0
R037,D0156,2024-03,1,2
R037,D0156,2024-04,2,3
R037,D0156,2024-05,0,0
R037,D0156,2024-06,0,0
R037,D0156,2024-07,1,2
R037,D0156,2024-08,2,1
R037,D0156,2024-09,8,19
R037,D0156,2024-10,3,4
R037,D0156,2024-11,2,0
R037,D0156,2024-12,2,1
R011,D0157,2024-01,3,7
R011,D0157,2024-02,6,18
R011,D0157,2024-03,4,11
R011,D0157,2024-04,3,6
R011,D0157,2024-05,6,14
R011,D0157,2024-06,4,6
R011,D0157,2024-07,7,13
R011,D0157,2024-08,3,7
R011,D0157,2024-09,3,5
R011,D0157,2024-10,5,3
R011,D0157,2024-11,9,15
R011,D0157,2024-12,5,11
R021,D0158,2024-01,1,0
R021,D0158,2024-02,1,0
R021,D0158,2024-03,3,4
R021,D0158,2024-04,1,2
R021,D0158,2024-05,3,7
R021,D0158,2024-06,0,0
R021,D0158,2024-07,0,0
R021,D0158,2024-08,0,0
R021,D0158,2024-09,1,2
R021,D0158,2024-10,0,0
R021,D0158,2024-11,0,0
R021,D0158,2024-12,1,1
R006,D0159,2024-01,5,0
R006,D0159,2024-02,2,5
R006,D0159,2024-03,3,1
R006,D0159,2024-04,1,0
R006,D0159,2024-05,3,1
R006,D0159,2024-06,1,0
R006,D0159,2024-07,0,0
R006,D0159,2024-08,2,6
R006,D0159,2024-09,4,3
R006,D0159,2024-10,3,1
R006,D0159,2024-11,3,1
R006,D0159,2024-12,5,13
R003,D0160,2024-01,2,0
R003,D0160,2024-02,1,1
R003,D0160,2024-03,2,0
R003,D0160,2024-04,1,1
R003,D0160,2024-05,3,2
R003,D0160,2024-06,2,5
R003,D0160,2024-07,1,3
R003,D0160,2024-08,2,1
R003,D0160,2024-09,1,0
R003,D0160,2024-10,4,10
R003,D0160,2024-11,0,0
R003,D0160,2024-12,5,14
R021,D0161,2024-01,3,4
R021,D0161,2024-02,3,5
R021,D0161,2024-03,0,0
R021,D0161,2024-04,2,4
R021,D0161,2024-05,4,6
R021,D0161,2024-06,1,0
R021,D0161,2024-07,0,0
R021,D0161,2024-08,0,0
R021,D0161,2024-09,0,0
R021,D0161,2024-10,1,0
R021,D0161,2024-11,1,0
R021,D0161,2024-12,0,0
R049,D0162,2024-01,4,4
R049,D0162,2024-02,2,6
R049,D0162,2024-03,6,12
R049,D0162,2024-04,3,3
R049,D0162,2024-05,2,3
R049,D0162,2024-06,3,4
R049,D0162,2024-07,5,0
R049,D0162,2024-08,1,0
R049,D0162,2024-09,4,0
R049,D0162,2024-10,2,4
R049,D0162,2024-11,6,17
R049,D0162,2024-12,5,11
R032,D0163,2024-01,5,6
R032,D0163,2024-02,3,9
R032,D0163,2024-03,2,6
R032,D0163,2024-04,4,2
R032,D0163,2024-05,0,0
R032,D0163,2024-06,2,5
R032,D0163,2024-07,2,6
R032,D0163,2024-08,1,1
R032,D0163,2024-09,3,2
R032,D0163,2024-10,5,1
R032,D0163,2024-11,2,6
R032,D0163,2024-12,1,3
R045,D0164,2024-01,0,0
R045,D0164,2024-02,0,0
R045,D0164,2024-03,0,0
R045,D0164,2024-04,0,0
R045,D0164,2024-05,0,0
R045,D0164,2024-06,1,3
R045,D0164,2024-07,0,0
R045,D0164,2024-08,1,2
R045,D0164,2024-09,0,0
R045,D0164,2024-10,1,2
R045,D0164,2024-11,0,0
R045,D0164,2024-12,0,0
R015,D0165,2024-01,3,3
R015,D0165,2024-02,7,18
R015,D0165,2024-03,11,28
R015,D0165,2024-04,5,8
R015,D0165,2024-05,6,8
R015,D0165,2024-06,9,9
R015,D0165,2024-07,8,21
R015,D0165,2024-08,5,8
R015,D0165,2024-09,8,22
R015,D0165,2024-10,5,6
R015,D0165,2024-11,6,18
R015,D0165,2024-12,6,13
R014,D0166,2024-01,1,0
R014,D0166,2024-02,4,9
R014,D0166,2024-03,2,6
R014,D0166,2024-04,2,0
R014,D0166,2024-05,0,0
R014,D0166,2024-06,4,6
R014,D0166,2024-07,1,1
R014,D0166,2024-08,2,4
R014,D0166,2024-09,4,6
R014,D0166,2024-10,2,2
R014,D0166,2024-11,2,6
R014,D0166,2024-12,4,2
R052,D0167,2024-01,8,3
R052,D0167,2024-02,6,8
R052,D0167,2024-03,2,5
R052,D0167,2024-04,8,22
R052,D0167,2024-05,2,5
R052,D0167,2024-06,5,2
R052,D0167,2024-07,6,10
R052,D0167,2024-08,5,6
R052,D0167,2024-09,7,10
R052,D0167,2024-10,8,19
R052,D0167,2024-11,7,11
R052,D0167,2024-12,6,6
R040,D0168,2024-01,6,13
R040,D0168,2024-02,3,5
R040,D0168,2024-03,2,3
R040,D0168,2024-04,4,2
R040,D0168,2024-05,4,10
R040,D0168,2024-06,1,0
R040,D0168,2024-07,5,3
R040,D0168,2024-08,5,3
R040,D0168,2024-09,4,5
R040,D0168,2024-10,0,0
R040,D0168,2024-11,0,0
R040,D0168,2024-12,3,2
R027,D0169,2024-01,3,2
R027,D0169,2024-02,9,15
R027,D0169,2024-03,4,4
R027,D0169,2024-04,4,7
R027,D0169,2024-05,7,17
R027,D0169,2024-06,1,0
R027,D0169,2024-07,7,16
R027,D0169,2024-08,2,0
R027,D0169,2024-09,3,0
R027,D0169,2024-10,2,3
R027,D0169,2024-11,2,5
R027,D0169,2024-12,0,0
R014,D0170,2024-01,0,0
R014,D0170,2024-02,1,3
R014,D0170,2024-03,1,3
R014,D0170,2024-04,0,0
R014,D0170,2024-05,0,0
R014,D0170,2024-06,1,2
R014,D0170,2024-07,0,0
R014,D0170,2024-08,0,0
R014,D0170,2024-09,0,0
R014,D0170,2024-10,0,0
R014,D0170,2024-11,0,0
R014,D0170,2024-12,0,0
R046,D0171,2024-01,2,5
R046,D0171,2024-02,3,6
R046,D0171,2024-03,4,5
R046,D0171,2024-04,4,2
R046,D0171,2024-05,5,3
R046,D0171,2024-06,10,6
R046,D0171,2024-07,7,16
R046,D0171,2024-08,4,1
R046,D0171,2024-09,4,9
R046,D0171,2024-10,7,12
R046,D0171,2024-11,2,4
R046,D0171,2024-12,4,0
R028,D0172,2024-01,3,6
R028,D0172,2024-02,9,22
R028,D0172,2024-03,9,19
R028,D0172,2024-04,9,26
R028,D0172,2024-05,7,17
R028,D0172,2024-06,3,2
R028,D0172,2024-07,1,0
R028,D0172,2024-08,0,0
R028,D0172,2024-09,3,8
R028,D0172,2024-10,1,1
R028,D0172,2024-11,2,4
R028,D0172,2024-12,7,6
R003,D0173,2024-01,1,1
R003,D0173,2024-02,0,0
R003,D0173,2024-03,2,2
R003,D0173,2024-04,1,2
R003,D0173,2024-05,1,2
R003,D0173,2024-06,1,2
R003,D0173,2024-07,1,1
R003,D0173,2024-08,1,1
R003,D0173,2024-09,1,3
R003,D0173,2024-10,0,0
R003,D0173,2024-11,1,1
R003,D0173,2024-12,2,6
R046,D0174,2024-01,2,6
R046,D0174,2024-02,2,3
R046,D0174,2024-03,4,3
R046,D0174,2024-04,2,1
R046,D0174,2024-05,1,3
R046,D0174,2024-06,4,12
R046,D0174,2024-07,2,5
R046,D0174,2024-08,3,8
R046,D0174,2024-09,3,6
R046,D0174,2024-10,4,10
R046,D0174,2024-11,1,1
R046,D0174,2024-12,0,0
R026,D0175,2024-01,4,0
R026,D0175,2024-02,2,4
R026,D0175,2024-03,3,1
R026,D0175,2024-04,1,2
R026,D0175,2024-05,1,1
R026,D0175,2024-06,2,4
R026,D0175,2024-07,2,2
R026,D0175,2024-08,1,0
R026,D0175,2024-09,3,9
R026,D0175,2024-10,0,0
R026,D0175,2024-11,1,2
R026,D0175,2024-12,2,3
R027,D0176,2024-01,4,4
R027,D0176,2024-02,4,8
R027,D0176,2024-03,8,20
R027,D0176,2024-04,7,21
R027,D0176,2024-05,3,6
R027,D0176,2024-06,1,0
R027,D0176,2024-07,2,6
R027,D0176,2024-08,1,2
R027,D0176,2024-09,4,11
R027,D0176,2024-10,2,5
R027,D0176,2024-11,1,1
R027,D0176,2024-12,2,3
R021,D0177,2024-01,6,12
R021,D0177,2024-02,6,18
R021,D0177,2024-03,3,0
R021,D0177,2024-04,6,18
R021,D0177,2024-05,2,6
R021,D0177,2024-06,0,0
R021,D0177,2024-07,1,2
R021,D0177,2024-08,0,0
R021,D0177,2024-09,2,2
R021,D0177,2024-10,1,2
R021,D0177,2024-11,1,3
R021,D0177,2024-12,3,6
R020,D0178,2024-01,5,0
R020,D0178,2024-02,3,1
R020,D0178,2024-03,3,2
R020,D0178,2024-04,2,6
R020,D0178,2024-05,3,6
R020,D0178,2024-06,9,11
R020,D0178,2024-07,5,14
R020,D0178,2024-08,5,1
R020,D0178,2024-09,7,3
R020,D0178,2024-10,6,0
R020,D0178,2024-11,5,0
R020,D0178,2024-12,5,7
R037,D0179,2024-01,4,4
R037,D0179,2024-02,3,0
R037,D0179,2024-03,2,4
R037,D0179,2024-04,2,5
R037,D0179,2024-05,6,11
R037,D0179,2024-06,3,3
R037,D0179,2024-07,6,7
R037,D0179,2024-08,3,7
R037,D0179,2024-09,3,8
R037,D0179,2024-10,1,2
R037,D0179,2024-11,6,7
R037,D0179,2024-12,5,15
R023,D0180,2024-01,1,2
R023,D0180,2024-02,3,1
R023,D0180,2024-03,1,2
R023,D0180,2024-04,4,0
R023,D0180,2024-05,3,7
R023,D0180,2024-06,0,0
R023,D0180,2024-07,2,4
R023,D0180,2024-08,2,2
R023,D0180,2024-09,1,1
R023,D0180,2024-10,0,0
R023,D0180,2024-11,1,3
R023,D0180,2024-12,1,3
R034,D0181,2024-01,1,1
R034,D0181,2024-02,2,0
R034,D0181,2024-03,2,5
R034,D0181,2024-04,2,5
R034,D0181,2024-05,1,2
R034,D0181,2024-06,2,4
R034,D0181,2024-07,1,0
R034,D0181,2024-08,3,0
R034,D0181,2024-09,1,3
R034,D0181,2024-10,1,2
R034,D0181,2024-11,3,6
R034,D0181,2024-12,3,3
R001,D0182,2024-01,3,3
R001,D0182,2024-02,7,7
R001,D0182,2024-03,8,5
R001,D0182,2024-04,7,17
R001,D0182,2024-05,10,18
R001,D0182,2024-06,5,12
R001,D0182,2024-07,4,8
R001,D0182,2024-08,5,13
R001,D0182,2024-09,6,2
R001,D0182,2024-10,5,14
R001,D0182,2024-11,3,4
R001,D0182,2024-12,4,0
R048,D0183,2024-01,3,7
R048,D0183,2024-02,3,5
R048,D0183,2024-03,1,0
R048,D0183,2024-04,1,2
R048,D0183,2024-05,3,9
R048,D0183,2024-06,1,3
R048,D0183,2024-07,4,3
R048,D0183,2024-08,2,0
R048,D0183,2024-09,4,12
R048,D0183,2024-10,1,1
R048,D0183,2024-11,2,4
R048,D0183,2024-12,3,7
R017,D0184,2024-01,4,10
R017,D0184,2024-02,4,6
R017,D0184,2024-03,2,6
R017,D0184,2024-04,2,3
R017,D0184,2024-05,2,6
R017,D0184,2024-06,8,15
R017,D0184,2024-07,6,12
R017,D0184,2024-08,5,3
R017,D0184,2024-09,5,9
R017,D0184,2024-10,5,1
R017,D0184,2024-11,5,9
R017,D0184,2024-12,2,0
R038,D0185,2024-01,6,12
R038,D0185,2024-02,4,9
R038,D0185,2024-03,4,4
R038,D0185,2024-04,5,13
R038,D0185,2024-05,7,12
R038,D0185,2024-06,3,7
R038,D0185,2024-07,1,0
R038,D0185,2024-08,6,13
R038,D0185,2024-09,2,5
R038,D0185,2024-10,4,4
R038,D0185,2024-11,4,10
R038,D0185,2024-12,2,5
R017,D0186,2024-01,1,3
R017,D0186,2024-02,2,2
R017,D0186,2024-03,3,3
R017,D0186,2024-04,3,3
R017,D0186,2024-05,4,5
R017,D0186,2024-06,3,6
R017,D0186,2024-07,2,1
R017,D0186,2024-08,1,1
R017,D0186,2024-09,2,5
R017,D0186,2024-10,1,3
R017,D0186,2024-11,2,0
R017,D0186,2024-12,3,4
R007,D0187,2024-01,2,1
R007,D0187,2024-02,1,3
R007,D0187,2024-03,2,6
R007,D0187,2024-04,2,6
R007,D0187,2024-05,3,2
R007,D0187,2024-06,1,3
R007,D0187,2024-07,1,2
R007,D0187,2024-08,3,2
R007,D0187,2024-09,2,6
R007,D0187,2024-10,2,0
R007,D0187,2024-11,1,1
R007,D0187,2024-12,2,5
R010,D0188,2024-01,2,1
R010,D0188,2024-02,2,4
R010,D0188,2024-03,1,0
R010,D0188,2024-04,2,3
R010,D0188,2024-05,6,10
R010,D0188,2024-06,4,6
R010,D0188,2024-07,3,5
R010,D0188,2024-08,4,5
R010,D0188,2024-09,1,0
R010,D0188,2024-10,5,10
R010,D0188,2024-11,4,11
R010,D0188,2024-12,5,3
R041,D0189,2024-01,0,0
R041,D0189,2024-02,1,0
R041,D0189,2024-03,0,0
R041,D0189,2024-04,0,0
R041,D0189,2024-05,0,0
R041,D0189,2024-06,0,0
R041,D0189,2024-07,0,0
R041,D0189,2024-08,0,0
R041,D0189,2024-09,0,0
R041,D0189,2024-10,0,0
R041,D0189,2024-11,1,0
R041,D0189,2024-12,0,0
R002,D0190,2024-01,0,0
R002,D0190,2024-02,1,0
R002,D0190,2024-03,1,2
R002,D0190,2024-04,2,2
R002,D0190,2024-05,0,0
R002,D0190,2024-06,0,0
R002,D0190,2024-07,0,0
R002,D0190,2024-08,2,5
R002,D0190,2024-09,2,4
R002,D0190,2024-10,1,3
R002,D0190,2024-11,0,0
R002,D0190,2024-12,2,3
R043,D0191,2024-01,3,5
R043,D0191,2024-02,1,0
R043,D0191,2024-03,1,2
R043,D0191,2024-04,0,0
R043,D0191,2024-05,1,0
R043,D0191,2024-06,0,0
R043,D0191,2024-07,1,2
R043,D0191,2024-08,0,0
R043,D0191,2024-09,1,3
R043,D0191,2024-10,0,0
R043,D0191,2024-11,2,1
R043,D0191,2024-12,2,6
R025,D0192,2024-01,0,0
R025,D0192,2024-02,0,0
R025,D0192,2024-03,1,3
R025,D0192,2024-04,0,0
R025,D0192,2024-05,0,0
R025,D0192,2024-06,0,0
R025,D0192,2024-07,0,0
R025,D0192,2024-08,0,0
R025,D0192,2024-09,0,0
R025,D0192,2024-10,0,0
R025,D0192,2024-11,1,3
R025,D0192,2024-12,0,0
R028,D0193,2024-01,2,4
R028,D0193,2024-02,4,9
R028,D0193,2024-03,3,6
R028,D0193,2024-04,6,2
R028,D0193,2024-05,6,8
R028,D0193,2024-06,1,2
R028,D0193,2024-07,1,3
R028,D0193,2024-08,1,3
R028,D0193,2024-09,2,1
R028,D0193,2024-10,3,1
R028,D0193,2024-11,0,0
R028,D0193,2024-12,2,6
R013,D0194,2024-01,3,0
R013,D0194,2024-02,4,3
R013,D0194,2024-03,5,4
R013,D0194,2024-04,3,3
R013,D0194,2024-05,2,6
R013,D0194,2024-06,1,0
R013,D0194,2024-07,5,4
R013,D0194,2024-08,3,5
R013,D0194,2024-09,5,8
R013,D0194,2024-10,3,3
R013,D0194,2024-11,6,6
R013,D0194,2024-12,4,0
R022,D0195,2024-01,0,0
R022,D0195,2024-02,1,3
R022,D0195,2024-03,0,0
R022,D0195,2024-04,0,0
R022,D0195,2024-05,1,1
R022,D0195,2024-06,1,2
R022,D0195,2024-07,0,0
R022,D0195,2024-08,0,0
R022,D0195,2024-09,0,0
R022,D0195,2024-10,0,0
R022,D0195,2024-11,0,0
R022,D0195,2024-12,1,2
R039,D0196,2024-01,3,7
R039,D0196,2024-02,11,18
R039,D0196,2024-03,8,19
R039,D0196,2024-04,2,1
R039,D0196,2024-05,2,5
R039,D0196,2024-06,3,4
R039,D0196,2024-07,6,0
R039,D0196,2024-08,5,3
R039,D0196,2024-09,11,5
R039,D0196,2024-10,4,9
R039,D0196,2024-11,3,8
R039,D0196,2024-12,9,20
R048,D0197,2024-01,0,0
R048,D0197,2024-02,3,7
R048,D0197,2024-03,5,7
R048,D0197,2024-04,8,9
R048,D0197,2024-05,4,4
R048,D0197,2024-06,7,4
R048,D0197,2024-07,4,7
R048,D0197,2024-08,5,13
R048,D0197,2024-09,5,5
R048,D0197,2024-10,8,9
R048,D0197,2024-11,5,7
R048,D0197,2024-12,0,0
R051,D0198,2024-01,0,0
R051,D0198,2024-02,0,0
R051,D0198,2024-03,0,0
R051,D0198,2024-04,0,0
R051,D0198,2024-05,0,0
R051,D0198,2024-06,0,0
R051,D0198,2024-07,1,0
R051,D0198,2024-08,0,0
R051,D0198,2024-09,1,2
R051,D0198,2024-10,0,0
R051,D0198,2024-11,0,0
R051,D0198,2024-12,0,0
R036,D0199,2024-01,1,0
R036,D0199,2024-02,3,7
R036,D0199,2024-03,2,1
R036,D0199,2024-04,2,2
R036,D0199,2024-05,0,0
R036,D0199,2024-06,2,2
R036,D0199,2024-07,3,4
R036,D0199,2024-08,3,6
R036,D0199,2024-09,3,1
R036,D0199,2024-10,3,9
R036,D0199,2024-11,3,1
R036,D0199,2024-12,2,0
R013,D0200,2024-01,2,6
R013,D0200,2024-02,6,12
R013,D0200,2024-03,2,0
R013,D0200,2024-04,4,8
R013,D0200,2024-05,3,7
R013,D0200,2024-06,4,12
R013,D0200,2024-07,1,1
R013,D0200,2024-08,1,1
R013,D0200,2024-09,1,3
R013,D0200,2024-10,4,8
R013,D0200,2024-11,7,10
R013,D0200,2024-12,5,0
R003,D0201,2024-01,0,0
R003,D0201,2024-02,3,5
R003,D0201,2024-03,0,0
R003,D0201,2024-04,3,8
R003,D0201,2024-05,1,1
R003,D0201,2024-06,2,6
R003,D0201,2024-07,2,6
R003,D0201,2024-08,1,2
R003,D0201,2024-09,2,6
R003,D0201,2024-10,1,2
R003,D0201,2024-11,3,0
R003,D0201,2024-12,4,6
R030,D0202,2024-01,3,7
R030,D0202,2024-02,7,3
R030,D0202,2024-03,3,1
R030,D0202,2024-04,2,0
R030,D0202,2024-05,3,1
R030,D0202,2024-06,7,21
R030,D0202,2024-07,9,16
R030,D0202,2024-08,5,12
R030,D0202,2024-09,3,4
R030,D0202,2024-10,2,6
R030,D0202,2024-11,5,1
R030,D0202,2024-12,3,8
R034,D0203,2024-01,3,6
R034,D0203,2024-02,3,8
R034,D0203,2024-03,2,2
R034,D0203,2024-04,5,15
R034,D0203,2024-05,3,9
R034,D0203,2024-06,5,9
R034,D0203,2024-07,4,5
R034,D0203,2024-08,3,4
R034,D0203,2024-09,2,2
R034,D0203,2024-10,3,5
R034,D0203,2024-11,2,1
R034,D0203,2024-12,7,3
R031,D0204,2024-01,3,5
R031,D0204,2024-02,8,6
R031,D0204,2024-03,4,6
R031,D0204,2024-04,5,14
R031,D0204,2024-05,2,0
R031,D0204,2024-06,8,7
R031,D0204,2024-07,2,5
R031,D0204,2024-08,0,0
R031,D0204,2024-09,7,11
R031,D0204,2024-10,0,0
R031,D0204,2024-11,3,5
R031,D0204,2024-12,2,4
R032,D0205,2024-01,2,0
R032,D0205,2024-02,6,10
R032,D0205,2024-03,2,0
R032,D0205,2024-04,5,3
R032,D0205,2024-05,1,3
R032,D0205,2024-06,5,14
R032,D0205,2024-07,3,6
R032,D0205,2024-08,2,1
R032,D0205,2024-09,4,8
R032,D0205,2024-10,2,4
R032,D0205,2024-11,8,17
R032,D0205,2024-12,4,0
R001,D0206,2024-01,2,2
R001,D0206,2024-02,1,3
R001,D0206,2024-03,0,0
R001,D0206,2024-04,0,0
R001,D0206,2024-05,2,4
R001,D0206,2024-06,1,0
R001,D0206,2024-07,0,0
R001,D0206,2024-08,0,0
R001,D0206,2024-09,1,3
R001,D0206,2024-10,0,0
R001,D0206,2024-11,2,2
R001,D0206,2024-12,2,4
R022,D0207,2024-01,2,4
R022,D0207,2024-02,3,8
R022,D0207,2024-03,3,7
R022,D0207,2024-04,4,5
R022,D0207,2024-05,6,11
R022,D0207,2024-06,6,15
R022,D0207,2024-07,2,0
R022,D0207,2024-08,2,6
R022,D0207,2024-09,2,5
R022,D0207,2024-10,1,3
R022,D0207,2024-11,0,0
R022,D0207,2024-12,1,1
R005,D0208,2024-01,3,1
R005,D0208,2024-02,3,9
R005,D0208,2024-03,3,1
R005,D0208,2024-04,3,4
R005,D0208,2024-05,4,10
R005,D0208,2024-06,1,1
R005,D0208,2024-07,3,1
R005,D0208,2024-08,1,3
R005,D0208,2024-09,1,2
R005,D0208,2024-10,3,5
R005,D0208,2024-11,2,5
R005,D0208,2024-12,0,0
R046,D0209,2024-01,6,18
R046,D0209,2024-02,5,2
R046,D0209,2024-03,2,6
R046,D0209,2024-04,3,7
R046,D0209,2024-05,0,0
R046,D0209,2024-06,4,1
R046,D0209,2024-07,3,2
R046,D0209,2024-08,1,3
R046,D0209,2024-09,3,7
R046,D0209,2024-10,4,12
R046,D0209,2024-11,6,14
R046,D0209,2024-12,3,2
R048,D0210,2024-01,4,6
R048,D0210,2024-02,4,1
R048,D0210,2024-03,6,0
R048,D0210,2024-04,1,3
R048,D0210,2024-05,3,7
R048,D0210,2024-06,3,9
R048,D0210,2024-07,11,28
R048,D0210,2024-08,4,12
R048,D0210,2024-09,1,0
R048,D0210,2024-10,9,27
R048,D0210,2024-11,4,12
R048,D0210,2024-12,3,2
R048,D0211,2024-01,0,0
R048,D0211,2024-02,1,3
R048,D0211,2024-03,3,2
R048,D0211,2024-04,0,0
R048,D0211,2024-05,0,0
R048,D0211,2024-06,1,2
R048,D0211,2024-07,2,1
R048,D0211,2024-08,0,0
R048,D0211,2024-09,0,0
R048,D0211,2024-10,0,0
R048,D0211,2024-11,0,0
R048,D0211,2024-12,0,0
R026,D0212,2024-01,2,6
R026,D0212,2024-02,3,4
R026,D0212,2024-03,3,4
R026,D0212,2024-04,5,9
R026,D0212,2024-05,2,0
R026,D0212,2024-06,1,1
R026,D0212,2024-07,0,0
R026,D0212,2024-08,1,1
R026,D0212,2024-09,2,1
R026,D0212,2024-10,3,1
R026,D0212,2024-11,1,2
R026,D0212,2024-12,0,0
R048,D0213,2024-01,2,2
R048,D0213,2024-02,2,1
R048,D0213,2024-03,9,7
R048,D0213,2024-04,2,2
R048,D0213,2024-05,4,0
R048,D0213,2024-06,0,0
R048,D0213,2024-07,5,10
R048,D0213,2024-08,3,7
R048,D0213,2024-09,2,0
R048,D0213,2024-10,3,1
R048,D0213,2024-11,5,2
R048,D0213,2024-12,2,3
R046,D0214,2024-01,3,5
R046,D0214,2024-02,0,0
R046,D0214,2024-03,2,1
R046,D0214,2024-04,2,5
R046,D0214,2024-05,3,0
R046,D0214,2024-06,2,0
R046,D0214,2024-07,1,1
R046,D0214,2024-08,2,2
R046,D0214,2024-09,3,2
R046,D0214,2024-10,1,2
R046,D0214,2024-11,4,4
R046,D0214,2024-12,4,2
R022,D0215,2024-01,5,5
R022,D0215,2024-02,3,5
R022,D0215,2024-03,3,1
R022,D0215,2024-04,2,6
R022,D0215,2024-05,3,6
R022,D0215,2024-06,2,2
R022,D0215,2024-07,1,3
R022,D0215,2024-08,1,1
R022,D0215,2024-09,0,0
R022,D0215,2024-10,1,0
R022,D0215,2024-11,1,1
R022,D0215,2024-12,1,1
R003,D0216,2024-01,0,0
R003,D0216,2024-02,0,0
R003,D0216,2024-03,7,18
R003,D0216,2024-04,5,0
R003,D0216,2024-05,2,3
R003,D0216,2024-06,2,5
R003,D0216,2024-07,1,1
R003,D0216,2024-08,2,2
R003,D0216,2024-09,3,9
R003,D0216,2024-10,5,11
R003,D0216,2024-11,2,5
R003,D0216,2024-12,4,10
R048,D0217,2024-01,5,9
R048,D0217,2024-02,6,12
R048,D0217,2024-03,6,12
R048,D0217,2024-04,6,13
R048,D0217,2024-05,4,12
R048,D0217,2024-06,6,17
R048,D0217,2024-07,3,9
R048,D0217,2024-08,9,21
R048,D0217,2024-09,6,1
R048,D0217,2024-10,2,1
R048,D0217,2024-11,5,10
R048,D0217,2024-12,2,6
R029,D0218,2024-01,7,11
R029,D0218,2024-02,1,2
R029,D0218,2024-03,4,10
R029,D0218,2024-04,4,8
R029,D0218,2024-05,8,19
R029,D0218,2024-06,5,11
R029,D0218,2024-07,4,1
R029,D0218,2024-08,6,3
R029,D0218,2024-09,4,6
R029,D0218,2024-10,7,11
R029,D0218,2024-11,4,9
R029,D0218,2024-12,5,6
R026,D0219,2024-01,2,6
R026,D0219,2024-02,2,2
R026,D0219,2024-03,2,3
R026,D0219,2024-04,0,0
R026,D0219,2024-05,0,0
R026,D0219,2024-06,1,3
R026,D0219,2024-07,0,0
R026,D0219,2024-08,1,2
R026,D0219,2024-09,2,5
R026,D0219,2024-10,0,0
R026,D0219,2024-11,0,0
R026,D0219,2024-12,0,0
R046,D0220,2024-01,0,0
R046,D0220,2024-02,1,3
R046,D0220,2024-03,0,0
R046,D0220,2024-04,0,0
R046,D0220,2024-05,2,3
R046,D0220,2024-06,0,0
R046,D0220,2024-07,1,2
R046,D0220,2024-08,1,3
R046,D0220,2024-09,1,2
R046,D0220,2024-10,3,3
R046,D0220,2024-11,1,1
R046,D0220,2024-12,4,9
R050,D0221,2024-01,2,4
R050,D0221,2024-02,4,0
R050,D0221,2024-03,2,0
R050,D0221,2024-04,4,12
R050,D0221,2024-05,3,4
R050,D0221,2024-06,3,0
R050,D0221,2024-07,3,6
R050,D0221,2024-08,1,2
R050,D0221,2024-09,0,0
R050,D0221,2024-10,2,2
R050,D0221,2024-11,2,3
R050,D0221,2024-12,3,3
R048,D0222,2024-01,1,2
R048,D0222,2024-02,3,0
R048,D0222,2024-03,4,1
R048,D0222,2024-04,8,13
R048,D0222,2024-05,6,16
R048,D0222,2024-06,2,2
R048,D0222,2024-07,0,0
R048,D0222,2024-08,0,0
R048,D0222,2024-09,1,3
R048,D0222,2024-10,0,0
R048,D0222,2024-11,3,1
R048,D0222,2024-12,1,2
R003,D0223,2024-01,5,14
R003,D0223,2024-02,6,2
R003,D0223,2024-03,6,18
R003,D0223,2024-04,11,14
R003,D0223,2024-05,10,11
R003,D0223,2024-06,5,1
R003,D0223,2024-07,9,21
R003,D0223,2024-08,5,1
R003,D0223,2024-09,5,1
R003,D0223,2024-10,1,2
R003,D0223,2024-11,7,16
R003,D0223,2024-12,6,8
R004,D0224,2024-01,5,11
R004,D0224,2024-02,2,3
R004,D0224,2024-03,1,0
R004,D0224,2024-04,2,5
R004,D0224,2024-05,3,2
R004,D0224,2024-06,2,4
R004,D0224,2024-07,4,4
R004,D0224,2024-08,1,3
R004,D0224,2024-09,7,0
R004,D0224,2024-10,6,16
R004,D0224,2024-11,3,6
R004,D0224,2024-12,3,7
R024,D0225,2024-01,0,0
R024,D0225,2024-02,0,0
R024,D0225,2024-03,2,3
R024,D0225,2024-04,1,1
R024,D0225,2024-05,1,2
R024,D0225,2024-06,0,0
R024,D0225,2024-07,0,0
R024,D0225,2024-08,0,0
R024,D0225,2024-09,0,0
R024,D0225,2024-10,0,0
R024,D0225,2024-11,0,0
R024,D0225,2024-12,0,0
R033,D0226,2024-01,0,0
R033,D0226,2024-02,1,2
R033,D0226,2024-03,5,14
R033,D0226,2024-04,2,1
R033,D0226,2024-05,0,0
R033,D0226,2024-06,3,5
R033,D0226,2024-07,1,3
R033,D0226,2024-08,1,1
R033,D0226,2024-09,6,18
R033,D0226,2024-10,2,2
R033,D0226,2024-11,2,2
R033,D0226,2024-12,0,0
R020,D0227,2024-01,1,0
R020,D0227,2024-02,2,5
R020,D0227,2024-03,1,3
R020,D0227,2024-04,1,2
R020,D0227,2024-05,2,1
R020,D0227,2024-06,1,2
R020,D0227,2024-07,0,0
R020,D0227,2024-08,0,0
R020,D0227,2024-09,1,1
R020,D0227,2024-10,0,0
R020,D0227,2024-11,1,0
R020,D0227,2024-12,3,7
R021,D0228,2024-01,0,0
R021,D0228,2024-02,0,0
R021,D0228,2024-03,1,1
R021,D0228,2024-04,0,0
R021,D0228,2024-05,0,0
R021,D0228,2024-06,0,0
R021,D0228,2024-07,0,0
R021,D0228,2024-08,1,1
R021,D0228,2024-09,0,0
R021,D0228,2024-10,0,0
R021,D0228,2024-11,0,0
R021,D0228,2024-12,0,0
R035,D0229,2024-01,0,0
R035,D0229,2024-02,0,0
R035,D0229,2024-03,0,0
R035,D0229,2024-04,0,0
R035,D0229,2024-05,0,0
R035,D0229,2024-06,0,0
R035,D0229,2024-07,1,1
R035,D0229,2024-08,0,0
R035,D0229,2024-09,1,1
R035,D0229,2024-10,0,0
R035,D0229,2024-11,0,0
R035,D0229,2024-12,0,0
R041,D0230,2024-01,3,6
R041,D0230,2024-02,1,0
R041,D0230,2024-03,4,7
R041,D0230,2024-04,2,3
R041,D0230,2024-05,3,2
R041,D0230,2024-06,5,10
R041,D0230,2024-07,0,0
R041,D0230,2024-08,0,0
R041,D0230,2024-09,1,2
R041,D0230,2024-10,1,0
R041,D0230,2024-11,2,1
R041,D0230,2024-12,1,2
R041,D0231,2024-01,1,0
R041,D0231,2024-02,5,15
R041,D0231,2024-03,6,18
R041,D0231,2024-04,2,3
R041,D0231,2024-05,2,4
R041,D0231,2024-06,1,1
R041,D0231,2024-07,5,5
R041,D0231,2024-08,4,9
R041,D0231,2024-09,7,11
R041,D0231,2024-10,1,3
R041,D0231,2024-11,2,0
R041,D0231,2024-12,1,2
R001,D0232,2024-01,1,3
R001,D0232,2024-02,1,2
R001,D0232,2024-03,0,0
R001,D0232,2024-04,0,0
R001,D0232,2024-05,1,2
R001,D0232,2024-06,0,0
R001,D0232,2024-07,1,1
R001,D0232,2024-08,0,0
R001,D0232,2024-09,0,0
R001,D0232,2024-10,0,0
R001,D0232,2024-11,1,1
R001,D0232,2024-12,0,0
R023,D0233,2024-01,3,5
R023,D0233,2024-02,5,3
R023,D0233,2024-03,4,7
R023,D0233,2024-04,3,0
R023,D0233,2024-05,2,0
R023,D0233,2024-06,2,4
R023,D0233,2024-07,2,3
R023,D0233,2024-08,2,0
R023,D0233,2024-09,0,0
R023,D0233,2024-10,3,8
R023,D0233,2024-11,2,6
R023,D0233,2024-12,1,0
R014,D0234,2024-01,1,3
R014,D0234,2024-02,4,1
R014,D0234,2024-03,5,6
R014,D0234,2024-04,2,0
R014,D0234,2024-05,4,6
R014,D0234,2024-06,3,4
R014,D0234,2024-07,5,11
R014,D0234,2024-08,1,2
R014,D0234,2024-09,0,0
R014,D0234,2024-10,4,10
R014,D0234,2024-11,3,7
R014,D0234,2024-12,3,0
R020,D0235,2024-01,4,11
R020,D0235,2024-02,7,13
R020,D0235,2024-03,3,1
R020,D0235,2024-04,6,11
R020,D0235,2024-05,3,9
R020,D0235,2024-06,4,7
R020,D0235,2024-07,8,2
R020,D0235,2024-08,3,6
R020,D0235,2024-09,4,7
R020,D0235,2024-10,5,7
R020,D0235,2024-11,7,21
R020,D0235,2024-12,5,13
R046,D0236,2024-01,2,4
R046,D0236,2024-02,1,3
R046,D0236,2024-03,2,4
R046,D0236,2024-04,2,4
R046,D0236,2024-05,6,12
R046,D0236,2024-06,3,7
R046,D0236,2024-07,4,9
R046,D0236,2024-08,7,3
R046,D0236,2024-09,3,7
R046,D0236,2024-10,6,2
R046,D0236,2024-11,5,0
R046,D0236,2024-12,5,2
R024,D0237,2024-01,3,9
R024,D0237,2024-02,3,9
R024,D0237,2024-03,1,1
R024,D0237,2024-04,0,0
R024,D0237,2024-05,2,5
R024,D0237,2024-06,0,0
R024,D0237,2024-07,2,6
R024,D0237,2024-08,1,2
R024,D0237,2024-09,0,0
R024,D0237,2024-10,1,0
R024,D0237,2024-11,0,0
R024,D0237,2024-12,0,0
R024,D0238,2024-01,6,8
R024,D0238,2024-02,10,6
R024,D0238,2024-03,7,13
R024,D0238,2024-04,9,2
R024,D0238,2024-05,8,3
R024,D0238,2024-06,2,0
R024,D0238,2024-07,3,4
R024,D0238,2024-08,2,5
R024,D0238,2024-09,2,4
R024,D0238,2024-10,1,2
R024,D0238,2024-11,2,3
R024,D0238,2024-12,0,0
R052,D0239,2024-01,0,0
R052,D0239,2024-02,0,0
R052,D0239,2024-03,3,8
R052,D0239,2024-04,1,3
R052,D0239,2024-05,0,0
R052,D0239,2024-06,0,0
R052,D0239,2024-07,1,1
R052,D0239,2024-08,0,0
R052,D0239,2024-09,0,0
R052,D0239,2024-10,0,0
R052,D0239,2024-11,0,0
R052,D0239,2024-12,1,1
R027,D0240,2024-01,4,10
R027,D0240,2024-02,6,12
R027,D0240,2024-03,1,3
R027,D0240,2024-04,3,1
R027,D0240,2024-05,2,3
R027,D0240,2024-06,2,3
R027,D0240,2024-07,3,8
R027,D0240,2024-08,2,1
R027,D0240,2024-09,1,2
R027,D0240,2024-10,0,0
R027,D0240,2024-11,0,0
R027,D0240,2024-12,0,0
R040,D0241,2024-01,4,10
R040,D0241,2024-02,7,7
R040,D0241,2024-03,3,9
R040,D0241,2024-04,2,0
R040,D0241,2024-05,5,12
R040,D0241,2024-06,1,1
R040,D0241,2024-07,4,7
R040,D0241,2024-08,4,3
R040,D0241,2024-09,4,3
R040,D0241,2024-10,2,0
R040,D0241,2024-11,2,0
R040,D0241,2024-12,0,0
R049,D0242,2024-01,2,2
R049,D0242,2024-02,5,3
R049,D0242,2024-03,2,0
R049,D0242,2024-04,1,0
R049,D0242,2024-05,3,8
R049,D0242,2024-06,3,9
R049,D0242,2024-07,2,6
R049,D0242,2024-08,2,4
R049,D0242,2024-09,2,5
R049,D0242,2024-10,1,3
R049,D0242,2024-11,3,4
R049,D0242,2024-12,1,0
R050,D0243,2024-01,3,3
R050,D0243,2024-02,2,0
R050,D0243,2024-03,1,0
R050,D0243,2024-04,3,7
R050,D0243,2024-05,2,5
R050,D0243,2024-06,1,0
R050,D0243,2024-07,2,1
R050,D0243,2024-08,3,7
R050,D0243,2024-09,3,3
R050,D0243,2024-10,1,0
R050,D0243,2024-11,3,7
R050,D0243,2024-12,2,4
R021,D0244,2024-01,7,4
R021,D0244,2024-02,2,5
R021,D0244,2024-03,2,2
R021,D0244,2024-04,1,0
R021,D0244,2024-05,4,8
R021,D0244,2024-06,1,2
R021,D0244,2024-07,1,3
R021,D0244,2024-08,2,4
R021,D0244,2024-09,1,1
R021,D0244,2024-10,3,4
R021,D0244,2024-11,0,0
R021,D0244,2024-12,0,0
R027,D0245,2024-01,2,6
R027,D0245,2024-02,4,12
R027,D0245,2024-03,1,0
R027,D0245,2024-04,2,4
R027,D0245,2024-05,1,1
R027,D0245,2024-06,0,0
R027,D0245,2024-07,0,0
R027,D0245,2024-08,1,2
R027,D0245,2024-09,2,0
R027,D0245,2024-10,1,3
R027,D0245,2024-11,1,0
R027,D0245,2024-12,2,3
R004,D0246,2024-01,1,3
R004,D0246,2024-02,2,0
R004,D0246,2024-03,4,6
R004,D0246,2024-04,1,3
R004,D0246,2024-05,2,4
R004,D0246,2024-06,3,4
R004,D0246,2024-07,3,4
R004,D0246,2024-08,1,3
R004,D0246,2024-09,2,6
R004,D0246,2024-10,2,4
R004,D0246,2024-11,5,1
R004,D0246,2024-12,2,3
R041,D0247,2024-01,2,3
R041,D0247,2024-02,0,0
R041,D0247,2024-03,2,1
R041,D0247,2024-04,1,0
R041,D0247,2024-05,3,3
R041,D0247,2024-06,1,2
R041,D0247,2024-07,2,5
R041,D0247,2024-08,4,8
R041,D0247,2024-09,3,5
R041,D0247,2024-10,4,3
R041,D0247,2024-11,1,0
R041,D0247,2024-12,1,0
R022,D0248,2024-01,3,8
R022,D0248,2024-02,9,1
R022,D0248,2024-03,12,19
R022,D0248,2024-04,10,14
R022,D0248,2024-05,12,21
R022,D0248,2024-06,1,1
R022,D0248,2024-07,3,1
R022,D0248,2024-08,4,3
R022,D0248,2024-09,2,5
R022,D0248,2024-10,1,0
R022,D0248,2024-11,1,1
R022,D0248,2024-12,2,4
R003,D0249,2024-01,4,5
R003,D0249,2024-02,2,3
R003,D0249,2024-03,0,0
R003,D0249,2024-04,2,6
R003,D0249,2024-05,2,0
R003,D0249,2024-06,2,3
R003,D0249,2024-07,2,2
R003,D0249,2024-08,1,2
R003,D0249,2024-09,1,2
R003,D0249,2024-10,2,1
R003,D0249,2024-11,2,6
R003,D0249,2024-12,1,3
R007,D0250,2024-01,2,1
R007,D0250,2024-02,1,1
R007,D0250,2024-03,0,0
R007,D0250,2024-04,0,0
R007,D0250,2024-05,0,0
R007,D0250,2024-06,0,0
R007,D0250,2024-07,1,1
R007,D0250,2024-08,1,1
R007,D0250,2024-09,0,0
R007,D0250,2024-10,0,0
R007,D0250,2024-11,0,0
R007,D0250,2024-12,0,0
R006,D0251,2024-01,5,7
R006,D0251,2024-02,7,5
R006,D0251,2024-03,9,6
R006,D0251,2024-04,8,8
R006,D0251,2024-05,5,9
R006,D0251,2024-06,4,9
R006,D0251,2024-07,5,12
R006,D0251,2024-08,6,1
R006,D0251,2024-09,5,15
R006,D0251,2024-10,7,10
R006,D0251,2024-11,10,2
R006,D0251,2024-12,6,2
R001,D0252,2024-01,4,7
R001,D0252,2024-02,5,14
R001,D0252,2024-03,3,1
R001,D0252,2024-04,6,10
R001,D0252,2024-05,4,10
R001,D0252,2024-06,2,5
R001,D0252,2024-07,2,2
R001,D0252,2024-08,5,2
R001,D0252,2024-09,2,3
R001,D0252,2024-10,0,0
R001,D0252,2024-11,2,0
R001,D0252,2024-12,3,5
R003,D0253,2024-01,4,11
R003,D0253,2024-02,4,8
R003,D0253,2024-03,1,3
R003,D0253,2024-04,5,9
R003,D0253,2024-05,7,15
R003,D0253,2024-06,2,5
R003,D0253,2024-07,7,10
R003,D0253,2024-08,7,2
R003,D0253,2024-09,4,7
R003,D0253,2024-10,8,22
R003,D0253,2024-11,5,6
R003,D0253,2024-12,5,2
R034,D0254,2024-01,2,1
R034,D0254,2024-02,7,14
R034,D0254,2024-03,2,2
R034,D0254,2024-04,2,0
R034,D0254,2024-05,2,3
R034,D0254,2024-06,4,5
R034,D0254,2024-07,0,0
R034,D0254,2024-08,2,4
R034,D0254,2024-09,2,3
R034,D0254,2024-10,1,3
R034,D0254,2024-11,0,0
R034,D0254,2024-12,0,0
R017,D0255,2024-01,4,3
R017,D0255,2024-02,1,0
R017,D0255,2024-03,3,0
R017,D0255,2024-04,3,0
R017,D0255,2024-05,2,5
R017,D0255,2024-06,3,7
R017,D0255,2024-07,8,5
R017,D0255,2024-08,4,11
R017,D0255,2024-09,0,0
R017,D0255,2024-10,5,12
R017,D0255,2024-11,1,1
R017,D0255,2024-12,3,2
R052,D0256,2024-01,2,3
R052,D0256,2024-02,7,13
R052,D0256,2024-03,2,2
R052,D0256,2024-04,0,0
R052,D0256,2024-05,5,10
R052,D0256,2024-06,2,6
R052,D0256,2024-07,3,7
R052,D0256,2024-08,7,12
R052,D0256,2024-09,2,2
R052,D0256,2024-10,4,4
R052,D0256,2024-11,1,1
R052,D0256,2024-12,4,10
R029,D0257,2024-01,1,2
R029,D0257,2024-02,4,10
R029,D0257,2024-03,0,0
R029,D0257,2024-04,1,0
R029,D0257,2024-05,2,2
R029,D0257,2024-06,6,16
R029,D0257,2024-07,0,0
R029,D0257,2024-08,2,6
R029,D0257,2024-09,2,4
R029,D0257,2024-10,2,0
R029,D0257,2024-11,3,7
R029,D0257,2024-12,4,5
R032,D0258,2024-01,4,8
R032,D0258,2024-02,0,0
R032,D0258,2024-03,1,0
R032,D0258,2024-04,1,1
R032,D0258,2024-05,1,0
R032,D0258,2024-06,2,1
R032,D0258,2024-07,3,8
R032,D0258,2024-08,2,3
R032,D0258,2024-09,3,4
R032,D0258,2024-10,3,1
R032,D0258,2024-11,3,6
R032,D0258,2024-12,2,6
R033,D0259,2024-01,7,0
R033,D0259,2024-02,5,4
R033,D0259,2024-03,8,2
R033,D0259,2024-04,9,0
R033,D0259,2024-05,10,7
R033,D0259,2024-06,11,14
R033,D0259,2024-07,5,9
R033,D0259,2024-08,6,6
R033,D0259,2024-09,8,24
R033,D0259,2024-10,7,11
R033,D0259,2024-11,5,0
R033,D0259,2024-12,8,6
R037,D0260,2024-01,6,16
R037,D0260,2024-02,8,11
R037,D0260,2024-03,8,23
R037,D0260,2024-04,7,9
R037,D0260,2024-05,2,3
R037,D0260,2024-06,5,4
R037,D0260,2024-07,4,8
R037,D0260,2024-08,4,11
R037,D0260,2024-09,9,13
R037,D0260,2024-10,2,1
R037,D0260,2024-11,7,7
R037,D0260,2024-12,5,0
R039,D0261,2024-01,3,8
R039,D0261,2024-02,2,4
R039,D0261,2024-03,3,6
R039,D0261,2024-04,4,6
R039,D0261,2024-05,1,3
R039,D0261,2024-06,8,10
R039,D0261,2024-07,3,3
R039,D0261,2024-08,4,2
R039,D0261,2024-09,4,9
R039,D0261,2024-10,2,4
R039,D0261,2024-11,4,7
R039,D0261,2024-12,3,6
R021,D0262,2024-01,2,6
R021,D0262,2024-02,0,0
R021,D0262,2024-03,3,7
R021,D0262,2024-04,3,5
R021,D0262,2024-05,2,0
R021,D0262,2024-06,4,9
R021,D0262,2024-07,1,1
R021,D0262,2024-08,2,0
R021,D0262,2024-09,1,3
R021,D0262,2024-10,2,2
R021,D0262,2024-11,0,0
R021,D0262,2024-12,1,3
R038,D0263,2024-01,5,4
R038,D0263,2024-02,1,0
R038,D0263,2024-03,4,11
R038,D0263,2024-04,4,8
R038,D0263,2024-05,4,1
R038,D0263,2024-06,4,11
R038,D0263,2024-07,4,4
R038,D0263,2024-08,3,5
R038,D0263,2024-09,2,6
R038,D0263,2024-10,2,4
R038,D0263,2024-11,2,4
R038,D0263,2024-12,2,6
R030,D0264,2024-01,1,1
R030,D0264,2024-02,1,0
R030,D0264,2024-03,1,1
R030,D0264,2024-04,4,0
R030,D0264,2024-05,4,11
R030,D0264,2024-06,1,2
R030,D0264,2024-07,0,0
R030,D0264,2024-08,5,8
R030,D0264,2024-09,2,6
R030,D0264,2024-10,3,1
R030,D0264,2024-11,2,4
R030,D0264,2024-12,1,0
R036,D0265,2024-01,2,5
R036,D0265,2024-02,5,8
R036,D0265,2024-03,3,2
R036,D0265,2024-04,1,0
R036,D0265,2024-05,3,6
R036,D0265,2024-06,1,0
R036,D0265,2024-07,3,0
R036,D0265,2024-08,2,0
R036,D0265,2024-09,1,2
R036,D0265,2024-10,2,1
R036,D0265,2024-11,4,7
R036,D0265,2024-12,1,3
R043,D0266,2024-01,5,10
R043,D0266,2024-02,3,1
R043,D0266,2024-03,4,2
R043,D0266,2024-04,3,0
R043,D0266,2024-05,3,0
R043,D0266,2024-06,3,8
R043,D0266,2024-07,3,1
R043,D0266,2024-08,2,3
R043,D0266,2024-09,3,0
R043,D0266,2024-10,5,9
R043,D0266,2024-11,4,4
R043,D0266,2024-12,3,7
R044,D0267,2024-01,5,0
R044,D0267,2024-02,3,2
R044,D0267,2024-03,3,8
R044,D0267,2024-04,5,13
R044,D0267,2024-05,4,4
R044,D0267,2024-06,2,6
R044,D0267,2024-07,2,0
R044,D0267,2024-08,9,7
R044,D0267,2024-09,4,1
R044,D0267,2024-10,0,0
R044,D0267,2024-11,6,9
R044,D0267,2024-12,3,8
R035,D0268,2024-01,3,9
R035,D0268,2024-02,4,8
R035,D0268,2024-03,3,4
R035,D0268,2024-04,3,2
R035,D0268,2024-05,2,4
R035,D0268,2024-06,3,6
R035,D0268,2024-07,2,6
R035,D0268,2024-08,3,6
R035,D0268,2024-09,3,3
R035,D0268,2024-10,4,0
R035,D0268,2024-11,2,2
R035,D0268,2024-12,1,1
R003,D0269,2024-01,6,4
R003,D0269,2024-02,4,3
R003,D0269,2024-03,6,14
R003,D0269,2024-04,8,21
R003,D0269,2024-05,5,10
R003,D0269,2024-06,1,3
R003,D0269,2024-07,5,9
R003,D0269,2024-08,2,1
R003,D0269,2024-09,1,2
R003,D0269,2024-10,5,3
R003,D0269,2024-11,9,26
R003,D0269,2024-12,8,15
R048,D0270,2024-01,1,0
R048,D0270,2024-02,7,1
R048,D0270,2024-03,8,10
R048,D0270,2024-04,5,5
R048,D0270,2024-05,7,5
R048,D0270,2024-06,1,2
R048,D0270,2024-07,3,8
R048,D0270,2024-08,8,2
R048,D0270,2024-09,3,4
R048,D0270,2024-10,9,4
R048,D0270,2024-11,6,13
R048,D0270,2024-12,5,3
R053,D0271,2024-01,2,6
R053,D0271,2024-02,7,9
R053,D0271,2024-03,4,6
R053,D0271,2024-04,2,5
R053,D0271,2024-05,6,15
R053,D0271,2024-06,4,0
R053,D0271,2024-07,2,1
R053,D0271,2024-08,1,1
R053,D0271,2024-09,1,2
R053,D0271,2024-10,1,0
R053,D0271,2024-11,2,0
R053,D0271,2024-12,0,0
R033,D0272,2024-01,6,1
R033,D0272,2024-02,4,5
R033,D0272,2024-03,2,1
R033,D0272,2024-04,3,0
R033,D0272,2024-05,4,6
R033,D0272,2024-06,0,0
R033,D0272,2024-07,2,3
R033,D0272,2024-08,5,2
R033,D0272,2024-09,4,0
R033,D0272,2024-10,1,0
R033,D0272,2024-11,1,3
R033,D0272,2024-12,3,9
R027,D0273,2024-01,2,5
R027,D0273,2024-02,3,8
R027,D0273,2024-03,4,11
R027,D0273,2024-04,3,3
R027,D0273,2024-05,2,2
R027,D0273,2024-06,0,0
R027,D0273,2024-07,2,2
R027,D0273,2024-08,1,3
R027,D0273,2024-09,0,0
R027,D0273,2024-10,0,0
R027,D0273,2024-11,0,0
R027,D0273,2024-12,1,1
R009,D0274,2024-01,4,8
R009,D0274,2024-02,10,3
R009,D0274,2024-03,5,14
R009,D0274,2024-04,2,4
R009,D0274,2024-05,3,8
R009,D0274,2024-06,5,15
R009,D0274,2024-07,2,4
R009,D0274,2024-08,3,7
R009,D0274,2024-09,4,3
R009,D0274,2024-10,1,3
R009,D0274,2024-11,3,2
R009,D0274,2024-12,8,19
R025,D0275,2024-01,11,13
R025,D0275,2024-02,6,15
R025,D0275,2024-03,8,8
R025,D0275,2024-04,7,7
R025,D0275,2024-05,0,0
R025,D0275,2024-06,1,3
R025,D0275,2024-07,3,1
R025,D0275,2024-08,3,3
R025,D0275,2024-09,5,13
R025,D0275,2024-10,2,1
R025,D0275,2024-11,3,6
R025,D0275,2024-12,3,9
R029,D0276,2024-01,4,7
R029,D0276,2024-02,1,0
R029,D0276,2024-03,1,0
R029,D0276,2024-04,2,4
R029,D0276,2024-05,1,0
R029,D0276,2024-06,4,9
R029,D0276,2024-07,3,7
R029,D0276,2024-08,2,6
R029,D0276,2024-09,1,3
R029,D0276,2024-10,5,13
R029,D0276,2024-11,2,3
R029,D0276,2024-12,1,3
R039,D0277,2024-01,3,0
R039,D0277,2024-02,0,0
R039,D0277,2024-03,2,0
R039,D0277,2024-04,2,2
R039,D0277,2024-05,3,1
R039,D0277,2024-06,4,0
R039,D0277,2024-07,0,0
R039,D0277,2024-08,1,1
R039,D0277,2024-09,2,6
R039,D0277,2024-10,1,2
R039,D0277,2024-11,11,20
R039,D0277,2024-12,0,0
R028,D0278,2024-01,5,1
R028,D0278,2024-02,4,5
R028,D0278,2024-03,3,6
R028,D0278,2024-04,2,4
R028,D0278,2024-05,2,0
R028,D0278,2024-06,3,1
R028,D0278,2024-07,0,0
R028,D0278,2024-08,1,1
R028,D0278,2024-09,1,3
R028,D0278,2024-10,2,1
R028,D0278,2024-11,1,2
R028,D0278,2024-12,1,0
R007,D0279,2024-01,2,0
R007,D0279,2024-02,2,5
R007,D0279,2024-03,4,3
R007,D0279,2024-04,3,3
R007,D0279,2024-05,1,0
R007,D0279,2024-06,6,18
R007,D0279,2024-07,2,2
R007,D0279,2024-08,3,7
R007,D0279,2024-09,6,5
R007,D0279,2024-10,0,0
R007,D0279,2024-11,4,3
R007,D0279,2024-12,3,5
R005,D0280,2024-01,4,10
R005,D0280,2024-02,0,0
R005,D0280,2024-03,5,10
R005,D0280,2024-04,2,5
R005,D0280,2024-05,2,6
R005,D0280,2024-06,5,1
R005,D0280,2024-07,1,0
R005,D0280,2024-08,2,1
R005,D0280,2024-09,1,1
R005,D0280,2024-10,6,1
R005,D0280,2024-11,5,3
R005,D0280,2024-12,4,11
R029,D0281,2024-01,4,9
R029,D0281,2024-02,1,1
R029,D0281,2024-03,4,10
R029,D0281,2024-04,3,5
R029,D0281,2024-05,3,8
R029,D0281,2024-06,2,4
R029,D0281,2024-07,5,13
R029,D0281,2024-08,5,11
R029,D0281,2024-09,5,9
R029,D0281,2024-10,2,1
R029,D0281,2024-11,4,11
R029,D0281,2024-12,7,10
R036,D0282,2024-01,1,0
R036,D0282,2024-02,3,5
R036,D0282,2024-03,2,4
R036,D0282,2024-04,2,1
R036,D0282,2024-05,1,1
R036,D0282,2024-06,0,0
R036,D0282,2024-07,1,0
R036,D0282,2024-08,0,0
R036,D0282,2024-09,4,7
R036,D0282,2024-10,0,0
R036,D0282,2024-11,0,0
R036,D0282,2024-12,2,0
R047,D0283,2024-01,0,0
R047,D0283,2024-02,0,0
R047,D0283,2024-03,0,0
R047,D0283,2024-04,1,3
R047,D0283,2024-05,0,0
R047,D0283,2024-06,0,0
R047,D0283,2024-07,0,0
R047,D0283,2024-08,2,2
R047,D0283,2024-09,1,0
R047,D0283,2024-10,0,0
R047,D0283,2024-11,2,0
R047,D0283,2024-12,0,0
R048,D0284,2024-01,4,8
R048,D0284,2024-02,1,2
R048,D0284,2024-03,1,2
R048,D0284,2024-04,4,12
R048,D0284,2024-05,4,3
R048,D0284,2024-06,2,1
R048,D0284,2024-07,1,1
R048,D0284,2024-08,5,7
R048,D0284,2024-09,3,4
R048,D0284,2024-10,5,13
R048,D0284,2024-11,2,5
R048,D0284,2024-12,2,2
R034,D0285,2024-01,1,3
R034,D0285,2024-02,2,5
R034,D0285,2024-03,2,1
R034,D0285,2024-04,5,1
R034,D0285,2024-05,1,2
R034,D0285,2024-06,5,3
R034,D0285,2024-07,5,6
R034,D0285,2024-08,3,7
R034,D0285,2024-09,4,9
R034,D0285,2024-10,2,1
R034,D0285,2024-11,3,8
R034,D0285,2024-12,6,0
R011,D0286,2024-01,4,10
R011,D0286,2024-02,3,6
R011,D0286,2024-03,1,0
R011,D0286,2024-04,1,2
R011,D0286,2024-05,1,3
R011,D0286,2024-06,2,5
R011,D0286,2024-07,6,6
R011,D0286,2024-08,0,0
R011,D0286,2024-09,3,3
R011,D0286,2024-10,1,2
R011,D0286,2024-11,0,0
R011,D0286,2024-12,1,0
R048,D0287,2024-01,0,0
R048,D0287,2024-02,0,0
R048,D0287,2024-03,0,0
R048,D0287,2024-04,0,0
R048,D0287,2024-05,0,0
R048,D0287,2024-06,0,0
R048,D0287,2024-07,0,0
R048,D0287,2024-08,0,0
R048,D0287,2024-09,0,0
R048,D0287,2024-10,0,0
R048,D0287,2024-11,1,0
R048,D0287,2024-12,0,0
R034,D0288,2024-01,0,0
R034,D0288,2024-02,0,0
R034,D0288,2024-03,1,2
R034,D0288,2024-04,0,0
R034,D0288,2024-05,0,0
R034,D0288,2024-06,0,0
R034,D0288,2024-07,0,0
R034,D0288,2024-08,1,3
R034,D0288,2024-09,1,2
R034,D0288,2024-10,0,0
R034,D0288,2024-11,1,0
R034,D0288,2024-12,0,0
R046,D0289,2024-01,6,1
R046,D0289,2024-02,4,3
R046,D0289,2024-03,3,1
R046,D0289,2024-04,1,2
R046,D0289,2024-05,3,1
R046,D0289,2024-06,2,5
R046,D0289,2024-07,5,6
R046,D0289,2024-08,8,18
R046,D0289,2024-09,3,2
R046,D0289,2024-10,2,3
R046,D0289,2024-11,2,5
R046,D0289,2024-12,2,2
R042,D0290,2024-01,3,4
R042,D0290,2024-02,4,0
R042,D0290,2024-03,4,6
R042,D0290,2024-04,6,18
R042,D0290,2024-05,7,17
R042,D0290,2024-06,4,3
R042,D0290,2024-07,3,8
R042,D0290,2024-08,2,4
R042,D0290,2024-09,4,8
R042,D0290,2024-10,4,8
R042,D0290,2024-11,2,3
R042,D0290,2024-12,4,10
R022,D0291,2024-01,4,4
R022,D0291,2024-02,1,3
R022,D0291,2024-03,2,0
R022,D0291,2024-04,5,0
R022,D0291,2024-05,3,8
R022,D0291,2024-06,2,0
R022,D0291,2024-07,0,0
R022,D0291,2024-08,2,0
R022,D0291,2024-09,2,1
R022,D0291,2024-10,3,7
R022,D0291,2024-11,1,2
R022,D0291,2024-12,2,0
R024,D0292,2024-01,1,1
R024,D0292,2024-02,4,1
R024,D0292,2024-03,4,2
R024,D0292,2024-04,2,4
R024,D0292,2024-05,4,1
R024,D0292,2024-06,2,4
R024,D0292,2024-07,1,0
R024,D0292,2024-08,2,6
R024,D0292,2024-09,0,0
R024,D0292,2024-10,1,3
R024,D0292,2024-11,2,0
R024,D0292,2024-12,1,2
R027,D0293,2024-01,4,3
R027,D0293,2024-02,2,1
R027,D0293,2024-03,3,3
R027,D0293,2024-04,3,8
R027,D0293,2024-05,1,0
R027,D0293,2024-06,0,0
R027,D0293,2024-07,0,0
R027,D0293,2024-08,1,3
R027,D0293,2024-09,0,0
R027,D0293,2024-10,2,1
R027,D0293,2024-11,1,3
R027,D0293,2024-12,1,2
R013,D0294,2024-01,6,15
R013,D0294,2024-02,6,14
R013,D0294,2024-03,7,15
R013,D0294,2024-04,9,25
R013,D0294,2024-05,3,4
R013,D0294,2024-06,10,2
R013,D0294,2024-07,4,6
R013,D0294,2024-08,7,17
R013,D0294,2024-09,5,15
R013,D0294,2024-10,5,10
R013,D0294,2024-11,4,8
R013,D0294,2024-12,10,13
R040,D0295,2024-01,4,8
R040,D0295,2024-02,7,2
R040,D0295,2024-03,4,5
R040,D0295,2024-04,4,9
R040,D0295,2024-05,6,2
R040,D0295,2024-06,2,4
R040,D0295,2024-07,8,12
R040,D0295,2024-08,6,2
R040,D0295,2024-09,8,16
R040,D0295,2024-10,2,3
R040,D0295,2024-11,4,9
R040,D0295,2024-12,2,2
R023,D0296,2024-01,0,0
R023,D0296,2024-02,0,0
R023,D0296,2024-03,1,2
R023,D0296,2024-04,0,0
R023,D0296,2024-05,1,2
R023,D0296,2024-06,0,0
R023,D0296,2024-07,1,3
R023,D0296,2024-08,0,0
R023,D0296,2024-09,0,0
R023,D0296,2024-10,0,0
R023,D0296,2024-11,0,0
R023,D0296,2024-12,0,0
R036,D0297,2024-01,8,15
R036,D0297,2024-02,2,6
R036,D0297,2024-03,1,0
R036,D0297,2024-04,6,4
R036,D0297,2024-05,6,16
R036,D0297,2024-06,7,20
R036,D0297,2024-07,6,3
R036,D0297,2024-08,5,8
R036,D0297,2024-09,6,8
R036,D0297,2024-10,5,13
R036,D0297,2024-11,2,0
R036,D0297,2024-12,4,8
R035,D0298,2024-01,0,0
R035,D0298,2024-02,4,1
R035,D0298,2024-03,1,0
R035,D0298,2024-04,0,0
R035,D0298,2024-05,0,0
R035,D0298,2024-06,6,8
R035,D0298,2024-07,1,3
R035,D0298,2024-08,2,4
R035,D0298,2024-09,4,7
R035,D0298,2024-10,1,0
R035,D0298,2024-11,2,1
R035,D0298,2024-12,1,1
R028,D0299,2024-01,3,8
R028,D0299,2024-02,4,8
R028,D0299,2024-03,4,0
R028,D0299,2024-04,3,4
R028,D0299,2024-05,4,0
R028,D0299,2024-06,1,2
R028,D0299,2024-07,2,4
R028,D0299,2024-08,2,0
R028,D0299,2024-09,2,3
R028,D0299,2024-10,3,5
R028,D0299,2024-11,3,6
R028,D0299,2024-12,2,4
R036,D0300,2024-01,2,4
R036,D0300,2024-02,2,0
R036,D0300,2024-03,6,1
R036,D0300,2024-04,2,2
R036,D0300,2024-05,1,0
R036,D0300,2024-06,4,8
R036,D0300,2024-07,5,11
R036,D0300,2024-08,2,0
R036,D0300,2024-09,6,10
R036,D0300,2024-10,3,9
R036,D0300,2024-11,4,10
R036,D0300,2024-12,2,4
R012,D0301,2024-01,2,5
R012,D0301,2024-02,2,6
R012,D0301,2024-03,3,7
R012,D0301,2024-04,2,2
R012,D0301,2024-05,1,2
R012,D0301,2024-06,3,5
R012,D0301,2024-07,2,5
R012,D0301,2024-08,0,0
R012,D0301,2024-09,1,3
R012,D0301,2024-10,3,7
R012,D0301,2024-11,1,1
R012,D0301,2024-12,1,0
R035,D0302,2024-01,1,3
R035,D0302,2024-02,0,0
R035,D0302,2024-03,3,2
R035,D0302,2024-04,2,2
R035,D0302,2024-05,1,3
R035,D0302,2024-06,0,0
R035,D0302,2024-07,1,2
R035,D0302,2024-08,2,5
R035,D0302,2024-09,1,0
R035,D0302,2024-10,3,4
R035,D0302,2024-11,2,3
R035,D0302,2024-12,0,0
R012,D0303,2024-01,4,2
R012,D0303,2024-02,12,26
R012,D0303,2024-03,2,1
R012,D0303,2024-04,4,5
R012,D0303,2024-05,4,9
R012,D0303,2024-06,5,1
R012,D0303,2024-07,2,2
R012,D0303,2024-08,4,1
R012,D0303,2024-09,5,11
R012,D0303,2024-10,6,10
R012,D0303,2024-11,5,15
R012,D0303,2024-12,5,1
R008,D0304,2024-01,6,3
R008,D0304,2024-02,7,19
R008,D0304,2024-03,3,2
R008,D0304,2024-04,2,5
R008,D0304,2024-05,6,6
R008,D0304,2024-06,4,9
R008,D0304,2024-07,3,2
R008,D0304,2024-08,5,15
R008,D0304,2024-09,5,0
R008,D0304,2024-10,9,20
R008,D0304,2024-11,9,4
R008,D0304,2024-12,5,0
R048,D0305,2024-01,6,18
R048,D0305,2024-02,2,4
R048,D0305,2024-03,1,2
R048,D0305,2024-04,1,2
R048,D0305,2024-05,1,3
R048,D0305,2024-06,2,1
R048,D0305,2024-07,3,5
R048,D0305,2024-08,4,12
R048,D0305,2024-09,1,0
R048,D0305,2024-10,1,0
R048,D0305,2024-11,3,8
R048,D0305,2024-12,4,7
R046,D0306,2024-01,2,3
R046,D0306,2024-02,2,4
R046,D0306,2024-03,5,0
R046,D0306,2024-04,0,0
R046,D0306,2024-05,4,9
R046,D0306,2024-06,3,6
R046,D0306,2024-07,4,3
R046,D0306,2024-08,3,1
R046,D0306,2024-09,5,1
R046,D0306,2024-10,4,2
R046,D0306,2024-11,4,1
R046,D0306,2024-12,4,12
R037,D0307,2024-01,5,14
R037,D0307,2024-02,3,9
R037,D0307,2024-03,5,9
R037,D0307,2024-04,2,6
R037,D0307,2024-05,4,7
R037,D0307,2024-06,1,1
R037,D0307,2024-07,4,12
R037,D0307,2024-08,0,0
R037,D0307,2024-09,2,3
R037,D0307,2024-10,8,5
R037,D0307,2024-11,2,5
R037,D0307,2024-12,2,4
R051,D0308,2024-01,6,12
R051,D0308,2024-02,6,2
R051,D0308,2024-03,4,9
R051,D0308,2024-04,3,6
R051,D0308,2024-05,5,12
R051,D0308,2024-06,1,2
R051,D0308,2024-07,5,15
R051,D0308,2024-08,4,2
R051,D0308,2024-09,3,6
R051,D0308,2024-10,2,0
R051,D0308,2024-11,5,15
R051,D0308,2024-12,3,8
R037,D0309,2024-01,3,8
R037,D0309,2024-02,2,0
R037,D0309,2024-03,6,17
R037,D0309,2024-04,1,3
R037,D0309,2024-05,3,4
R037,D0309,2024-06,5,6
R037,D0309,2024-07,3,6
R037,D0309,2024-08,4,12
R037,D0309,2024-09,3,8
R037,D0309,2024-10,1,2
R037,D0309,2024-11,6,17
R037,D0309,2024-12,2,2
R005,D0310,2024-01,10,15
R005,D0310,2024-02,4,7
R005,D0310,2024-03,7,18
R005,D0310,2024-04,5,15
R005,D0310,2024-05,8,22
R005,D0310,2024-06,6,15
R005,D0310,2024-07,6,15
R005,D0310,2024-08,4,1
R005,D0310,2024-09,5,15
R005,D0310,2024-10,3,8
R005,D0310,2024-11,6,6
R005,D0310,2024-12,6,13
R023,D0311,2024-01,5,3
R023,D0311,2024-02,2,4
R023,D0311,2024-03,3,1
R023,D0311,2024-04,0,0
R023,D0311,2024-05,2,0
R023,D0311,2024-06,1,0
R023,D0311,2024-07,1,0
R023,D0311,2024-08,2,4
R023,D0311,2024-09,0,0
R023,D0311,2024-10,3,1
R023,D0311,2024-11,0,0
R023,D0311,2024-12,0,0
R016,D0312,2024-01,4,12
R016,D0312,2024-02,4,9
R016,D0312,2024-03,5,15
R016,D0312,2024-04,7,10
R016,D0312,2024-05,7,1
R016,D0312,2024-06,4,0
R016,D0312,2024-07,8,11
R016,D0312,2024-08,9,14
R016,D0312,2024-09,6,11
R016,D0312,2024-10,10,14
R016,D0312,2024-11,8,14
R016,D0312,2024-12,4,8
R044,D0313,2024-01,8,22
R044,D0313,2024-02,4,10
R044,D0313,2024-03,2,6
R044,D0313,2024-04,6,6
R044,D0313,2024-05,5,12
R044,D0313,2024-06,5,6
R044,D0313,2024-07,2,5
R044,D0313,2024-08,6,4
R044,D0313,2024-09,4,9
R044,D0313,2024-10,4,0
R044,D0313,2024-11,5,6
R044,D0313,2024-12,5,10
R006,D0314,2024-01,7,4
R006,D0314,2024-02,2,1
R006,D0314,2024-03,4,12
R006,D0314,2024-04,5,6
R006,D0314,2024-05,3,6
R006,D0314,2024-06,6,4
R006,D0314,2024-07,2,2
R006,D0314,2024-08,2,1
R006,D0314,2024-09,5,15
R006,D0314,2024-10,5,1
R006,D0314,2024-11,2,6
R006,D0314,2024-12,3,5
R036,D0315,2024-01,5,3
R036,D0315,2024-02,2,4
R036,D0315,2024-03,3,8
R036,D0315,2024-04,4,0
R036,D0315,2024-05,6,10
R036,D0315,2024-06,4,10
R036,D0315,2024-07,5,13
R036,D0315,2024-08,8,22
R036,D0315,2024-09,3,0
R036,D0315,2024-10,3,3
R036,D0315,2024-11,2,6
R036,D0315,2024-12,5,0
R048,D0316,2024-01,7,12
R048,D0316,2024-02,3,4
R048,D0316,2024-03,3,6
R048,D0316,2024-04,3,6
R048,D0316,2024-05,3,7
R048,D0316,2024-06,6,3
R048,D0316,2024-07,2,0
R048,D0316,2024-08,3,8
R048,D0316,2024-09,6,4
R048,D0316,2024-10,3,4
R048,D0316,2024-11,11,9
R048,D0316,2024-12,2,0
R010,D0317,2024-01,6,10
R010,D0317,2024-02,7,6
R010,D0317,2024-03,4,12
R010,D0317,2024-04,7,13
R010,D0317,2024-05,5,15
R010,D0317,2024-06,9,18
R010,D0317,2024-07,4,5
R010,D0317,2024-08,4,7
R010,D0317,2024-09,7,19
R010,D0317,2024-10,5,12
R010,D0317,2024-11,6,12
R010,D0317,2024-12,9,13
R051,D0318,2024-01,2,1
R051,D0318,2024-02,3,8
R051,D0318,2024-03,5,13
R051,D0318,2024-04,2,0
R051,D0318,2024-05,1,1
R051,D0318,2024-06,3,5
R051,D0318,2024-07,2,2
R051,D0318,2024-08,2,3
R051,D0318,2024-09,2,1
R051,D0318,2024-10,2,4
R051,D0318,2024-11,2,4
R051,D0318,2024-12,3,1
R043,D0319,2024-01,1,3
R043,D0319,2024-02,5,4
R043,D0319,2024-03,3,7
R043,D0319,2024-04,3,8
R043,D0319,2024-05,2,0
R043,D0319,2024-06,2,0
R043,D0319,2024-07,2,1
R043,D0319,2024-08,3,8
R043,D0319,2024-09,6,18
R043,D0319,2024-10,3,5
R043,D0319,2024-11,1,0
R043,D0319,2024-12,3,0
R004,D0320,2024-01,5,0
R004,D0320,2024-02,1,1
R004,D0320,2024-03,3,4
R004,D0320,2024-04,2,3
R004,D0320,2024-05,3,1
R004,D0320,2024-06,4,4
R004,D0320,2024-07,3,4
R004,D0320,2024-08,3,8
R004,D0320,2024-09,5,9
R004,D0320,2024-10,4,0
R004,D0320,2024-11,6,17
R004,D0320,2024-12,4,10
R035,D0321,2024-01,2,5
R035,D0321,2024-02,3,2
R035,D0321,2024-03,4,7
R035,D0321,2024-04,3,0
R035,D0321,2024-05,1,2
R035,D0321,2024-06,5,6
R035,D0321,2024-07,4,1
R035,D0321,2024-08,6,12
R035,D0321,2024-09,1,0
R035,D0321,2024-10,2,3
R035,D0321,2024-11,2,0
R035,D0321,2024-12,2,3
R023,D0322,2024-01,0,0
R023,D0322,2024-02,0,0
R023,D0322,2024-03,0,0
R023,D0322,2024-04,1,3
R023,D0322,2024-05,0,0
R023,D0322,2024-06,0,0
R023,D0322,2024-07,1,1
R023,D0322,2024-08,0,0
R023,D0322,2024-09,0,0
R023,D0322,2024-10,0,0
R023,D0322,2024-11,0,0
R023,D0322,2024-12,0,0
R038,D0323,2024-01,1,3
R038,D0323,2024-02,0,0
R038,D0323,2024-03,0,0
R038,D0323,2024-04,0,0
R038,D0323,2024-05,0,0
R038,D0323,2024-06,0,0
R038,D0323,2024-07,1,3
R038,D0323,2024-08,1,3
R038,D0323,2024-09,0,0
R038,D0323,2024-10,1,2
R038,D0323,2024-11,0,0
R038,D0323,2024-12,0,0
R007,D0324,2024-01,1,0
R007,D0324,2024-02,1,3
R007,D0324,2024-03,2,6
R007,D0324,2024-04,2,0
R007,D0324,2024-05,4,10
R007,D0324,2024-06,3,6
R007,D0324,2024-07,2,3
R007,D0324,2024-08,5,13
R007,D0324,2024-09,1,2
R007,D0324,2024-10,3,8
R007,D0324,2024-11,2,2
R007,D0324,2024-12,0,0
R027,D0325,2024-01,1,0
R027,D0325,2024-02,7,18
R027,D0325,2024-03,4,6
R027,D0325,2024-04,0,0
R027,D0325,2024-05,2,0
R027,D0325,2024-06,1,0
R027,D0325,2024-07,3,8
R027,D0325,2024-08,2,3
R027,D0325,2024-09,3,2
R027,D0325,2024-10,0,0
R027,D0325,2024-11,1,2
R027,D0325,2024-12,1,1
R025,D0326,2024-01,3,6
R025,D0326,2024-02,3,1
R025,D0326,2024-03,1,1
R025,D0326,2024-04,2,4
R025,D0326,2024-05,3,4
R025,D0326,2024-06,2,4
R025,D0326,2024-07,0,0
R025,D0326,2024-08,2,5
R025,D0326,2024-09,1,3
R025,D0326,2024-10,1,1
R025,D0326,2024-11,1,1
R025,D0326,2024-12,1,1
R028,D0327,2024-01,2,1
R028,D0327,2024-02,2,0
R028,D0327,2024-03,6,4
R028,D0327,2024-04,2,2
R028,D0327,2024-05,5,5
R028,D0327,2024-06,4,6
R028,D0327,2024-07,1,2
R028,D0327,2024-08,1,1
R028,D0327,2024-09,0,0
R028,D0327,2024-10,2,1
R028,D0327,2024-11,1,1
R028,D0327,2024-12,0,0
R053,D0328,2024-01,2,1
R053,D0328,2024-02,1,1
R053,D0328,2024-03,4,0
R053,D0328,2024-04,1,3
R053,D0328,2024-05,5,12
R053,D0328,2024-06,1,1
R053,D0328,2024-07,0,0
R053,D0328,2024-08,7,21
R053,D0328,2024-09,0,0
R053,D0328,2024-10,3,1
R053,D0328,2024-11,1,0
R053,D0328,2024-12,3,1
R051,D0329,2024-01,1,1
R051,D0329,2024-02,4,7
R051,D0329,2024-03,3,1
R051,D0329,2024-04,3,6
R051,D0329,2024-05,4,11
R051,D0329,2024-06,5,11
R051,D0329,2024-07,4,5
R051,D0329,2024-08,3,2
R051,D0329,2024-09,1,0
R051,D0329,2024-10,3,2
R051,D0329,2024-11,5,15
R051,D0329,2024-12,4,1
R003,D0330,2024-01,6,4
R003,D0330,2024-02,3,3
R003,D0330,2024-03,5,3
R003,D0330,2024-04,0,0
R003,D0330,2024-05,3,4
R003,D0330,2024-06,4,8
R003,D0330,2024-07,5,11
R003,D0330,2024-08,3,4
R003,D0330,2024-09,2,6
R003,D0330,2024-10,9,17
R003,D0330,2024-11,7,15
R003,D0330,2024-12,3,4
R039,D0331,2024-01,3,7
R039,D0331,2024-02,3,9
R039,D0331,2024-03,2,5
R039,D0331,2024-04,8,11
R039,D0331,2024-05,4,3
R039,D0331,2024-06,0,0
R039,D0331,2024-07,1,2
R039,D0331,2024-08,3,1
R039,D0331,2024-09,6,1
R039,D0331,2024-10,5,5
R039,D0331,2024-11,3,9
R039,D0331,2024-12,1,1
R005,D0332,2024-01,3,0
R005,D0332,2024-02,4,2
R005,D0332,2024-03,8,20
R005,D0332,2024-04,5,13
R005,D0332,2024-05,3,3
R005,D0332,2024-06,3,4
R005,D0332,2024-07,2,2
R005,D0332,2024-08,5,5
R005,D0332,2024-09,3,8
R005,D0332,2024-10,4,2
R005,D0332,2024-11,4,3
R005,D0332,2024-12,2,1
R006,D0333,2024-01,4,11
R006,D0333,2024-02,2,1
R006,D0333,2024-03,3,4
R006,D0333,2024-04,0,0
R006,D0333,2024-05,6,7
R006,D0333,2024-06,2,5
R006,D0333,2024-07,4,3
R006,D0333,2024-08,4,7
R006,D0333,2024-09,6,15
R006,D0333,2024-10,4,6
R006,D0333,2024-11,2,1
R006,D0333,2024-12,1,1
R024,D0334,2024-01,10,5
R024,D0334,2024-02,4,3
R024,D0334,2024-03,5,9
R024,D0334,2024-04,4,9
R024,D0334,2024-05,5,7
R024,D0334,2024-06,1,3
R024,D0334,2024-07,2,5
R024,D0334,2024-08,1,2
R024,D0334,2024-09,3,5
R024,D0334,2024-10,2,6
R024,D0334,2024-11,3,4
R024,D0334,2024-12,3,4
R050,D0335,2024-01,6,18
R050,D0335,2024-02,2,6
R050,D0335,2024-03,7,1
R050,D0335,2024-04,3,8
R050,D0335,2024-05,3,7
R050,D0335,2024-06,5,0
R050,D0335,2024-07,2,0
R050,D0335,2024-08,5,2
R050,D0335,2024-09,5,9
R050,D0335,2024-10,2,4
R050,D0335,2024-11,5,5
R050,D0335,2024-12,7,13
R035,D0336,2024-01,3,4
R035,D0336,2024-02,2,6
R035,D0336,2024-03,3,7
R035,D0336,2024-04,1,2
R035,D0336,2024-05,2,1
R035,D0336,2024-06,7,13
R035,D0336,2024-07,2,4
R035,D0336,2024-08,1,2
R035,D0336,2024-09,5,3
R035,D0336,2024-10,2,6
R035,D0336,2024-11,5,10
R035,D0336,2024-12,3,1
R033,D0337,2024-01,6,10
R033,D0337,2024-02,6,16
R033,D0337,2024-03,4,11
R033,D0337,2024-04,1,0
R033,D0337,2024-05,5,9
R033,D0337,2024-06,3,6
R033,D0337,2024-07,9,3
R033,D0337,2024-08,6,10
R033,D0337,2024-09,7,4
R033,D0337,2024-10,6,12
R033,D0337,2024-11,1,1
R033,D0337,2024-12,2,1
R043,D0338,2024-01,3,2
R043,D0338,2024-02,1,2
R043,D0338,2024-03,4,0
R043,D0338,2024-04,5,2
R043,D0338,2024-05,1,1
R043,D0338,2024-06,2,0
R043,D0338,2024-07,1,3
R043,D0338,2024-08,4,10
R043,D0338,2024-09,3,9
R043,D0338,2024-10,1,1
R043,D0338,2024-11,3,7
R043,D0338,2024-12,5,11
R027,D0339,2024-01,0,0
R027,D0339,2024-02,0,0
R027,D0339,2024-03,2,3
R027,D0339,2024-04,0,0
R027,D0339,2024-05,0,0
R027,D0339,2024-06,0,0
R027,D0339,2024-07,0,0
R027,D0339,2024-08,0,0
R027,D0339,2024-09,0,0
R027,D0339,2024-10,0,0
R027,D0339,2024-11,0,0
R027,D0339,2024-12,0,0
R024,D0340,2024-01,4,7
R024,D0340,2024-02,1,2
R024,D0340,2024-03,2,4
R024,D0340,2024-04,3,6
R024,D0340,2024-05,2,4
R024,D0340,2024-06,1,3
R024,D0340,2024-07,1,3
R024,D0340,2024-08,2,5
R024,D0340,2024-09,0,0
R024,D0340,2024-10,1,0
R024,D0340,2024-11,2,0
R024,D0340,2024-12,1,3
R037,D0341,2024-01,2,1
R037,D0341,2024-02,3,8
R037,D0341,2024-03,1,2
R037,D0341,2024-04,4,9
R037,D0341,2024-05,0,0
R037,D0341,2024-06,3,7
R037,D0341,2024-07,4,11
R037,D0341,2024-08,5,11
R037,D0341,2024-09,1,1
R037,D0341,2024-10,2,1
R037,D0341,2024-11,5,11
R037,D0341,2024-12,4,11
R009,D0342,2024-01,2,5
R009,D0342,2024-02,3,3
R009,D0342,2024-03,4,0
R009,D0342,2024-04,2,3
R009,D0342,2024-05,3,6
R009,D0342,2024-06,2,1
R009,D0342,2024-07,1,0
R009,D0342,2024-08,2,6
R009,D0342,2024-09,1,2
R009,D0342,2024-10,4,7
R009,D0342,2024-11,1,1
R009,D0342,2024-12,6,12
R046,D0343,2024-01,4,2
R046,D0343,2024-02,2,0
R046,D0343,2024-03,2,1
R046,D0343,2024-04,8,1
R046,D0343,2024-05,0,0
R046,D0343,2024-06,3,3
R046,D0343,2024-07,1,3
R046,D0343,2024-08,3,3
R046,D0343,2024-09,1,0
R046,D0343,2024-10,2,0
R046,D0343,2024-11,2,6
R046,D0343,2024-12,1,3
R022,D0344,2024-01,0,0
R022,D0344,2024-02,0,0
R022,D0344,2024-03,0,0
R022,D0344,2024-04,0,0
R022,D0344,2024-05,0,0
R022,D0344,2024-06,0,0
R022,D0344,2024-07,0,0
R022,D0344,2024-08,0,0
R022,D0344,2024-09,0,0
R022,D0344,2024-10,0,0
R022,D0344,2024-11,0,0
R022,D0344,2024-12,0,0
R033,D0345,2024-01,2,5
R033,D0345,2024-02,0,0
R033,D0345,2024-03,2,6
R033,D0345,2024-04,8,15
R033,D0345,2024-05,1,2
R033,D0345,2024-06,9,12
R033,D0345,2024-07,5,4
R033,D0345,2024-08,1,2
R033,D0345,2024-09,6,3
R033,D0345,2024-10,2,3
R033,D0345,2024-11,1,3
R033,D0345,2024-12,7,2
R051,D0346,2024-01,1,3
R051,D0346,2024-02,5,2
R051,D0346,2024-03,7,12
R051,D0346,2024-04,9,16
R051,D0346,2024-05,6,0
R051,D0346,2024-06,7,1
R051,D0346,2024-07,4,12
R051,D0346,2024-08,7,21
R051,D0346,2024-09,4,12
R051,D0346,2024-10,4,4
R051,D0346,2024-11,7,16
R051,D0346,2024-12,4,10
R045,D0347,2024-01,0,0
R045,D0347,2024-02,0,0
R045,D0347,2024-03,0,0
R045,D0347,2024-04,1,3
R045,D0347,2024-05,0,0
R045,D0347,2024-06,0,0
R045,D0347,2024-07,0,0
R045,D0347,2024-08,0,0
R045,D0347,2024-09,0,0
R045,D0347,2024-10,0,0
R045,D0347,2024-11,0,0
R045,D0347,2024-12,0,0
R045,D0348,2024-01,2,2
R045,D0348,2024-02,1,3
R045,D0348,2024-03,3,5
R045,D0348,2024-04,2,6
R045,D0348,2024-05,2,0
R045,D0348,2024-06,4,2
R045,D0348,2024-07,2,1
R045,D0348,2024-08,1,3
R045,D0348,2024-09,3,2
R045,D0348,2024-10,3,2
R045,D0348,2024-11,4,6
R045,D0348,2024-12,5,13
R047,D0349,2024-01,1,1
R047,D0349,2024-02,7,17
R047,D0349,2024-03,6,17
R047,D0349,2024-04,8,5
R047,D0349,2024-05,6,2
R047,D0349,2024-06,0,0
R047,D0349,2024-07,3,6
R047,D0349,2024-08,4,0
R047,D0349,2024-09,6,16
R047,D0349,2024-10,6,7
R047,D0349,2024-11,3,4
R047,D0349,2024-12,5,2
R012,D0350,2024-01,3,5
R012,D0350,2024-02,1,0
R012,D0350,2024-03,1,0
R012,D0350,2024-04,3,7
R012,D0350,2024-05,2,4
R012,D0350,2024-06,0,0
R012,D0350,2024-07,0,0
R012,D0350,2024-08,1,3
R012,D0350,2024-09,2,3
R012,D0350,2024-10,1,0
R012,D0350,2024-11,2,3
R012,D0350,2024-12,0,0
R025,D0351,2024-01,4,1
R025,D0351,2024-02,3,0
R025,D0351,2024-03,1,0
R025,D0351,2024-04,0,0
R025,D0351,2024-05,4,11
R025,D0351,2024-06,1,0
R025,D0351,2024-07,1,3
R025,D0351,2024-08,1,1
R025,D0351,2024-09,1,3
R025,D0351,2024-10,1,1
R025,D0351,2024-11,3,5
R025,D0351,2024-12,4,2
R046,D0352,2024-01,1,3
R046,D0352,2024-02,5,11
R046,D0352,2024-03,4,9
R046,D0352,2024-04,3,2
R046,D0352,2024-05,3,3
R046,D0352,2024-06,2,2
R046,D0352,2024-07,2,2
R046,D0352,2024-08,3,7
R046,D0352,2024-09,3,3
R046,D0352,2024-10,6,4
R046,D0352,2024-11,4,2
R046,D0352,2024-12,5,8
R018,D0353,2024-01,4,10
R018,D0353,2024-02,2,6
R018,D0353,2024-03,2,2
R018,D0353,2024-04,2,2
R018,D0353,2024-05,0,0
R018,D0353,2024-06,1,0
R018,D0353,2024-07,4,8
R018,D0353,2024-08,1,3
R018,D0353,2024-09,2,5
R018,D0353,2024-10,4,2
R018,D0353,2024-11,0,0
R018,D0353,2024-12,3,8
R021,D0354,2024-01,0,0
R021,D0354,2024-02,0,0
R021,D0354,2024-03,1,2
R021,D0354,2024-04,0,0
R021,D0354,2024-05,0,0
R021,D0354,2024-06,0,0
R021,D0354,2024-07,1,3
R021,D0354,2024-08,0,0
R021,D0354,2024-09,0,0
R021,D0354,2024-10,0,0
R021,D0354,2024-11,0,0
R021,D0354,2024-12,0,0
R046,D0355,2024-01,0,0
R046,D0355,2024-02,1,3
R046,D0355,2024-03,0,0
R046,D0355,2024-04,0,0
R046,D0355,2024-05,1,1
R046,D0355,2024-06,0,0
R046,D0355,2024-07,0,0
R046,D0355,2024-08,1,2
R046,D0355,2024-09,0,0
R046,D0355,2024-10,1,2
R046,D0355,2024-11,0,0
R046,D0355,2024-12,0,0
R041,D0356,2024-01,2,4
R041,D0356,2024-02,1,3
R041,D0356,2024-03,1,3
R041,D0356,2024-04,2,6
R041,D0356,2024-05,0,0
R041,D0356,2024-06,2,0
R041,D0356,2024-07,0,0
R041,D0356,2024-08,0,0
R041,D0356,2024-09,4,9
R041,D0356,2024-10,3,4
R041,D0356,2024-11,2,2
R041,D0356,2024-12,2,3
R018,D0357,2024-01,3,6
R018,D0357,2024-02,3,4
R018,D0357,2024-03,4,8
R018,D0357,2024-04,2,2
R018,D0357,2024-05,2,0
R018,D0357,2024-06,5,8
R018,D0357,2024-07,2,3
R018,D0357,2024-08,3,9
R018,D0357,2024-09,3,1
R018,D0357,2024-10,2,3
R018,D0357,2024-11,6,17
R018,D0357,2024-12,1,0
R004,D0358,2024-01,0,0
R004,D0358,2024-02,0,0
R004,D0358,2024-03,0,0
R004,D0358,2024-04,0,0
R004,D0358,2024-05,0,0
R004,D0358,2024-06,1,3
R004,D0358,2024-07,0,0
R004,D0358,2024-08,1,3
R004,D0358,2024-09,0,0
R004,D0358,2024-10,0,0
R004,D0358,2024-11,0,0
R004,D0358,2024-12,1,0
R028,D0359,2024-01,1,3
R028,D0359,2024-02,6,18
R028,D0359,2024-03,2,3
R028,D0359,2024-04,3,2
R028,D0359,2024-05,2,5
R028,D0359,2024-06,0,0
R028,D0359,2024-07,2,6
R028,D0359,2024-08,0,0
R028,D0359,2024-09,1,1
R028,D0359,2024-10,1,3
R028,D0359,2024-11,2,3
R028,D0359,2024-12,0,0
R047,D0360,2024-01,2,5
R047,D0360,2024-02,4,9
R047,D0360,2024-03,6,1
R047,D0360,2024-04,1,3
R047,D0360,2024-05,2,0
R047,D0360,2024-06,5,2
R047,D0360,2024-07,2,3
R047,D0360,2024-08,4,7
R047,D0360,2024-09,1,1
R047,D0360,2024-10,1,0
R047,D0360,2024-11,2,3
R047,D0360,2024-12,6,2
R035,D0361,2024-01,2,0
R035,D0361,2024-02,1,2
R035,D0361,2024-03,3,1
R035,D0361,2024-04,2,0
R035,D0361,2024-05,1,2
R035,D0361,2024-06,0,0
R035,D0361,2024-07,3,7
R035,D0361,2024-08,1,0
R035,D0361,2024-09,6,16
R035,D0361,2024-10,2,4
R035,D0361,2024-11,3,5
R035,D0361,2024-12,1,0
R010,D0362,2024-01,5,14
R010,D0362,2024-02,6,1
R010,D0362,2024-03,5,1
R010,D0362,2024-04,8,6
R010,D0362,2024-05,5,7
R010,D0362,2024-06,2,3
R010,D0362,2024-07,2,2
R010,D0362,2024-08,3,4
R010,D0362,2024-09,3,7
R010,D0362,2024-10,5,2
R010,D0362,2024-11,2,3
R010,D0362,2024-12,4,4
R028,D0363,2024-01,5,5
R028,D0363,2024-02,2,4
R028,D0363,2024-03,4,12
R028,D0363,2024-04,1,3
R028,D0363,2024-05,6,5
R028,D0363,2024-06,0,0
R028,D0363,2024-07,2,5
R028,D0363,2024-08,0,0
R028,D0363,2024-09,2,1
R028,D0363,2024-10,1,1
R028,D0363,2024-11,1,1
R028,D0363,2024-12,0,0
R026,D0364,2024-01,3,1
R026,D0364,2024-02,4,10
R026,D0364,2024-03,7,16
R026,D0364,2024-04,6,12
R026,D0364,2024-05,3,3
R026,D0364,2024-06,2,5
R026,D0364,2024-07,3,3
R026,D0364,2024-08,1,1
R026,D0364,2024-09,2,0
R026,D0364,2024-10,2,5
R026,D0364,2024-11,1,3
R026,D0364,2024-12,0,0
R036,D0365,2024-01,4,2
R036,D0365,2024-02,0,0
R036,D0365,2024-03,1,2
R036,D0365,2024-04,3,4
R036,D0365,2024-05,1,2
R036,D0365,2024-06,2,0
R036,D0365,2024-07,8,15
R036,D0365,2024-08,4,3
R036,D0365,2024-09,4,3
R036,D0365,2024-10,1,3
R036,D0365,2024-11,3,1
R036,D0365,2024-12,4,9
R036,D0366,2024-01,3,1
R036,D0366,2024-02,3,0
R036,D0366,2024-03,0,0
R036,D0366,2024-04,4,10
R036,D0366,2024-05,5,10
R036,D0366,2024-06,3,0
R036,D0366,2024-07,5,12
R036,D0366,2024-08,1,1
R036,D0366,2024-09,10,16
R036,D0366,2024-10,3,5
R036,D0366,2024-11,0,0
R036,D0366,2024-12,2,4
R016,D0367,2024-01,4,10
R016,D0367,2024-02,7,9
R016,D0367,2024-03,6,11
R016,D0367,2024-04,9,10
R016,D0367,2024-05,5,14
R016,D0367,2024-06,5,10
R016,D0367,2024-07,2,5
R016,D0367,2024-08,2,3
R016,D0367,2024-09,5,11
R016,D0367,2024-10,10,16
R016,D0367,2024-11,6,0
R016,D0367,2024-12,7,13
R034,D0368,2024-01,3,8
R034,D0368,2024-02,6,9
R034,D0368,2024-03,1,2
R034,D0368,2024-04,3,1
R034,D0368,2024-05,5,10
R034,D0368,2024-06,3,4
R034,D0368,2024-07,3,8
R034,D0368,2024-08,3,7
R034,D0368,2024-09,3,3
R034,D0368,2024-10,0,0
R034,D0368,2024-11,3,4
R034,D0368,2024-12,5,10
R026,D0369,2024-01,0,0
R026,D0369,2024-02,0,0
R026,D0369,2024-03,0,0
R026,D0369,2024-04,0,0
R026,D0369,2024-05,0,0
R026,D0369,2024-06,0,0
R026,D0369,2024-07,0,0
R026,D0369,2024-08,0,0
R026,D0369,2024-09,0,0
R026,D0369,2024-10,0,0
R026,D0369,2024-11,0,0
R026,D0369,2024-12,0,0
R005,D0370,2024-01,5,6
R005,D0370,2024-02,7,10
R005,D0370,2024-03,8,13
R005,D0370,2024-04,4,0
R005,D0370,2024-05,9,19
R005,D0370,2024-06,9,18
R005,D0370,2024-07,4,8
R005,D0370,2024-08,8,1
R005,D0370,2024-09,5,8
R005,D0370,2024-10,5,10
R005,D0370,2024-11,6,0
R005,D0370,2024-12,7,16
R026,D0371,2024-01,3,8
R026,D0371,2024-02,2,2
R026,D0371,2024-03,1,2
R026,D0371,2024-04,5,15
R026,D0371,2024-05,5,2
R026,D0371,2024-06,1,3
R026,D0371,2024-07,0,0
R026,D0371,2024-08,2,4
R026,D0371,2024-09,1,0
R026,D0371,2024-10,1,2
R026,D0371,2024-11,1,3
R026,D0371,2024-12,2,0
R010,D0372,2024-01,4,11
R010,D0372,2024-02,2,5
R010,D0372,2024-03,4,1
R010,D0372,2024-04,7,2
R010,D0372,2024-05,5,3
R010,D0372,2024-06,1,2
R010,D0372,2024-07,6,0
R010,D0372,2024-08,2,6
R010,D0372,2024-09,5,13
R010,D0372,2024-10,5,2
R010,D0372,2024-11,5,14
R010,D0372,2024-12,4,11
R012,D0373,2024-01,1,3
R012,D0373,2024-02,0,0
R012,D0373,2024-03,0,0
R012,D0373,2024-04,0,0
R012,D0373,2024-05,0,0
R012,D0373,2024-06,1,0
R012,D0373,2024-07,2,6
R012,D0373,2024-08,1,0
R012,D0373,2024-09,0,0
R012,D0373,2024-10,0,0
R012,D0373,2024-11,0,0
R012,D0373,2024-12,0,0
R014,D0374,2024-01,3,2
R014,D0374,2024-02,11,10
R014,D0374,2024-03,5,13
R014,D0374,2024-04,5,9
R014,D0374,2024-05,2,3
R014,D0374,2024-06,6,5
R014,D0374,2024-07,2,6
R014,D0374,2024-08,3,9
R014,D0374,2024-09,0,0
R014,D0374,2024-10,5,10
R014,D0374,2024-11,8,23
R014,D0374,2024-12,4,10
R050,D0375,2024-01,3,1
R050,D0375,2024-02,3,5
R050,D0375,2024-03,6,2
R050,D0375,2024-04,5,7
R050,D0375,2024-05,3,9
R050,D0375,2024-06,7,6
R050,D0375,2024-07,4,9
R050,D0375,2024-08,5,6
R050,D0375,2024-09,2,3
R050,D0375,2024-10,6,0
R050,D0375,2024-11,5,13
R050,D0375,2024-12,5,12
R002,D0376,2024-01,5,10
R002,D0376,2024-02,2,0
R002,D0376,2024-03,2,2
R002,D0376,2024-04,3,8
R002,D0376,2024-05,4,10
R002,D0376,2024-06,3,4
R002,D0376,2024-07,6,7
R002,D0376,2024-08,6,17
R002,D0376,2024-09,6,9
R002,D0376,2024-10,2,3
R002,D0376,2024-11,3,0
R002,D0376,2024-12,5,6
R047,D0377,2024-01,5,3
R047,D0377,2024-02,7,10
R047,D0377,2024-03,7,8
R047,D0377,2024-04,2,4
R047,D0377,2024-05,2,6
R047,D0377,2024-06,4,0
R047,D0377,2024-07,1,3
R047,D0377,2024-08,7,21
R047,D0377,2024-09,3,8
R047,D0377,2024-10,3,2
R047,D0377,2024-11,0,0
R047,D0377,2024-12,3,8
R020,D0378,2024-01,6,9
R020,D0378,2024-02,7,10
R020,D0378,2024-03,5,10
R020,D0378,2024-04,7,16
R020,D0378,2024-05,9,20
R020,D0378,2024-06,1,0
R020,D0378,2024-07,6,15
R020,D0378,2024-08,11,3
R020,D0378,2024-09,8,9
R020,D0378,2024-10,9,14
R020,D0378,2024-11,6,9
R020,D0378,2024-12,8,4
R050,D0379,2024-01,8,3
R050,D0379,2024-02,4,1
R050,D0379,2024-03,5,13
R050,D0379,2024-04,7,12
R050,D0379,2024-05,5,5
R050,D0379,2024-06,5,15
R050,D0379,2024-07,4,9
R050,D0379,2024-08,5,8
R050,D0379,2024-09,2,0
R050,D0379,2024-10,6,16
R050,D0379,2024-11,3,3
R050,D0379,2024-12,1,3
R009,D0380,2024-01,4,9
R009,D0380,2024-02,3,6
R009,D0380,2024-03,3,3
R009,D0380,2024-04,6,7
R009,D0380,2024-05,3,1
R009,D0380,2024-06,7,6
R009,D0380,2024-07,1,1
R009,D0380,2024-08,3,8
R009,D0380,2024-09,8,12
R009,D0380,2024-10,9,15
R009,D0380,2024-11,7,11
R009,D0380,2024-12,5,0
R036,D0381,2024-01,0,0
R036,D0381,2024-02,0,0
R036,D0381,2024-03,0,0
R036,D0381,2024-04,1,3
R036,D0381,2024-05,0,0
R036,D0381,2024-06,0,0
R036,D0381,2024-07,2,2
R036,D0381,2024-08,0,0
R036,D0381,2024-09,0,0
R036,D0381,2024-10,0,0
R036,D0381,2024-11,0,0
R036,D0381,2024-12,1,1
R024,D0382,2024-01,0,0
R024,D0382,2024-02,1,1
R024,D0382,2024-03,1,2
R024,D0382,2024-04,0,0
R024,D0382,2024-05,1,0
R024,D0382,2024-06,0,0
R024,D0382,2024-07,1,0
R024,D0382,2024-08,3,7
R024,D0382,2024-09,0,0
R024,D0382,2024-10,0,0
R024,D0382,2024-11,0,0
R024,D0382,2024-12,0,0
R016,D0383,2024-01,0,0
R016,D0383,2024-02,3,1
R016,D0383,2024-03,0,0
R016,D0383,2024-04,3,0
R016,D0383,2024-05,4,11
R016,D0383,2024-06,3,5
R016,D0383,2024-07,3,0
R016,D0383,2024-08,4,11
R016,D0383,2024-09,0,0
R016,D0383,2024-10,4,10
R016,D0383,2024-11,1,2
R016,D0383,2024-12,5,11
R022,D0384,2024-01,0,0
R022,D0384,2024-02,0,0
R022,D0384,2024-03,0,0
R022,D0384,2024-04,1,1
R022,D0384,2024-05,1,1
R022,D0384,2024-06,1,0
R022,D0384,2024-07,0,0
R022,D0384,2024-08,0,0
R022,D0384,2024-09,0,0
R022,D0384,2024-10,0,0
R022,D0384,2024-11,0,0
R022,D0384,2024-12,0,0
R024,D0385,2024-01,2,0
R024,D0385,2024-02,0,0
R024,D0385,2024-03,1,3
R024,D0385,2024-04,0,0
R024,D0385,2024-05,0,0
R024,D0385,2024-06,0,0
R024,D0385,2024-07,0,0
R024,D0385,2024-08,0,0
R024,D0385,2024-09,0,0
R024,D0385,2024-10,1,0
R024,D0385,2024-11,0,0
R024,D0385,2024-12,0,0
R033,D0386,2024-01,1,0
R033,D0386,2024-02,2,2
R033,D0386,2024-03,2,1
R033,D0386,2024-04,0,0
R033,D0386,2024-05,0,0
R033,D0386,2024-06,1,3
R033,D0386,2024-07,0,0
R033,D0386,2024-08,0,0
R033,D0386,2024-09,0,0
R033,D0386,2024-10,1,2
R033,D0386,2024-11,0,0
R033,D0386,2024-12,0,0
R041,D0387,2024-01,5,12
R041,D0387,2024-02,2,4
R041,D0387,2024-03,0,0
R041,D0387,2024-04,3,8
R041,D0387,2024-05,4,4
R041,D0387,2024-06,4,7
R041,D0387,2024-07,7,14
R041,D0387,2024-08,1,1
R041,D0387,2024-09,2,0
R041,D0387,2024-10,6,6
R041,D0387,2024-11,4,4
R041,D0387,2024-12,2,5
R013,D0388,2024-01,6,6
R013,D0388,2024-02,1,1
R013,D0388,2024-03,2,5
R013,D0388,2024-04,6,8
R013,D0388,2024-05,5,10
R013,D0388,2024-06,6,4
R013,D0388,2024-07,4,4
R013,D0388,2024-08,4,9
R013,D0388,2024-09,7,18
R013,D0388,2024-10,4,2
R013,D0388,2024-11,4,1
R013,D0388,2024-12,4,3
R022,D0389,2024-01,4,2
R022,D0389,2024-02,4,2
R022,D0389,2024-03,5,13
R022,D0389,2024-04,5,0
R022,D0389,2024-05,4,1
R022,D0389,2024-06,4,11
R022,D0389,2024-07,2,1
R022,D0389,2024-08,0,0
R022,D0389,2024-09,4,7
R022,D0389,2024-10,1,1
R022,D0389,2024-11,4,10
R022,D0389,2024-12,3,8
R002,D0390,2024-01,0,0
R002,D0390,2024-02,1,1
R002,D0390,2024-03,0,0
R002,D0390,2024-04,2,3
R002,D0390,2024-05,0,0
R002,D0390,2024-06,5,7
R002,D0390,2024-07,0,0
R002,D0390,2024-08,0,0
R002,D0390,2024-09,0,0
R002,D0390,2024-10,0,0
R002,D0390,2024-11,3,1
R002,D0390,2024-12,0,0
R018,D0391,2024-01,5,2
R018,D0391,2024-02,2,3
R018,D0391,2024-03,4,7
R018,D0391,2024-04,4,9
R018,D0391,2024-05,1,3
R018,D0391,2024-06,4,2
R018,D0391,2024-07,3,3
R018,D0391,2024-08,3,4
R018,D0391,2024-09,2,5
R018,D0391,2024-10,3,2
R018,D0391,2024-11,5,15
R018,D0391,2024-12,4,7
R021,D0392,2024-01,5,3
R021,D0392,2024-02,0,0
R021,D0392,2024-03,2,2
R021,D0392,2024-04,3,3
R021,D0392,2024-05,3,6
R021,D0392,2024-06,2,6
R021,D0392,2024-07,2,0
R021,D0392,2024-08,0,0
R021,D0392,2024-09,1,0
R021,D0392,2024-10,1,2
R021,D0392,2024-11,2,3
R021,D0392,2024-12,1,0
R048,D0393,2024-01,3,4
R048,D0393,2024-02,3,0
R048,D0393,2024-03,0,0
R048,D0393,2024-04,2,6
R048,D0393,2024-05,0,0
R048,D0393,2024-06,2,4
R048,D0393,2024-07,3,5
R048,D0393,2024-08,1,2
R048,D0393,2024-09,1,1
R048,D0393,2024-10,1,2
R048,D0393,2024-11,4,10
R048,D0393,2024-12,0,0
R042,D0394,2024-01,0,0
R042,D0394,2024-02,2,2
R042,D0394,2024-03,1,1
R042,D0394,2024-04,2,4
R042,D0394,2024-05,3,9
R042,D0394,2024-06,2,2
R042,D0394,2024-07,0,0
R042,D0394,2024-08,1,0
R042,D0394,2024-09,3,2
R042,D0394,2024-10,2,3
R042,D0394,2024-11,3,2
R042,D0394,2024-12,2,5
R044,D0395,2024-01,0,0
R044,D0395,2024-02,1,1
R044,D0395,2024-03,0,0
R044,D0395,2024-04,0,0
R044,D0395,2024-05,0,0
R044,D0395,2024-06,1,3
R044,D0395,2024-07,1,2
R044,D0395,2024-08,0,0
R044,D0395,2024-09,0,0
R044,D0395,2024-10,1,2
R044,D0395,2024-11,0,0
R044,D0395,2024-12,0,0
R016,D0396,2024-01,4,3
R016,D0396,2024-02,5,9
R016,D0396,2024-03,6,2
R016,D0396,2024-04,3,4
R016,D0396,2024-05,3,8
R016,D0396,2024-06,5,5
R016,D0396,2024-07,4,1
R016,D0396,2024-08,4,1
R016,D0396,2024-09,4,12
R016,D0396,2024-10,3,9
R016,D0396,2024-11,6,7
R016,D0396,2024-12,3,1
R020,D0397,2024-01,1,3
R020,D0397,2024-02,3,5
R020,D0397,2024-03,2,1
R020,D0397,2024-04,1,2
R020,D0397,2024-05,1,1
R020,D0397,2024-06,5,10
R020,D0397,2024-07,3,9
R020,D0397,2024-08,3,2
R020,D0397,2024-09,2,2
R020,D0397,2024-10,2,3
R020,D0397,2024-11,1,1
R020,D0397,2024-12,2,5
R026,D0398,2024-01,2,2
R026,D0398,2024-02,2,3
R026,D0398,2024-03,2,5
R026,D0398,2024-04,3,8
R026,D0398,2024-05,2,6
R026,D0398,2024-06,1,2
R026,D0398,2024-07,0,0
R026,D0398,2024-08,1,1
R026,D0398,2024-09,3,8
R026,D0398,2024-10,0,0
R026,D0398,2024-11,0,0
R026,D0398,2024-12,1,0
R028,D0399,2024-01,3,6
R028,D0399,2024-02,5,12
R028,D0399,2024-03,5,9
R028,D0399,2024-04,4,7
R028,D0399,2024-05,2,3
R028,D0399,2024-06,3,6
R028,D0399,2024-07,0,0
R028,D0399,2024-08,2,4
R028,D0399,2024-09,4,9
R028,D0399,2024-10,3,1
R028,D0399,2024-11,1,0
R028,D0399,2024-12,0,0
R041,D0400,2024-01,0,0
R041,D0400,2024-02,1,3
R041,D0400,2024-03,1,3
R041,D0400,2024-04,0,0
R041,D0400,2024-05,4,0
R041,D0400,2024-06,1,0
R041,D0400,2024-07,1,1
R041,D0400,2024-08,2,3
R041,D0400,2024-09,1,3
R041,D0400,2024-10,4,0
R041,D0400,2024-11,0,0
R041,D0400,2024-12,2,1
